
select id as "abc" from names;
select id as "cba" from names;
select id as 'lmo' from names;
select id as 'klm' from names;
OCTO> select id as "abc" from names;
abc
0
1
2
3
4
5
(6 rows)
OCTO> select id as "cba" from names;
cba
0
1
2
3
4
5
(6 rows)
LINE 4:1: select id as 'lmo' from names;
                       ^^^^^
syntax error, unexpected LITERAL
OCTO> select id as 'lmo' from names;
LINE 5:1: select id as 'klm' from names;
                       ^^^^^
syntax error, unexpected LITERAL
OCTO> select id as 'klm' from names;
OCTO> 
