
-- TAK06 : OCTO520 : Avoid multiple plan generation when the query only differs by identifier name

-- All queries in the below list (differing column alias values) should hash to different plans
select id as ida from names;
select id as idb from names;
select id as "strlit1" from names;
select id as "strlit2" from names;

-- All queries in the below list (differing table alias values) should hash to just ONE plan
select * from names n1;
select * from names n2;
select * from names as n3;
select * from names as n4;
select * from names "strlit1";
select * from names "strlit2";
select * from names as "strlit3";
select * from names as "strlit4";

OCTO> select id as ida from names;
ida
0
1
2
3
4
5
(6 rows)
OCTO> select id as idb from names;
idb
0
1
2
3
4
5
(6 rows)
OCTO> select id as "strlit1" from names;
strlit1
0
1
2
3
4
5
(6 rows)
OCTO> select id as "strlit2" from names;
strlit2
0
1
2
3
4
5
(6 rows)
OCTO> select * from names n1;
id|firstname|lastname
0|Zero|Cool
1|Acid|Burn
2|Cereal|Killer
3|Lord|Nikon
4|Joey|
5|Zero|Cool
(6 rows)
OCTO> select * from names n2;
id|firstname|lastname
0|Zero|Cool
1|Acid|Burn
2|Cereal|Killer
3|Lord|Nikon
4|Joey|
5|Zero|Cool
(6 rows)
OCTO> select * from names as n3;
id|firstname|lastname
0|Zero|Cool
1|Acid|Burn
2|Cereal|Killer
3|Lord|Nikon
4|Joey|
5|Zero|Cool
(6 rows)
OCTO> select * from names as n4;
id|firstname|lastname
0|Zero|Cool
1|Acid|Burn
2|Cereal|Killer
3|Lord|Nikon
4|Joey|
5|Zero|Cool
(6 rows)
OCTO> select * from names "strlit1";
id|firstname|lastname
0|Zero|Cool
1|Acid|Burn
2|Cereal|Killer
3|Lord|Nikon
4|Joey|
5|Zero|Cool
(6 rows)
OCTO> select * from names "strlit2";
id|firstname|lastname
0|Zero|Cool
1|Acid|Burn
2|Cereal|Killer
3|Lord|Nikon
4|Joey|
5|Zero|Cool
(6 rows)
OCTO> select * from names as "strlit3";
id|firstname|lastname
0|Zero|Cool
1|Acid|Burn
2|Cereal|Killer
3|Lord|Nikon
4|Joey|
5|Zero|Cool
(6 rows)
OCTO> select * from names as "strlit4";
id|firstname|lastname
0|Zero|Cool
1|Acid|Burn
2|Cereal|Killer
3|Lord|Nikon
4|Joey|
5|Zero|Cool
(6 rows)
OCTO> 
