
-- column alias
-- following two queries generate syntax error from AS rule
select id as 123 from names;
select id as $1 from names;

-- following types of alias usage is not supported (parser throws error)
select id as `backtick` from names;
select id as lit.lit from names;
select id as 'quote'.'quote' from names;
select id as "quote"."quote" from names;
select id as $$dummyextrinsicfunction^something from names;

-- wrong column alias name
select idb from (select 8 as "ida");
select idb from (select 8 as 'ida');
select idb from (select 8 as ida);

-- table alias
-- following two queries generate syntax error from AS rule
select id from names as 123;
select id from names as $1;

-- following types of alias usage is not supported (parser throws error)
select id from names as `backtick`;
select id from names as lit.lit;
select id from names as 'quote'.'quote';
select id from names as "quote"."quote";
select id from names as $$dummyextrinsicfunction^something;

-- wrong table alias name
select n2.id from names as "n1";
select n2.id from names as n1;

-- shorthand alias usage --
-- column alias
-- following two queries generate syntax error from AS rule
select id 123 from names;
select id $1 from names;

-- following types of alias usage is not supported (throws error)
select id `backtick` from names;
select id lit.lit from names;
select id 'quote'.'quote' from names;
select id "quote"."quote" from names;
select id $$dummyextrinsicfunction^something from names;

-- wrong column alias name
select idb from (select 8 "ida") n1;
select idb from (select 8 'ida') n1;
select idb from (select 8 ida) n1;

-- table alias
-- following two queries generate syntax error from AS rule
select id from names 123;
select id from names $1;

-- following types of alias usage is not supported (parser throws error)
select id from names `backtick`;
select id from names lit.lit;
select id from names 'quote'.'quote';
select id from names "quote"."quote";
select id from names $$dummyextrinsicfunction^something;

-- wrong table alias name
select n2.id from names "n1";
select n2.id from names n1;

-- wrong column alias with null table alias
select idb from (select 8 "ida");
select idb from (select 8 'ida');
select idb from (select 8 ida);
LINE 2:1: select id as 123 from names;
                       ^^^
syntax error, unexpected LITERAL
LINE 3:1: select id as $1 from names;
                       ^^
syntax error, unexpected LITERAL
backtick
0
1
2
3
4
5
(6 rows)
LINE 6:1: select id as lit.lit from names;
                          ^
syntax error, unexpected PERIOD, expecting EXCEPT or UNION or SEMICOLON or ENDOFFILE
LINE 7:1: select id as 'quote'.'quote' from names;
                       ^^^^^^^
syntax error, unexpected LITERAL
LINE 8:1: select id as "quote"."quote" from names;
                              ^
syntax error, unexpected PERIOD, expecting EXCEPT or UNION or SEMICOLON or ENDOFFILE
LINE 9:1: select id as $$dummyextrinsicfunction^something from names;
                       ^^^^^^^^^^^^^^^^^^^^^^^^^^^^^^^^^^
syntax error, unexpected EXTRINSIC_FUNCTION
[ERROR]: ERR_UNKNOWN_COLUMN_NAME: Unknown column: idb
LINE 11:1: select idb from (select 8 as "ida");
                  ^^^
LINE 12:1: select idb from (select 8 as 'ida');
                                        ^^^^^
syntax error, unexpected LITERAL
[ERROR]: ERR_UNKNOWN_COLUMN_NAME: Unknown column: idb
LINE 13:1: select idb from (select 8 as ida);
                  ^^^
LINE 15:1: select id from names as 123;
                                   ^^^
syntax error, unexpected LITERAL
LINE 16:1: select id from names as $1;
                                   ^^
syntax error, unexpected LITERAL
id
0
1
2
3
4
5
(6 rows)
LINE 19:1: select id from names as lit.lit;
                                      ^
syntax error, unexpected PERIOD, expecting EXCEPT or UNION or SEMICOLON or ENDOFFILE
LINE 20:1: select id from names as 'quote'.'quote';
                                   ^^^^^^^
syntax error, unexpected LITERAL
LINE 21:1: select id from names as "quote"."quote";
                                          ^
syntax error, unexpected PERIOD, expecting EXCEPT or UNION or SEMICOLON or ENDOFFILE
LINE 22:1: select id from names as $$dummyextrinsicfunction^something;
                                   ^^^^^^^^^^^^^^^^^^^^^^^^^^^^^^^^^^
syntax error, unexpected EXTRINSIC_FUNCTION
[ERROR]: ERR_MISSING_FROM_ENTRY: Missing FROM-clause entry for table : n2
LINE 24:1: select n2.id from names as "n1";
                  ^^^^^
[ERROR]: ERR_MISSING_FROM_ENTRY: Missing FROM-clause entry for table : n2
LINE 25:1: select n2.id from names as n1;
                  ^^^^^
LINE 27:1: select id 123 from names;
                     ^^^
syntax error, unexpected LITERAL, expecting EXCEPT or UNION or SEMICOLON or ENDOFFILE
LINE 28:1: select id $1 from names;
                     ^^
syntax error, unexpected LITERAL, expecting EXCEPT or UNION or SEMICOLON or ENDOFFILE
backtick
0
1
2
3
4
5
(6 rows)
LINE 31:1: select id lit.lit from names;
                        ^
syntax error, unexpected PERIOD, expecting EXCEPT or UNION or SEMICOLON or ENDOFFILE
LINE 32:1: select id 'quote'.'quote' from names;
                     ^^^^^^^
syntax error, unexpected LITERAL, expecting EXCEPT or UNION or SEMICOLON or ENDOFFILE
LINE 33:1: select id "quote"."quote" from names;
                            ^
syntax error, unexpected PERIOD, expecting EXCEPT or UNION or SEMICOLON or ENDOFFILE
LINE 34:1: select id $$dummyextrinsicfunction^something from names;
                     ^^^^^^^^^^^^^^^^^^^^^^^^^^^^^^^^^^
syntax error, unexpected EXTRINSIC_FUNCTION, expecting EXCEPT or UNION or SEMICOLON or ENDOFFILE
[ERROR]: ERR_UNKNOWN_COLUMN_NAME: Unknown column: idb
LINE 36:1: select idb from (select 8 "ida") n1;
                  ^^^
LINE 37:1: select idb from (select 8 'ida') n1;
                                     ^^^^^
syntax error, unexpected LITERAL, expecting EXCEPT or UNION or RIGHT_PAREN
[ERROR]: ERR_UNKNOWN_COLUMN_NAME: Unknown column: idb
LINE 38:1: select idb from (select 8 ida) n1;
                  ^^^
LINE 40:1: select id from names 123;
                                ^^^
syntax error, unexpected LITERAL, expecting EXCEPT or UNION or SEMICOLON or ENDOFFILE
LINE 41:1: select id from names $1;
                                ^^
syntax error, unexpected LITERAL, expecting EXCEPT or UNION or SEMICOLON or ENDOFFILE
id
0
1
2
3
4
5
(6 rows)
LINE 44:1: select id from names lit.lit;
                                   ^
syntax error, unexpected PERIOD, expecting EXCEPT or UNION or SEMICOLON or ENDOFFILE
LINE 45:1: select id from names 'quote'.'quote';
                                ^^^^^^^
syntax error, unexpected LITERAL, expecting EXCEPT or UNION or SEMICOLON or ENDOFFILE
LINE 46:1: select id from names "quote"."quote";
                                       ^
syntax error, unexpected PERIOD, expecting EXCEPT or UNION or SEMICOLON or ENDOFFILE
LINE 47:1: select id from names $$dummyextrinsicfunction^something;
                                ^^^^^^^^^^^^^^^^^^^^^^^^^^^^^^^^^^
syntax error, unexpected EXTRINSIC_FUNCTION, expecting EXCEPT or UNION or SEMICOLON or ENDOFFILE
[ERROR]: ERR_MISSING_FROM_ENTRY: Missing FROM-clause entry for table : n2
LINE 49:1: select n2.id from names "n1";
                  ^^^^^
[ERROR]: ERR_MISSING_FROM_ENTRY: Missing FROM-clause entry for table : n2
LINE 50:1: select n2.id from names n1;
                  ^^^^^
[ERROR]: ERR_UNKNOWN_COLUMN_NAME: Unknown column: idb
LINE 52:1: select idb from (select 8 "ida");
                  ^^^
LINE 53:1: select idb from (select 8 'ida');
                                     ^^^^^
syntax error, unexpected LITERAL, expecting EXCEPT or UNION or RIGHT_PAREN
[ERROR]: ERR_UNKNOWN_COLUMN_NAME: Unknown column: idb
LINE 54:1: select idb from (select 8 ida);
                  ^^^
