
-- TBEE05 : OCTO579 : Incorrect results from SELECT/UPDATE/DELETE if prior queries with OR conditions errored out

select '
 -- Test https://gitlab.com/YottaDB/DBMS/YDBOcto/-/issues/579#note_1105838798
 -- Expect first and third select to output 2 rows and second select to issue ERR_SUBQUERY_MULTIPLE_ROWS error';
select * from names where firstname = 'Joey' or firstname = (select firstname from names where firstname = 'Acid');
select * from names where firstname = 'Joey' or firstname = (select firstname from names where firstname = 'Zero');
select * from names where firstname = 'Joey' or firstname = (select firstname from names where firstname = 'Acid');

select '
 -- Test https://gitlab.com/YottaDB/DBMS/YDBOcto/-/issues/579#note_1102236999
 -- Expect both update commands to issue ERR_DUPLICATE_KEY_VALUE error';
create table tmp (id1 integer, id2 integer, id3 integer, id4 integer primary key);
insert into tmp values (5, 6, 0, 3);
insert into tmp values (1, 7, 5, 5);
update tmp set id2 = 4, id3 = 2, id4 = 1 where (id3 != 0) and (id1 in (1)) or (id1 != 7);
update tmp set id1 = 6, id2 = 1, id4 = 0 where (id4 < 7) or (id4 in (1, 2, 3)) and (id3 in (1, 2));
drop table tmp;

select '
 -- Test https://gitlab.com/YottaDB/DBMS/YDBOcto/-/issues/579#note_1100898908
 -- Expect both delete commands to report DELETE 2';
create table tmp (id1 integer primary key);
insert into tmp values (6);
insert into tmp values (0);
delete from tmp where (id1 != 3) or (id1 > 0);
select * from tmp;
delete from tmp;
insert into tmp values (6);
insert into tmp values (0);
update tmp set id1 = 2 where (id1 = 4) or (id1 != 5);
select * from tmp;
delete from tmp where (id1 != 3) or (id1 > 0);
select * from tmp;
drop table tmp;

OCTO> select '
 -- Test https://gitlab.com/YottaDB/DBMS/YDBOcto/-/issues/579#note_1105838798
 -- Expect first and third select to output 2 rows and second select to issue ERR_SUBQUERY_MULTIPLE_ROWS error';
???

 -- Test https://gitlab.com/YottaDB/DBMS/YDBOcto/-/issues/579#note_1105838798
 -- Expect first and third select to output 2 rows and second select to issue ERR_SUBQUERY_MULTIPLE_ROWS error
(1 row)
OCTO> select * from names where firstname = 'Joey' or firstname = (select firstname from names where firstname = 'Acid');
id|firstname|lastname
4|Joey|
1|Acid|Burn
(2 rows)
OCTO> select * from names where firstname = 'Joey' or firstname = (select firstname from names where firstname = 'Zero');
[ERROR]: ERR_SUBQUERY_MULTIPLE_ROWS: More than one row returned by a subquery used as an expression
OCTO> select * from names where firstname = 'Joey' or firstname = (select firstname from names where firstname = 'Acid');
id|firstname|lastname
4|Joey|
1|Acid|Burn
(2 rows)
OCTO> select '
 -- Test https://gitlab.com/YottaDB/DBMS/YDBOcto/-/issues/579#note_1102236999
 -- Expect both update commands to issue ERR_DUPLICATE_KEY_VALUE error';
???

 -- Test https://gitlab.com/YottaDB/DBMS/YDBOcto/-/issues/579#note_1102236999
 -- Expect both update commands to issue ERR_DUPLICATE_KEY_VALUE error
(1 row)
OCTO> create table tmp (id1 integer, id2 integer, id3 integer, id4 integer primary key);
CREATE TABLE
OCTO> insert into tmp values (5, 6, 0, 3);
INSERT 0 1
OCTO> insert into tmp values (1, 7, 5, 5);
INSERT 0 1
OCTO> update tmp set id2 = 4, id3 = 2, id4 = 1 where (id3 != 0) and (id1 in (1)) or (id1 != 7);
[ERROR]: ERR_DUPLICATE_KEY_VALUE: Duplicate Key Value violates UNIQUE constraint "tmp_pkey" : Key (id4)=(1) already exists
OCTO> update tmp set id1 = 6, id2 = 1, id4 = 0 where (id4 < 7) or (id4 in (1, 2, 3)) and (id3 in (1, 2));
[ERROR]: ERR_DUPLICATE_KEY_VALUE: Duplicate Key Value violates UNIQUE constraint "tmp_pkey" : Key (id4)=(0) already exists
OCTO> drop table tmp;
DROP TABLE
OCTO> select '
 -- Test https://gitlab.com/YottaDB/DBMS/YDBOcto/-/issues/579#note_1100898908
 -- Expect both delete commands to report DELETE 2';
???

 -- Test https://gitlab.com/YottaDB/DBMS/YDBOcto/-/issues/579#note_1100898908
 -- Expect both delete commands to report DELETE 2
(1 row)
OCTO> create table tmp (id1 integer primary key);
CREATE TABLE
OCTO> insert into tmp values (6);
INSERT 0 1
OCTO> insert into tmp values (0);
INSERT 0 1
OCTO> delete from tmp where (id1 != 3) or (id1 > 0);
DELETE 2
OCTO> select * from tmp;
id1
(0 rows)
OCTO> delete from tmp;
DELETE 0
OCTO> insert into tmp values (6);
INSERT 0 1
OCTO> insert into tmp values (0);
INSERT 0 1
OCTO> update tmp set id1 = 2 where (id1 = 4) or (id1 != 5);
[ERROR]: ERR_DUPLICATE_KEY_VALUE: Duplicate Key Value violates UNIQUE constraint "tmp_pkey" : Key (id1)=(2) already exists
OCTO> select * from tmp;
id1
0
6
(2 rows)
OCTO> delete from tmp where (id1 != 3) or (id1 > 0);
DELETE 2
OCTO> select * from tmp;
id1
(0 rows)
OCTO> drop table tmp;
DROP TABLE
OCTO> 
