
-- TC018 : OCTO483 : CREATE TABLE works with regular characters as DELIM qualifier and validate xrefs

CREATE TABLE DELIMNAMESU (id INTEGER PRIMARY KEY, firstName VARCHAR(30), lastName VARCHAR(30), middleInitial VARCHAR(1), age INTEGER) DELIM '_' GLOBAL "^delimnamesu(keys(""id""))";
CREATE TABLE DELIMNAMESP (id INTEGER PRIMARY KEY, firstName VARCHAR(30), lastName VARCHAR(30), middleInitial VARCHAR(1), age INTEGER) DELIM '|' GLOBAL "^delimnamesp(keys(""id""))";

SELECT * FROM delimnamesu;
SELECT * FROM delimnamesp;
SELECT * FROM delimnamesu WHERE firstname = 'Zero';
SELECT * FROM delimnamesp WHERE firstname = 'Zero';

OCTO> CREATE TABLE DELIMNAMESU (id INTEGER PRIMARY KEY, firstName VARCHAR(30), lastName VARCHAR(30), middleInitial VARCHAR(1), age INTEGER) DELIM '_' GLOBAL "^delimnamesu(keys(""id""))";
CREATE TABLE
OCTO> CREATE TABLE DELIMNAMESP (id INTEGER PRIMARY KEY, firstName VARCHAR(30), lastName VARCHAR(30), middleInitial VARCHAR(1), age INTEGER) DELIM '|' GLOBAL "^delimnamesp(keys(""id""))";
CREATE TABLE
OCTO> SELECT * FROM delimnamesu;
id|firstname|lastname|middleinitial|age
0|Zero|Cool|B|25
1|Acid|Burn|I|22
2|Cereal|Killer|A|59
3|Lord|Nikon|O|
4|Joey|||42
5|Zero|Cool|B|25
(6 rows)
OCTO> SELECT * FROM delimnamesp;
id|firstname|lastname|middleinitial|age
0|Zero|Cool|B|25
1|Acid|Burn|I|22
2|Cereal|Killer|A|59
3|Lord|Nikon|O|
4|Joey|||42
5|Zero|Cool|B|25
(6 rows)
OCTO> SELECT * FROM delimnamesu WHERE firstname = 'Zero';
id|firstname|lastname|middleinitial|age
0|Zero|Cool|B|25
5|Zero|Cool|B|25
(2 rows)
OCTO> SELECT * FROM delimnamesp WHERE firstname = 'Zero';
id|firstname|lastname|middleinitial|age
0|Zero|Cool|B|25
5|Zero|Cool|B|25
(2 rows)
OCTO> 
