
-- TC012 : OCTO484 : PIECE numbers of non-primary-key columns specified in CREATE TABLE should start at 1 by default

-- Note: Each `SELECT * FROM SIMPLE` query below is preceded by a comment line (e.g. ` -- SIMPLE0 QUERY01`).
--	This is done intentionally so later we can check which generated plan corresponds to which query.
--	The line begins with ` --` (a space) instead of `--` to avoid load_fixture() from filtering out these comment lines.

-- Need READONLY below as we do not want the DROP TABLE to delete ^T1 as the following queries rely on ^T1 persisting.

-- Test table with 0 non-primary-key columns
CREATE TABLE SIMPLE0 (id integer primary key) READONLY;
 -- SIMPLE0 QUERY01
SELECT * from SIMPLE0;
DROP TABLE SIMPLE0;

-- Test table with 1 non-primary-key column
CREATE TABLE SIMPLE1 (id integer primary key, firstname varchar) READONLY;
 -- SIMPLE1 QUERY02
SELECT * from SIMPLE1;
DROP TABLE SIMPLE1;
CREATE TABLE SIMPLE1 (id integer primary key, firstname varchar PIECE 1) READONLY;
 -- SIMPLE1 QUERY03
SELECT * from SIMPLE1;
DROP TABLE SIMPLE1;
CREATE TABLE SIMPLE1 (id integer primary key, firstname varchar PIECE 2) READONLY;
 -- SIMPLE1 QUERY04
SELECT * from SIMPLE1;
DROP TABLE SIMPLE1;
CREATE TABLE SIMPLE1 (id integer primary key, firstname varchar PIECE 0) READONLY;
 -- SIMPLE1 QUERY05
SELECT * from SIMPLE1;
DROP TABLE SIMPLE1;

-- Test table with 2 non-primary-key columns
CREATE TABLE SIMPLE2 (id integer primary key, firstname varchar, lastname varchar) READONLY;
 -- SIMPLE2 QUERY06
SELECT * from SIMPLE2;
DROP TABLE SIMPLE2;
CREATE TABLE SIMPLE2 (id integer primary key, firstname varchar, lastname varchar PIECE 0) READONLY;
 -- SIMPLE2 QUERY07
SELECT * from SIMPLE2;
DROP TABLE SIMPLE2;
CREATE TABLE SIMPLE2 (id integer primary key, firstname varchar, lastname varchar PIECE 1) READONLY;
 -- SIMPLE2 QUERY08
SELECT * from SIMPLE2;
DROP TABLE SIMPLE2;
CREATE TABLE SIMPLE2 (id integer primary key, firstname varchar, lastname varchar PIECE 2) READONLY;
 -- SIMPLE2 QUERY09
SELECT * from SIMPLE2;
DROP TABLE SIMPLE2;
CREATE TABLE SIMPLE2 (id integer primary key, firstname varchar, lastname varchar PIECE 3) READONLY;
 -- SIMPLE2 QUERY10
SELECT * from SIMPLE2;
DROP TABLE SIMPLE2;
CREATE TABLE SIMPLE2 (id integer primary key, firstname varchar PIECE 0, lastname varchar) READONLY;
 -- SIMPLE2 QUERY11
SELECT * from SIMPLE2;
DROP TABLE SIMPLE2;
CREATE TABLE SIMPLE2 (id integer primary key, firstname varchar PIECE 0, lastname varchar PIECE 0) READONLY;
 -- SIMPLE2 QUERY12
SELECT * from SIMPLE2;
DROP TABLE SIMPLE2;
CREATE TABLE SIMPLE2 (id integer primary key, firstname varchar PIECE 0, lastname varchar PIECE 1) READONLY;
 -- SIMPLE2 QUERY13
SELECT * from SIMPLE2;
DROP TABLE SIMPLE2;
CREATE TABLE SIMPLE2 (id integer primary key, firstname varchar PIECE 0, lastname varchar PIECE 2) READONLY;
 -- SIMPLE2 QUERY14
SELECT * from SIMPLE2;
DROP TABLE SIMPLE2;
CREATE TABLE SIMPLE2 (id integer primary key, firstname varchar PIECE 0, lastname varchar PIECE 3) READONLY;
 -- SIMPLE2 QUERY15
SELECT * from SIMPLE2;
DROP TABLE SIMPLE2;
CREATE TABLE SIMPLE2 (id integer primary key, firstname varchar PIECE 1, lastname varchar) READONLY;
 -- SIMPLE2 QUERY16
SELECT * from SIMPLE2;
DROP TABLE SIMPLE2;
CREATE TABLE SIMPLE2 (id integer primary key, firstname varchar PIECE 1, lastname varchar PIECE 0) READONLY;
 -- SIMPLE2 QUERY17
SELECT * from SIMPLE2;
DROP TABLE SIMPLE2;
CREATE TABLE SIMPLE2 (id integer primary key, firstname varchar PIECE 1, lastname varchar PIECE 1) READONLY;
 -- SIMPLE2 QUERY18
SELECT * from SIMPLE2;
DROP TABLE SIMPLE2;
CREATE TABLE SIMPLE2 (id integer primary key, firstname varchar PIECE 1, lastname varchar PIECE 2) READONLY;
 -- SIMPLE2 QUERY19
SELECT * from SIMPLE2;
DROP TABLE SIMPLE2;
CREATE TABLE SIMPLE2 (id integer primary key, firstname varchar PIECE 1, lastname varchar PIECE 3) READONLY;
 -- SIMPLE2 QUERY20
SELECT * from SIMPLE2;
DROP TABLE SIMPLE2;
CREATE TABLE SIMPLE2 (id integer primary key, firstname varchar PIECE 2, lastname varchar) READONLY;
 -- SIMPLE2 QUERY21
SELECT * from SIMPLE2;
DROP TABLE SIMPLE2;
CREATE TABLE SIMPLE2 (id integer primary key, firstname varchar PIECE 2, lastname varchar PIECE 0) READONLY;
 -- SIMPLE2 QUERY22
SELECT * from SIMPLE2;
DROP TABLE SIMPLE2;
CREATE TABLE SIMPLE2 (id integer primary key, firstname varchar PIECE 2, lastname varchar PIECE 1) READONLY;
 -- SIMPLE2 QUERY23
SELECT * from SIMPLE2;
DROP TABLE SIMPLE2;
CREATE TABLE SIMPLE2 (id integer primary key, firstname varchar PIECE 2, lastname varchar PIECE 2) READONLY;
 -- SIMPLE2 QUERY24
SELECT * from SIMPLE2;
DROP TABLE SIMPLE2;
CREATE TABLE SIMPLE2 (id integer primary key, firstname varchar PIECE 2, lastname varchar PIECE 3) READONLY;
 -- SIMPLE2 QUERY25
SELECT * from SIMPLE2;
DROP TABLE SIMPLE2;
CREATE TABLE SIMPLE2 (id integer primary key, firstname varchar PIECE 3, lastname varchar) READONLY;
 -- SIMPLE2 QUERY26
SELECT * from SIMPLE2;
DROP TABLE SIMPLE2;
CREATE TABLE SIMPLE2 (id integer primary key, firstname varchar PIECE 3, lastname varchar PIECE 0) READONLY;
 -- SIMPLE2 QUERY27
SELECT * from SIMPLE2;
DROP TABLE SIMPLE2;
CREATE TABLE SIMPLE2 (id integer primary key, firstname varchar PIECE 3, lastname varchar PIECE 1) READONLY;
 -- SIMPLE2 QUERY2
SELECT * from SIMPLE2;
DROP TABLE SIMPLE2;
CREATE TABLE SIMPLE2 (id integer primary key, firstname varchar PIECE 3, lastname varchar PIECE 2) READONLY;
 -- SIMPLE2 QUERY29
SELECT * from SIMPLE2;
DROP TABLE SIMPLE2;
CREATE TABLE SIMPLE2 (id integer primary key, firstname varchar PIECE 3, lastname varchar PIECE 3) READONLY;
 -- SIMPLE2 QUERY30
SELECT * from SIMPLE2;
DROP TABLE SIMPLE2;

CREATE TABLE
ID
1
(1 row)
DROP TABLE
CREATE TABLE
ID|FIRSTNAME
1|First
(1 row)
DROP TABLE
CREATE TABLE
ID|FIRSTNAME
1|First
(1 row)
DROP TABLE
CREATE TABLE
ID|FIRSTNAME
1|
(1 row)
DROP TABLE
CREATE TABLE
ID|FIRSTNAME
1|
(1 row)
DROP TABLE
CREATE TABLE
ID|FIRSTNAME|LASTNAME
1|First|Last
(1 row)
DROP TABLE
CREATE TABLE
ID|FIRSTNAME|LASTNAME
1|First|
(1 row)
DROP TABLE
CREATE TABLE
ID|FIRSTNAME|LASTNAME
1|First|First
(1 row)
DROP TABLE
CREATE TABLE
ID|FIRSTNAME|LASTNAME
1|First|Last
(1 row)
DROP TABLE
CREATE TABLE
ID|FIRSTNAME|LASTNAME
1|First|
(1 row)
DROP TABLE
CREATE TABLE
ID|FIRSTNAME|LASTNAME
1||First
(1 row)
DROP TABLE
CREATE TABLE
ID|FIRSTNAME|LASTNAME
1||
(1 row)
DROP TABLE
CREATE TABLE
ID|FIRSTNAME|LASTNAME
1||First
(1 row)
DROP TABLE
CREATE TABLE
ID|FIRSTNAME|LASTNAME
1||Last
(1 row)
DROP TABLE
CREATE TABLE
ID|FIRSTNAME|LASTNAME
1||
(1 row)
DROP TABLE
CREATE TABLE
ID|FIRSTNAME|LASTNAME
1|First|First
(1 row)
DROP TABLE
CREATE TABLE
ID|FIRSTNAME|LASTNAME
1|First|
(1 row)
DROP TABLE
CREATE TABLE
ID|FIRSTNAME|LASTNAME
1|First|First
(1 row)
DROP TABLE
CREATE TABLE
ID|FIRSTNAME|LASTNAME
1|First|Last
(1 row)
DROP TABLE
CREATE TABLE
ID|FIRSTNAME|LASTNAME
1|First|
(1 row)
DROP TABLE
CREATE TABLE
ID|FIRSTNAME|LASTNAME
1|Last|First
(1 row)
DROP TABLE
CREATE TABLE
ID|FIRSTNAME|LASTNAME
1|Last|
(1 row)
DROP TABLE
CREATE TABLE
ID|FIRSTNAME|LASTNAME
1|Last|First
(1 row)
DROP TABLE
CREATE TABLE
ID|FIRSTNAME|LASTNAME
1|Last|Last
(1 row)
DROP TABLE
CREATE TABLE
ID|FIRSTNAME|LASTNAME
1|Last|
(1 row)
DROP TABLE
CREATE TABLE
ID|FIRSTNAME|LASTNAME
1||First
(1 row)
DROP TABLE
CREATE TABLE
ID|FIRSTNAME|LASTNAME
1||
(1 row)
DROP TABLE
CREATE TABLE
ID|FIRSTNAME|LASTNAME
1||First
(1 row)
DROP TABLE
CREATE TABLE
ID|FIRSTNAME|LASTNAME
1||Last
(1 row)
DROP TABLE
CREATE TABLE
ID|FIRSTNAME|LASTNAME
1||
(1 row)
DROP TABLE
