
-- TC061 : OCTO633 : EXTRACT accepts non-key columns

-- Table with literal delimiter (default '|')
CREATE TABLE extractnames (
	id INTEGER PRIMARY KEY, firstName VARCHAR(30), lastName VARCHAR(30),  age INTEGER,
	fullname VARCHAR EXTRACT "$$^FULLNAME(values(""firstname""),values(""lastname""))"
) GLOBAL "^names(keys(""id""))";

select * from extractnames;
select fullname from extractnames;

-- Table with non-literal delimiter at table level
CREATE TABLE delimnames (
	id INTEGER PRIMARY KEY, firstName VARCHAR(30), lastName VARCHAR(30),  middleInitial VARCHAR(1), age INTEGER,
	fullname VARCHAR EXTRACT "$$^FULLNAME(values(""firstname""),values(""lastname""))"
) DELIM (123, 9, 124, 9, 125) GLOBAL "^delimnames(keys(""id""))";

select * from extractnames;
select fullname from delimnames;

-- Table with non-literal delimiter at column level
CREATE TABLE delimnamescol (
	id INTEGER PRIMARY KEY, firstName VARCHAR(30), lastName VARCHAR(30) DELIM (13), middleInitial VARCHAR(1), age INTEGER,
	fullname VARCHAR EXTRACT "$$^FULLNAME(values(""firstname""),values(""lastname""))"
) GLOBAL "^delimnamescol(keys(""id""))";

select * from extractnames;
select fullname from delimnamescol;
OCTO> CREATE TABLE extractnames (
	id INTEGER PRIMARY KEY, firstName VARCHAR(30), lastName VARCHAR(30),  age INTEGER,
	fullname VARCHAR EXTRACT "$$^FULLNAME(values(""firstname""),values(""lastname""))"
) GLOBAL "^names(keys(""id""))";
CREATE TABLE
OCTO> select * from extractnames;
id|firstname|lastname|age|fullname
0|Zero|Cool||Zero Cool
1|Acid|Burn||Acid Burn
2|Cereal|Killer||Cereal Killer
3|Lord|Nikon||Lord Nikon
4|Joey|||Joey 
5|Zero|Cool||Zero Cool
(6 rows)
OCTO> select fullname from extractnames;
fullname
Zero Cool
Acid Burn
Cereal Killer
Lord Nikon
Joey 
Zero Cool
(6 rows)
OCTO> CREATE TABLE delimnames (
	id INTEGER PRIMARY KEY, firstName VARCHAR(30), lastName VARCHAR(30),  middleInitial VARCHAR(1), age INTEGER,
	fullname VARCHAR EXTRACT "$$^FULLNAME(values(""firstname""),values(""lastname""))"
) DELIM (123, 9, 124, 9, 125) GLOBAL "^delimnames(keys(""id""))";
CREATE TABLE
OCTO> select * from extractnames;
id|firstname|lastname|age|fullname
0|Zero|Cool||Zero Cool
1|Acid|Burn||Acid Burn
2|Cereal|Killer||Cereal Killer
3|Lord|Nikon||Lord Nikon
4|Joey|||Joey 
5|Zero|Cool||Zero Cool
(6 rows)
OCTO> select fullname from delimnames;
fullname
Zero Cool
Acid Burn
Cereal Killer
Lord Nikon
Joey 
Zero Cool
(6 rows)
OCTO> CREATE TABLE delimnamescol (
	id INTEGER PRIMARY KEY, firstName VARCHAR(30), lastName VARCHAR(30) DELIM (13), middleInitial VARCHAR(1), age INTEGER,
	fullname VARCHAR EXTRACT "$$^FULLNAME(values(""firstname""),values(""lastname""))"
) GLOBAL "^delimnamescol(keys(""id""))";
CREATE TABLE
OCTO> select * from extractnames;
id|firstname|lastname|age|fullname
0|Zero|Cool||Zero Cool
1|Acid|Burn||Acid Burn
2|Cereal|Killer||Cereal Killer
3|Lord|Nikon||Lord Nikon
4|Joey|||Joey 
5|Zero|Cool||Zero Cool
(6 rows)
OCTO> select fullname from delimnamescol;
fullname
Zero B|25
Acid I|22
Cereal A|59
Lord O|
Joey |42
Zero B|25
(6 rows)
OCTO> 
