
-- TC066 : OCTO633 : EXTRACT containing values() expression works when there are single or multiple key columns

drop table if exists tmp;
create table tmp (id1 integer primary key, id2 integer, id3 integer extract "$extract(values(""id2""),1,99)*10") READONLY GLOBAL "^x";
select id1 from tmp;
select id2 from tmp;
select id3 from tmp;

drop table if exists tmp;
create table tmp (id1 integer primary key, id2 integer key num 1, id3 integer, id4 integer extract "$extract(values(""id3""),1,99)*10") READONLY GLOBAL "^x";
select id1 from tmp;
select id2 from tmp;
select id3 from tmp;
select id4 from tmp;
DROP TABLE
CREATE TABLE
id1
1
2
(2 rows)
id2
1
2
(2 rows)
id3
10
20
(2 rows)
DROP TABLE
CREATE TABLE
id1
1
2
(2 rows)
id2
5
10
(2 rows)
id3
10
20
(2 rows)
id4
100
200
(2 rows)
