
-- TC063 : OCTO633 : EXTRACT accepts SQL function calls

CREATE TABLE extractnames (
	id INTEGER PRIMARY KEY, firstName VARCHAR(30), lastName VARCHAR(30),  age INTEGER,
	fullname VARCHAR EXTRACT CONCAT(firstName, ' ', lastName),
	nameandnumber VARCHAR EXTRACT CONCAT(lastName, id::varchar)
) GLOBAL "^names(keys(""id""))";

-- Select all columns from table with function call EXTRACT column
select * from extractnames;

-- No assert failure from successive references to function call EXTRACT column
select fullname from extractnames;
select fullname from extractnames;

-- Function referenced by EXTRACT column not dropped if containing table still exists
drop function concat(varchar, varchar, varchar);
select fullname from extractnames;

-- Function referenced by EXTRACT column can be dropped if containing table is dropped
drop table extractnames;
drop function concat(varchar, varchar, varchar);
select concat('no', 'more', 'concat');
CREATE FUNCTION CONCAT(VARCHAR, VARCHAR, VARCHAR) RETURNS VARCHAR AS $$^%ydboctofCONCAT; -- Recreate dropped function for use in below queries

-- Error issued for self-referential EXTRACT columns definitions
create table selfref (firstname varchar, lastname varchar, fullname varchar extract concat(fullname, lastname)) READONLY;
select * from selfref;

-- No error when referencing EXTRACT columns in tables with no PRIMARY KEY
create table tmp (id integer, abs_id integer extract ABS(id)) READONLY;
select abs_id from tmp;

-- No error when EXTRACT column references another EXTRACT column
drop table tmp;
create table tmp (id integer primary key, firstname varchar, lastname varchar, fullname1 varchar extract concat(firstname, lastname), fullname2 varchar extract concat(firstname, fullname1)) GLOBAL "^names";
select fullname1 from tmp where id = 3;
select fullname2 from tmp where id = 3;

-- Error issued for EXTRACT columns with cyclic dependencies on other EXTRACT columns
drop table tmp;
create table tmp (id integer primary key, firstname varchar, lastname varchar, fullname1 varchar extract concat(firstname, fullname2), fullname2 varchar extract concat(fullname1, lastname)) GLOBAL "^names";

-- Error issued when key column passed to `values(...)` or non-key column passed to `keys(...)`
CREATE TABLE tmp (id INTEGER PRIMARY KEY, firstName VARCHAR(30), lastName VARCHAR(30), abs_id INTEGER EXTRACT "$$ABS^%ydboctosqlfunctions(values(""id""))") GLOBAL "^names";
CREATE TABLE tmp (id INTEGER PRIMARY KEY, firstName VARCHAR(30), lastName VARCHAR(30), abs_id INTEGER EXTRACT "$$ABS^%ydboctosqlfunctions(keys(""lastname""))") GLOBAL "^names";

-- Prevent drop of function depended on by EXTRACT columns until all tables containing dependent columns are dropped
DROP FUNCTION IF EXISTS SAMEVALUE(INTEGER);
CREATE FUNCTION SAMEVALUE(INTEGER) RETURNS INTEGER AS $$samevalue^functions;
CREATE TABLE products1 (product_no integer, name text, price numeric CONSTRAINT name1 CHECK (samevalue(product_no) < 1000));
DROP FUNCTION SAMEVALUE(INTEGER);
CREATE TABLE products2 (product_no integer, name text, price numeric CONSTRAINT name2 CHECK (samevalue(product_no) < 1000));
DROP FUNCTION SAMEVALUE(INTEGER);
drop table if exists extractnames1;
CREATE TABLE extractnames1 (id INTEGER PRIMARY KEY, id1 INTEGER EXTRACT SAMEVALUE(id));
DROP FUNCTION SAMEVALUE(INTEGER);
drop table if exists extractnames2;
CREATE TABLE extractnames2 (id INTEGER PRIMARY KEY, id2 INTEGER EXTRACT SAMEVALUE(id));
DROP TABLE products1;
DROP FUNCTION SAMEVALUE(INTEGER);
DROP TABLE products2;
DROP FUNCTION SAMEVALUE(INTEGER);
drop table extractnames1;
DROP FUNCTION SAMEVALUE(INTEGER);
drop table extractnames2;
DROP FUNCTION SAMEVALUE(INTEGER);

drop table if exists extractnames1;
CREATE TABLE extractnames1 (
	id INTEGER PRIMARY KEY, firstName VARCHAR(30), lastName VARCHAR(30),  age INTEGER,
	fullname1 VARCHAR EXTRACT CONCAT(firstName, ' ', lastName)
) GLOBAL "^names1(keys(""id""))";
drop function concat(varchar, varchar, varchar);
drop table if exists extractnames2;
CREATE TABLE extractnames2 (
	id INTEGER PRIMARY KEY, firstName VARCHAR(30), lastName VARCHAR(30),  age INTEGER,
	fullname2 VARCHAR EXTRACT CONCAT(firstName, ' ', lastName)
) GLOBAL "^names2(keys(""id""))";
drop function concat(varchar, varchar, varchar);
select * from extractnames1;
select * from extractnames2;
drop table extractnames1;
drop function concat(varchar, varchar, varchar);
select * from extractnames2;
drop table extractnames2;
drop function concat(varchar, varchar, varchar);

-- Test that EXTRACT function parameters can be of different types.
-- This used to previously incorrectly issue a ERR_TYPE_MISMATCH error.
-- See https://gitlab.com/YottaDB/DBMS/YDBOcto/-/issues/633#note_1348911984 for details.
create function myfunc1(varchar, integer, varchar) returns varchar as $$myfunc^TC063;
create table tmp (id INTEGER PRIMARY KEY, firstName VARCHAR, lastName VARCHAR, fullname VARCHAR EXTRACT myfunc1(firstName, id, lastName)) GLOBAL "^names" readonly;
select * from tmp;
drop table tmp;

-- Test that BOOLEAN literals are accepted as an EXTRACT function parameter
create function myfunc2(varchar, boolean, varchar) returns varchar as $$myfunc^TC063;
create table tmp (id INTEGER PRIMARY KEY, firstName VARCHAR, lastName VARCHAR, fullname VARCHAR EXTRACT myfunc2(firstName, false, lastName)) GLOBAL "^names" readonly;
select * from tmp;
drop table tmp;

-- Test that type cast operators are accepted as an EXTRACT function parameter
create table tmp (id INTEGER PRIMARY KEY, firstName VARCHAR, lastName VARCHAR, fullname VARCHAR EXTRACT myfunc2(firstName, id::boolean, lastName)) GLOBAL "^names" readonly;
select * from tmp;
drop table tmp;

-- Test integer literals are accepted as an EXTRACT function parameter ("case INTEGER_LITERAL" in qualify_extract_function.c)
create function myfunc3(varchar, integer, varchar) returns varchar as $$myfunc^TC063;
create table tmp (
        id INTEGER PRIMARY KEY, firstName VARCHAR(30), lastName VARCHAR(30),
        fullname VARCHAR EXTRACT myfunc3(firstName, 99, lastName)
) GLOBAL "^names" READONLY;
select fullname from tmp;
drop table if exists tmp;

-- Test numeric literals are accepted as an EXTRACT function parameter ("case NUMERIC_LITERAL" in qualify_extract_function.c)
create function myfunc4(varchar, numeric, varchar) returns varchar as $$myfunc^TC063;
create table tmp (
        id INTEGER PRIMARY KEY, firstName VARCHAR(30), lastName VARCHAR(30),
        fullname VARCHAR EXTRACT myfunc4(firstName, 23.34, lastName)
) GLOBAL "^names" READONLY;
select fullname from tmp;
drop table if exists tmp;

-- Test NULL is accepted as an EXTRACT function parameter ("case NUL_VALUE" in qualify_extract_function.c)
create table tmp (
        id INTEGER PRIMARY KEY, firstName VARCHAR(30), lastName VARCHAR(30),
        fullname VARCHAR EXTRACT myfunc4(firstName, NULL, lastName)
) GLOBAL "^names" READONLY;
select fullname from tmp;
drop table if exists tmp;

-- Test empty single-quoted string is accepted as an EXTRACT function parameter ("case NUL_VALUE" in qualify_extract_function.c)
create table tmp (
        id INTEGER PRIMARY KEY, firstName VARCHAR(30), lastName VARCHAR(30),
        fullname VARCHAR EXTRACT myfunc4(firstName, '', lastName)
) GLOBAL "^names" READONLY;
select fullname from tmp;
drop table if exists tmp;

drop function myfunc1(varchar, integer, varchar);
drop function myfunc2(varchar, boolean, varchar);
drop function myfunc3(varchar, integer, varchar);
drop function myfunc4(varchar, numeric, varchar);

-- Test boolean string literal (e.g. 'f') is accepted as an EXTRACT function parameter
-- See comment in "case BOOLEAN_OR_STRING_LITERAL" in qualify_extract_function.c for how this is treated as a string literal
-- and not as a boolean literal.
create function concat(VARCHAR, VARCHAR, VARCHAR) RETURNS VARCHAR AS $$^%ydboctofCONCAT; -- Recreate dropped function for use in below queries
create table fullnames (
        id INTEGER PRIMARY KEY, firstName VARCHAR(30), lastName VARCHAR(30),
        fullname VARCHAR EXTRACT CONCAT(firstName, 'f', lastName)
) GLOBAL "^names" READONLY;
select fullname from fullnames;
drop table if exists fullnames;

OCTO> CREATE TABLE extractnames (
	id INTEGER PRIMARY KEY, firstName VARCHAR(30), lastName VARCHAR(30),  age INTEGER,
	fullname VARCHAR EXTRACT CONCAT(firstName, ' ', lastName),
	nameandnumber VARCHAR EXTRACT CONCAT(lastName, id::varchar)
) GLOBAL "^names(keys(""id""))";
CREATE TABLE
OCTO> select * from extractnames;
id|firstname|lastname|age|fullname|nameandnumber
0|Zero|Cool||Zero Cool|Cool0
1|Acid|Burn||Acid Burn|Burn1
2|Cereal|Killer||Cereal Killer|Killer2
3|Lord|Nikon||Lord Nikon|Nikon3
4|Joey|||Joey |4
5|Zero|Cool||Zero Cool|Cool5
(6 rows)
OCTO> select fullname from extractnames;
fullname
Zero Cool
Acid Burn
Cereal Killer
Lord Nikon
Joey 
Zero Cool
(6 rows)
OCTO> select fullname from extractnames;
fullname
Zero Cool
Acid Burn
Cereal Killer
Lord Nikon
Joey 
Zero Cool
(6 rows)
OCTO> drop function concat(varchar, varchar, varchar);
[ERROR]: ERR_DROP_FUNCTION_DEPENDS: Cannot DROP function concat(VARCHAR, VARCHAR, VARCHAR) because other objects (column "fullname" on table "extractnames") depend on it
OCTO> select fullname from extractnames;
fullname
Zero Cool
Acid Burn
Cereal Killer
Lord Nikon
Joey 
Zero Cool
(6 rows)
OCTO> drop table extractnames;
DROP TABLE
OCTO> drop function concat(varchar, varchar, varchar);
DROP FUNCTION
[ERROR]: ERR_UNKNOWN_FUNCTION: No function concat defined with given parameter types (VARCHAR, VARCHAR, VARCHAR)
LINE 19:1: select concat('no', 'more', 'concat');
                  ^^^^^^
OCTO> select concat('no', 'more', 'concat');
OCTO> CREATE FUNCTION CONCAT(VARCHAR, VARCHAR, VARCHAR) RETURNS VARCHAR AS $$^%ydboctofCONCAT;
CREATE FUNCTION
[ERROR]: ERR_CIRCULAR_EXTRACT_DEFINITION: Definition for EXTRACT column "fullname" contains circular dependency starting from EXTRACT column "fullname"
OCTO> -- Recreate dropped function for use in below queries

create table selfref (firstname varchar, lastname varchar, fullname varchar extract concat(fullname, lastname)) READONLY;
[ERROR]: ERR_UNKNOWN_TABLE: Unknown table: selfref
LINE 23:1: select * from selfref;
                         ^^^^^^^
OCTO> select * from selfref;
OCTO> create table tmp (id integer, abs_id integer extract ABS(id)) READONLY;
CREATE TABLE
OCTO> select abs_id from tmp;
abs_id
(0 rows)
OCTO> drop table tmp;
DROP TABLE
OCTO> create table tmp (id integer primary key, firstname varchar, lastname varchar, fullname1 varchar extract concat(firstname, lastname), fullname2 varchar extract concat(firstname, fullname1)) GLOBAL "^names";
CREATE TABLE
OCTO> select fullname1 from tmp where id = 3;
fullname1
LordNikon
(1 row)
OCTO> select fullname2 from tmp where id = 3;
fullname2
LordLordNikon
(1 row)
OCTO> drop table tmp;
DROP TABLE
[ERROR]: ERR_CIRCULAR_EXTRACT_DEFINITION: Definition for EXTRACT column "fullname1" contains circular dependency starting from EXTRACT column "fullname2"
OCTO> create table tmp (id integer primary key, firstname varchar, lastname varchar, fullname1 varchar extract concat(firstname, fullname2), fullname2 varchar extract concat(fullname1, lastname)) GLOBAL "^names";
[ERROR]: ERR_VALUES_NEEDS_A_NON_KEY_COLUMN: Column "id" specified using values() in EXTRACT/GLOBAL keyword is a KEY column
OCTO> CREATE TABLE tmp (id INTEGER PRIMARY KEY, firstName VARCHAR(30), lastName VARCHAR(30), abs_id INTEGER EXTRACT "$$ABS^%ydboctosqlfunctions(values(""id""))") GLOBAL "^names";
[ERROR]: ERR_KEYS_NEEDS_A_KEY_COLUMN: Column "lastname" specified using keys() in EXTRACT/GLOBAL keyword is not a KEY column
OCTO> CREATE TABLE tmp (id INTEGER PRIMARY KEY, firstName VARCHAR(30), lastName VARCHAR(30), abs_id INTEGER EXTRACT "$$ABS^%ydboctosqlfunctions(keys(""lastname""))") GLOBAL "^names";
OCTO> DROP FUNCTION IF EXISTS SAMEVALUE(INTEGER);
DROP FUNCTION
OCTO> CREATE FUNCTION SAMEVALUE(INTEGER) RETURNS INTEGER AS $$samevalue^functions;
CREATE FUNCTION
OCTO> CREATE TABLE products1 (product_no integer, name text, price numeric CONSTRAINT name1 CHECK (samevalue(product_no) < 1000));
CREATE TABLE
OCTO> DROP FUNCTION SAMEVALUE(INTEGER);
[ERROR]: ERR_DROP_FUNCTION_DEPENDS: Cannot DROP function samevalue(INTEGER) because other objects (constraint "name1" on table "products1") depend on it
OCTO> CREATE TABLE products2 (product_no integer, name text, price numeric CONSTRAINT name2 CHECK (samevalue(product_no) < 1000));
CREATE TABLE
OCTO> DROP FUNCTION SAMEVALUE(INTEGER);
[ERROR]: ERR_DROP_FUNCTION_DEPENDS: Cannot DROP function samevalue(INTEGER) because other objects (constraint "name1" on table "products1") depend on it
OCTO> drop table if exists extractnames1;
DROP TABLE
OCTO> CREATE TABLE extractnames1 (id INTEGER PRIMARY KEY, id1 INTEGER EXTRACT SAMEVALUE(id));
CREATE TABLE
OCTO> DROP FUNCTION SAMEVALUE(INTEGER);
[ERROR]: ERR_DROP_FUNCTION_DEPENDS: Cannot DROP function samevalue(INTEGER) because other objects (constraint "name1" on table "products1") depend on it
OCTO> drop table if exists extractnames2;
DROP TABLE
OCTO> CREATE TABLE extractnames2 (id INTEGER PRIMARY KEY, id2 INTEGER EXTRACT SAMEVALUE(id));
CREATE TABLE
OCTO> DROP TABLE products1;
DROP TABLE
OCTO> DROP FUNCTION SAMEVALUE(INTEGER);
[ERROR]: ERR_DROP_FUNCTION_DEPENDS: Cannot DROP function samevalue(INTEGER) because other objects (constraint "name2" on table "products2") depend on it
OCTO> DROP TABLE products2;
DROP TABLE
OCTO> DROP FUNCTION SAMEVALUE(INTEGER);
[ERROR]: ERR_DROP_FUNCTION_DEPENDS: Cannot DROP function samevalue(INTEGER) because other objects (column "id1" on table "extractnames1") depend on it
OCTO> drop table extractnames1;
DROP TABLE
OCTO> DROP FUNCTION SAMEVALUE(INTEGER);
[ERROR]: ERR_DROP_FUNCTION_DEPENDS: Cannot DROP function samevalue(INTEGER) because other objects (column "id2" on table "extractnames2") depend on it
OCTO> drop table extractnames2;
DROP TABLE
OCTO> DROP FUNCTION SAMEVALUE(INTEGER);
DROP FUNCTION
OCTO> drop table if exists extractnames1;
DROP TABLE
OCTO> CREATE TABLE extractnames1 (
	id INTEGER PRIMARY KEY, firstName VARCHAR(30), lastName VARCHAR(30),  age INTEGER,
	fullname1 VARCHAR EXTRACT CONCAT(firstName, ' ', lastName)
) GLOBAL "^names1(keys(""id""))";
CREATE TABLE
OCTO> drop function concat(varchar, varchar, varchar);
[ERROR]: ERR_DROP_FUNCTION_DEPENDS: Cannot DROP function concat(VARCHAR, VARCHAR, VARCHAR) because other objects (column "fullname1" on table "extractnames1") depend on it
OCTO> drop table if exists extractnames2;
DROP TABLE
OCTO> CREATE TABLE extractnames2 (
	id INTEGER PRIMARY KEY, firstName VARCHAR(30), lastName VARCHAR(30),  age INTEGER,
	fullname2 VARCHAR EXTRACT CONCAT(firstName, ' ', lastName)
) GLOBAL "^names2(keys(""id""))";
CREATE TABLE
OCTO> drop function concat(varchar, varchar, varchar);
[ERROR]: ERR_DROP_FUNCTION_DEPENDS: Cannot DROP function concat(VARCHAR, VARCHAR, VARCHAR) because other objects (column "fullname1" on table "extractnames1") depend on it
OCTO> select * from extractnames1;
id|firstname|lastname|age|fullname1
(0 rows)
OCTO> select * from extractnames2;
id|firstname|lastname|age|fullname2
(0 rows)
OCTO> drop table extractnames1;
DROP TABLE
OCTO> drop function concat(varchar, varchar, varchar);
[ERROR]: ERR_DROP_FUNCTION_DEPENDS: Cannot DROP function concat(VARCHAR, VARCHAR, VARCHAR) because other objects (column "fullname2" on table "extractnames2") depend on it
OCTO> select * from extractnames2;
id|firstname|lastname|age|fullname2
(0 rows)
OCTO> drop table extractnames2;
DROP TABLE
OCTO> drop function concat(varchar, varchar, varchar);
DROP FUNCTION
OCTO> create function myfunc1(varchar, integer, varchar) returns varchar as $$myfunc^TC063;
CREATE FUNCTION
OCTO> create table tmp (id INTEGER PRIMARY KEY, firstName VARCHAR, lastName VARCHAR, fullname VARCHAR EXTRACT myfunc1(firstName, id, lastName)) GLOBAL "^names" readonly;
CREATE TABLE
OCTO> select * from tmp;
id|firstname|lastname|fullname
0|Zero|Cool|Zero0Cool
1|Acid|Burn|Acid1Burn
2|Cereal|Killer|Cereal2Killer
3|Lord|Nikon|Lord3Nikon
4|Joey||
5|Zero|Cool|Zero5Cool
(6 rows)
OCTO> drop table tmp;
DROP TABLE
OCTO> create function myfunc2(varchar, boolean, varchar) returns varchar as $$myfunc^TC063;
CREATE FUNCTION
OCTO> create table tmp (id INTEGER PRIMARY KEY, firstName VARCHAR, lastName VARCHAR, fullname VARCHAR EXTRACT myfunc2(firstName, false, lastName)) GLOBAL "^names" readonly;
CREATE TABLE
OCTO> select * from tmp;
id|firstname|lastname|fullname
0|Zero|Cool|Zero0Cool
1|Acid|Burn|Acid0Burn
2|Cereal|Killer|Cereal0Killer
3|Lord|Nikon|Lord0Nikon
4|Joey||
5|Zero|Cool|Zero0Cool
(6 rows)
OCTO> drop table tmp;
DROP TABLE
OCTO> create table tmp (id INTEGER PRIMARY KEY, firstName VARCHAR, lastName VARCHAR, fullname VARCHAR EXTRACT myfunc2(firstName, id::boolean, lastName)) GLOBAL "^names" readonly;
CREATE TABLE
OCTO> select * from tmp;
id|firstname|lastname|fullname
0|Zero|Cool|Zero0Cool
1|Acid|Burn|Acid1Burn
2|Cereal|Killer|Cereal1Killer
3|Lord|Nikon|Lord1Nikon
4|Joey||
5|Zero|Cool|Zero1Cool
(6 rows)
OCTO> drop table tmp;
DROP TABLE
OCTO> create function myfunc3(varchar, integer, varchar) returns varchar as $$myfunc^TC063;
CREATE FUNCTION
OCTO> create table tmp (
        id INTEGER PRIMARY KEY, firstName VARCHAR(30), lastName VARCHAR(30),
        fullname VARCHAR EXTRACT myfunc3(firstName, 99, lastName)
) GLOBAL "^names" READONLY;
CREATE TABLE
OCTO> select fullname from tmp;
fullname
Zero99Cool
Acid99Burn
Cereal99Killer
Lord99Nikon

Zero99Cool
(6 rows)
OCTO> drop table if exists tmp;
DROP TABLE
OCTO> create function myfunc4(varchar, numeric, varchar) returns varchar as $$myfunc^TC063;
CREATE FUNCTION
OCTO> create table tmp (
        id INTEGER PRIMARY KEY, firstName VARCHAR(30), lastName VARCHAR(30),
        fullname VARCHAR EXTRACT myfunc4(firstName, 23.34, lastName)
) GLOBAL "^names" READONLY;
CREATE TABLE
OCTO> select fullname from tmp;
fullname
Zero23.34Cool
Acid23.34Burn
Cereal23.34Killer
Lord23.34Nikon

Zero23.34Cool
(6 rows)
OCTO> drop table if exists tmp;
DROP TABLE
OCTO> create table tmp (
        id INTEGER PRIMARY KEY, firstName VARCHAR(30), lastName VARCHAR(30),
        fullname VARCHAR EXTRACT myfunc4(firstName, NULL, lastName)
) GLOBAL "^names" READONLY;
CREATE TABLE
OCTO> select fullname from tmp;
fullname






(6 rows)
OCTO> drop table if exists tmp;
DROP TABLE
OCTO> create table tmp (
        id INTEGER PRIMARY KEY, firstName VARCHAR(30), lastName VARCHAR(30),
        fullname VARCHAR EXTRACT myfunc4(firstName, '', lastName)
) GLOBAL "^names" READONLY;
CREATE TABLE
OCTO> select fullname from tmp;
fullname






(6 rows)
OCTO> drop table if exists tmp;
DROP TABLE
OCTO> drop function myfunc1(varchar, integer, varchar);
DROP FUNCTION
OCTO> drop function myfunc2(varchar, boolean, varchar);
DROP FUNCTION
OCTO> drop function myfunc3(varchar, integer, varchar);
DROP FUNCTION
OCTO> drop function myfunc4(varchar, numeric, varchar);
DROP FUNCTION
OCTO> create function concat(VARCHAR, VARCHAR, VARCHAR) RETURNS VARCHAR AS $$^%ydboctofCONCAT;
CREATE FUNCTION
OCTO> -- Recreate dropped function for use in below queries
create table fullnames (
        id INTEGER PRIMARY KEY, firstName VARCHAR(30), lastName VARCHAR(30),
        fullname VARCHAR EXTRACT CONCAT(firstName, 'f', lastName)
) GLOBAL "^names" READONLY;
CREATE TABLE
OCTO> select fullname from fullnames;
fullname
ZerofCool
AcidfBurn
CerealfKiller
LordfNikon
Joeyf
ZerofCool
(6 rows)
OCTO> drop table if exists fullnames;
DROP TABLE
OCTO> 
