
drop table if exists _test1 keepdata;
create table _test1 (_id1 integer);
insert into _test1 values(1);
insert into _test1(_id1) values(2);
select _id1 as _ from _test1 group by _ order by _;

drop table if exists _test2 keepdata;
create table _test2 (_id1 integer primary key, _fullname text extract "$PIECE(^names(keys(""_ID1"")),""|"",1)_$PIECE(^names(keys(""_ID1"")),""|"",2)") GLOBAL "^names";
select * from _test2;
DROP TABLE
CREATE TABLE
INSERT 0 1
INSERT 0 1
_
1
2
(2 rows)
DROP TABLE
CREATE TABLE
_ID1|_FULLNAME
0|ZeroCool
1|AcidBurn
2|CerealKiller
3|LordNikon
4|Joey
5|ZeroCool
(6 rows)
