
-- TCF036 : OCTO519 : Functions with double-quoted identifiers

select "ABS"(-1);
select "abs"(-1); -- Error: function name was defined as uppercase
select "concat"(firstname, ' ', lastname) from names;
select "CONCAT"(firstname, ' ', lastname) from names; -- Error: function name was defined as lowercase

CREATE FUNCTION "concat"(VARCHAR, VARCHAR, VARCHAR) RETURNS VARCHAR AS $$^%ydboctofCONCAT;
CREATE FUNCTION "abs"(INTEGER) RETURNS INTEGER AS $$ABS^%ydboctosqlfunctions;
select "abs"(-1);
select "concat"(firstname, ' ', lastname) from names;
[ERROR]: ERR_UNKNOWN_FUNCTION: No function ABS defined with given parameter types (INTEGER)
LINE 3:1: select "ABS"(-1);
                 ^^^^^
abs
1
(1 row)
concat
Zero Cool
Acid Burn
Cereal Killer
Lord Nikon
Joey 
Zero Cool
(6 rows)
[ERROR]: ERR_UNKNOWN_FUNCTION: No function CONCAT defined with given parameter types (VARCHAR, VARCHAR, VARCHAR)
LINE 6:1: select "CONCAT"(firstname, ' ', lastname) from names; -- Error: ...
                 ^^^^^^^^
[ERROR]: ERR_CANNOT_CREATE_FUNCTION: Function "concat(VARCHAR, VARCHAR, VARCHAR)" already exists with same argument types
[ERROR]: ERR_CANNOT_CREATE_FUNCTION: Function "abs(INTEGER)" already exists with same argument types
abs
1
(1 row)
concat
Zero Cool
Acid Burn
Cereal Killer
Lord Nikon
Joey 
Zero Cool
(6 rows)
# Verify function text definitions for double-quoted identifier and non-double-quoted identifier
# Run [mupip extract] and filter out those global nodes corresponding to function text definitions of ABS/abs
# Expect to see [ABS] not surrounded by double quotes and [abs] surrounded by double quotes
^%ydboctoocto("functions","abs","%ydboctoFCMDmr1RPkcS1QSpZq9WR11","text",0)="CREATE FUNCTION `abs`( INTEGER) RETURNS INTEGER AS $$ABS^%ydboctosqlfunctions;"
^%ydboctoocto("functions","abs","%ydboctoFd8ho2z5XoZT7LbZWVR1J54","text",0)="CREATE FUNCTION `abs`( NUMERIC) RETURNS NUMERIC AS $$ABS^%ydboctosqlfunctions;"
