
-- TCF036 : OCTO519 : Functions with double-quoted identifiers

select "ABS"(-1);
select "abs"(-1); -- Error: function name was defined as uppercase
select "CONCAT"(firstname, ' ', lastname) from names;
select "concat"(firstname, ' ', lastname) from names; -- Error: function name was defined as uppercase

CREATE FUNCTION "concat"(VARCHAR, VARCHAR, VARCHAR) RETURNS VARCHAR AS $$^%ydboctofCONCAT;
CREATE FUNCTION "abs"(INTEGER) RETURNS INTEGER AS $$ABS^%ydboctosqlfunctions;
select "abs"(-1);
select "concat"(firstname, ' ', lastname) from names;
ABS
1
(1 row)
[ERROR]: ERR_UNKNOWN_FUNCTION: No function abs defined with given parameter types (INTEGER)
LINE 4:1: select "abs"(-1); -- Error: function name was defined as upperc...
                 ^^^^^
CONCAT
Zero Cool
Acid Burn
Cereal Killer
Lord Nikon
Joey 
Zero Cool
(6 rows)
[ERROR]: ERR_UNKNOWN_FUNCTION: No function concat defined with given parameter types (VARCHAR, VARCHAR, VARCHAR)
LINE 6:1: select "concat"(firstname, ' ', lastname) from names; -- Error: ...
                 ^^^^^^^^
CREATE FUNCTION
CREATE FUNCTION
abs
1
(1 row)
concat
Zero Cool
Acid Burn
Cereal Killer
Lord Nikon
Joey 
Zero Cool
(6 rows)
