
-- TCF031 : OCTO816 : Octo issues error for ambiguous function calls

CREATE FUNCTION samevalue(integer) RETURNS integer AS $$a1^TCF031;
SELECT samevalue(NULL); -- Call $$a1^TCF031: return 1
SELECT samevalue(1); -- Call $$a1^TCF031: return 1
SELECT samevalue(1.0); -- Error: Unknown function
SELECT samevalue('1'); -- Error: Unknown function
SELECT samevalue(true); -- Error: Unknown function
CREATE FUNCTION samevalue(numeric) RETURNS integer AS $$a2^TCF031;
SELECT samevalue(NULL); -- Error: Function not unique
SELECT samevalue(1); -- Call $$a1^TCF031: return 1
SELECT samevalue(1.0); -- Call $$a2^TCF031: return 2
SELECT samevalue('1'); -- Error: Unknown function
SELECT samevalue(true); -- Error: Unknown function
CREATE FUNCTION samevalue(varchar) RETURNS integer AS $$a3^TCF031;
SELECT samevalue(NULL); -- Error: Function not unique
SELECT samevalue(1); -- Call $$a1^TCF031: return 1
SELECT samevalue(1.0); -- Call $$a2^TCF031: return 2
SELECT samevalue('1'); -- Call $$a2^TCF031: return 3
SELECT samevalue(true); -- Error: Unknown function
CREATE FUNCTION samevalue(boolean) RETURNS integer AS $$a4^TCF031;
SELECT samevalue(NULL); -- Error: Function not unique
SELECT samevalue(1); -- Call $$a1^TCF031: return 1
SELECT samevalue(1.0); -- Call $$a2^TCF031: return 2
SELECT samevalue('1'); -- Call $$a2^TCF031: return 3
SELECT samevalue(true); -- Call $$a4^TCF031: return 4

CREATE FUNCTION secondvalue(integer, integer) RETURNS integer AS $$b1^TCF031;
SELECT secondvalue(NULL, NULL); -- Call $$b1^TCF031: return 1
SELECT secondvalue(1, NULL); -- Call $$b1^TCF031: return 1
SELECT secondvalue(NULL, 1); -- Call $$b1^TCF031: return 1
SELECT secondvalue(1, 1); -- Call $$b1^TCF031: return 1
SELECT secondvalue(1.0, 1); -- Error: Unknown function
CREATE FUNCTION secondvalue(integer, numeric) RETURNS integer AS $$b2^TCF031;
SELECT secondvalue(NULL, NULL); -- Error: Function not unique
SELECT secondvalue(1, NULL); --  Error: Function not unique
SELECT secondvalue(1.0, 1); -- Error: Unknown function
SELECT secondvalue(1, 1); -- Call $$b1^TCF031: return 1
SELECT secondvalue(1, 1.0); -- Call $$b2^TCF031: return 2
CREATE FUNCTION secondvalue(integer, varchar) RETURNS integer AS $$b3^TCF031;
SELECT secondvalue(NULL, NULL); -- Error: Function not unique
SELECT secondvalue(1, NULL); --  Error: Function not unique
SELECT secondvalue('1', 1); -- Error: Unknown function
SELECT secondvalue(1, 1); -- Call $$b1^TCF031: return 1
SELECT secondvalue(1, 1.0); -- Call $$b2^TCF031: return 2
SELECT secondvalue(NULL, '1'); -- Call $$b3^TCF031: return 3
SELECT secondvalue(1, '1'); -- Call $$b3^TCF031: return 3
CREATE FUNCTION secondvalue(integer, boolean) RETURNS integer AS $$b4^TCF031;
SELECT secondvalue(NULL, NULL); -- Error: Function not unique
SELECT secondvalue(1, NULL); --  Error: Function not unique
SELECT secondvalue(true, 1); -- Error: Unknown function
SELECT secondvalue(1, 1); -- Call $$b1^TCF031: return 1
SELECT secondvalue(1, 1.0); -- Call $$b2^TCF031: return 2
SELECT secondvalue(1, '1'); -- Call $$b3^TCF031: return 3
SELECT secondvalue(NULL, true); -- Call $$b4^TCF031: return 4
SELECT secondvalue(1, true); -- Call $$b4^TCF031: return 4
CREATE FUNCTION secondvalue(varchar, integer) RETURNS integer AS $$b5^TCF031;
SELECT secondvalue(NULL, NULL); -- Error: Function not unique
SELECT secondvalue(NULL, 1); --  Error: Function not unique
SELECT secondvalue(1, 1); -- Call $$b1^TCF031: return 1
SELECT secondvalue(1, 1.0); -- Call $$b2^TCF031: return 2
SELECT secondvalue(1, '1'); -- Call $$b3^TCF031: return 3
SELECT secondvalue(NULL, true); -- Call $$b4^TCF031: return 4
SELECT secondvalue(1, true); -- Call $$b4^TCF031: return 4
SELECT secondvalue('1', NULL); -- Call $$b5^TCF031: return 5
SELECT secondvalue('1', 1); -- Call $$b5^TCF031: return 5
CREATE FUNCTION secondvalue(varchar, varchar) RETURNS integer AS $$b6^TCF031;
SELECT secondvalue(NULL, NULL); -- Error: Function not unique
SELECT secondvalue(NULL, '1'); --  Error: Function not unique
SELECT secondvalue('1', NULL); --  Error: Function not unique
SELECT secondvalue(1, 1); -- Call $$b1^TCF031: return 1
SELECT secondvalue(1, 1.0); -- Call $$b2^TCF031: return 2
SELECT secondvalue(1, '1'); -- Call $$b3^TCF031: return 3
SELECT secondvalue(NULL, true); -- Call $$b4^TCF031: return 4
SELECT secondvalue(1, true); -- Call $$b4^TCF031: return 4
SELECT secondvalue('1', 1); -- Call $$b5^TCF031: return 5
SELECT secondvalue('1', '1'); -- Call $$b6^TCF031: return 6

CREATE FUNCTION thirdvalue(integer, boolean, integer) RETURNS integer AS $$c1^TCF031;
SELECT thirdvalue(NULL, NULL, NULL); -- Call $$c1^TCF031: return 1
SELECT thirdvalue(1, NULL, NULL); -- Call $$c1^TCF031: return 1
SELECT thirdvalue(NULL, true, NULL); -- Call $$c1^TCF031: return 1
SELECT thirdvalue(NULL, NULL, 1); -- Call $$c1^TCF031: return 1
SELECT thirdvalue(1, NULL, 1); -- Call $$c1^TCF031: return 1
SELECT thirdvalue(NULL, true, 1); -- Call $$c1^TCF031: return 1
SELECT thirdvalue(1, true, NULL); -- Call $$c1^TCF031: return 1
SELECT thirdvalue(1, true, 1); -- Call $$c1^TCF031: return 1
SELECT thirdvalue(NULL, 1, NULL); -- Error: Unknown function
CREATE FUNCTION thirdvalue(integer, boolean, numeric) RETURNS integer AS $$c2^TCF031;
SELECT thirdvalue(NULL, NULL, NULL); -- Error: Function not unique
SELECT thirdvalue(1, NULL, NULL); -- Error: Function not unique
SELECT thirdvalue(NULL, true, NULL); -- Error: Function not unique
SELECT thirdvalue(1, true, NULL); -- Error: Function not unique
SELECT thirdvalue(NULL, NULL, 1); -- Call $$c1^TCF031: return 1
SELECT thirdvalue(1, NULL, 1); -- Call $$c1^TCF031: return 1
SELECT thirdvalue(NULL, true, 1); -- Call $$c1^TCF031: return 1
SELECT thirdvalue(1, true, 1); -- Call $$c1^TCF031: return 1
SELECT thirdvalue(NULL, NULL, 1.0); -- Call $$c2^TCF031: return 2
SELECT thirdvalue(NULL, true, 1.0); -- Call $$c2^TCF031: return 2
SELECT thirdvalue(1, NULL, 1.0); -- Call $$c2^TCF031: return 2
SELECT thirdvalue(1, true, 1.0); -- Call $$c2^TCF031: return 2
CREATE FUNCTION thirdvalue(integer, numeric, varchar) RETURNS integer AS $$c3^TCF031;
SELECT thirdvalue(NULL, NULL, NULL); -- Error: Function not unique
SELECT thirdvalue(1, NULL, NULL); -- Error: Function not unique
SELECT thirdvalue(NULL, true, NULL); -- Error: Function not unique
SELECT thirdvalue(NULL, NULL, 1); -- Call $$c1^TCF031: return 1
SELECT thirdvalue(NULL, NULL, 1.0); -- Call $$c2^TCF031: return 2
SELECT thirdvalue(NULL, 1.0, NULL); -- Call $$c3^TCF031: return 3
SELECT thirdvalue(NULL, NULL, '1'); -- Call $$c3^TCF031: return 3
SELECT thirdvalue(1, 1.0, NULL); -- Call $$c3^TCF031: return 3
SELECT thirdvalue(1, NULL, '1'); -- Call $$c3^TCF031: return 3
SELECT thirdvalue(NULL, 1.0, '1'); -- Call $$c3^TCF031: return 3
SELECT thirdvalue(1, 1.0, '1'); -- Call $$c3^TCF031: return 3
CREATE FUNCTION thirdvalue(integer, boolean, varchar) RETURNS integer AS $$c4^TCF031;
SELECT thirdvalue(NULL, NULL, NULL); -- Error: Function not unique
SELECT thirdvalue(1, NULL, NULL); -- Error: Function not unique
SELECT thirdvalue(1, true, NULL); -- Error: Function not unique
SELECT thirdvalue(NULL, NULL, '1'); -- Error: Function not unique
SELECT thirdvalue(1, NULL, '1'); -- Error: Function not unique
SELECT thirdvalue(NULL, NULL, 1); -- Call $$c1^TCF031: return 1
SELECT thirdvalue(NULL, NULL, 1.0); -- Call $$c2^TCF031: return 2
SELECT thirdvalue(NULL, 1.0, NULL); -- Call $$c3^TCF031: return 3
SELECT thirdvalue(1, 1.0, '1'); -- Call $$c3^TCF031: return 3
SELECT thirdvalue(NULL, true, '1'); -- Call $$c4^TCF031: return 4
SELECT thirdvalue(1, true, '1'); -- Call $$c4^TCF031: return 4
CREATE FUNCTION thirdvalue(integer, boolean, boolean) RETURNS integer AS $$c5^TCF031;
SELECT thirdvalue(NULL, NULL, NULL); -- Error: Function not unique
SELECT thirdvalue(1, NULL, NULL); -- Error: Function not unique
SELECT thirdvalue(NULL, true, NULL); -- Error: Function not unique
SELECT thirdvalue(1, true, NULL); -- Error: Function not unique
SELECT thirdvalue(NULL, NULL, 1); -- Call $$c1^TCF031: return 1
SELECT thirdvalue(NULL, NULL, 1.0); -- Call $$c2^TCF031: return 2
SELECT thirdvalue(NULL, 1.0, NULL); -- Call $$c3^TCF031: return 3
SELECT thirdvalue(NULL, true, '1'); -- Call $$c4^TCF031: return 4
SELECT thirdvalue(NULL, true, true); -- Call $$c5^TCF031: return 5
SELECT thirdvalue(1, true, true); -- Call $$c5^TCF031: return 5
CREATE FUNCTION thirdvalue(integer, numeric, integer) RETURNS integer AS $$c6^TCF031;
SELECT thirdvalue(NULL, NULL, NULL); -- Error: Function not unique
SELECT thirdvalue(1, NULL, NULL); -- Error: Function not unique
SELECT thirdvalue(NULL, 1.0, NULL); -- Error: Function not unique
SELECT thirdvalue(1, 1.0, NULL); -- Error: Function not unique
SELECT thirdvalue(1, NULL, 1); -- Error: Function not unique
SELECT thirdvalue(NULL, true, 1); -- Call $$c1^TCF031: return 1
SELECT thirdvalue(NULL, NULL, 1.0); -- Call $$c2^TCF031: return 2
SELECT thirdvalue(NULL, 1.0, '1'); -- Call $$c3^TCF031: return 3
SELECT thirdvalue(NULL, true, '1'); -- Call $$c4^TCF031: return 4
SELECT thirdvalue(NULL, true, true); -- Call $$c5^TCF031: return 5
SELECT thirdvalue(NULL, 1.0, 1); -- Call $$c6^TCF031: return 6
SELECT thirdvalue(1, 1.0, 1); -- Call $$c6^TCF031: return 6
CREATE FUNCTION thirdvalue(integer, numeric, numeric) RETURNS integer AS $$c7^TCF031;
SELECT thirdvalue(NULL, NULL, NULL); -- Error: Function not unique
SELECT thirdvalue(1, NULL, NULL); -- Error: Function not unique
SELECT thirdvalue(NULL, 1.0, NULL); -- Error: Function not unique
SELECT thirdvalue(1, 1.0, NULL); -- Error: Function not unique
SELECT thirdvalue(1, NULL, 1.0); -- Error: Function not unique
SELECT thirdvalue(NULL, true, 1); -- Call $$c1^TCF031: return 1
SELECT thirdvalue(NULL, true, 1.0); -- Call $$c2^TCF031: return 2
SELECT thirdvalue(NULL, 1.0, '1'); -- Call $$c3^TCF031: return 3
SELECT thirdvalue(NULL, true, '1'); -- Call $$c4^TCF031: return 4
SELECT thirdvalue(NULL, true, true); -- Call $$c5^TCF031: return 5
SELECT thirdvalue(NULL, 1.0, 1); -- Call $$c6^TCF031: return 6
SELECT thirdvalue(NULL, 1.0, 1.0); -- Call $$c7^TCF031: return 7
SELECT thirdvalue(1, 1.0, 1.0); -- Call $$c7^TCF031: return 7
CREATE FUNCTION thirdvalue(integer, varchar, numeric) RETURNS integer AS $$c8^TCF031;
SELECT thirdvalue(NULL, NULL, NULL); -- Error: Function not unique
SELECT thirdvalue(1, NULL, NULL); -- Error: Function not unique
SELECT thirdvalue(NULL, NULL, 1.0); -- Error: Function not unique
SELECT thirdvalue(1, NULL, 1.0); -- Error: Function not unique
SELECT thirdvalue(NULL, true, 1); -- Call $$c1^TCF031: return 1
SELECT thirdvalue(NULL, true, 1.0); -- Call $$c2^TCF031: return 2
SELECT thirdvalue(NULL, 1.0, '1'); -- Call $$c3^TCF031: return 3
SELECT thirdvalue(NULL, true, '1'); -- Call $$c4^TCF031: return 4
SELECT thirdvalue(NULL, true, true); -- Call $$c5^TCF031: return 5
SELECT thirdvalue(NULL, 1.0, 1); -- Call $$c6^TCF031: return 6
SELECT thirdvalue(NULL, 1.0, 1.0); -- Call $$c7^TCF031: return 7
SELECT thirdvalue(NULL, '1', NULL); -- Call $$c8^TCF031: return 8
SELECT thirdvalue(1, '1', NULL); -- Call $$c8^TCF031: return 8
SELECT thirdvalue(NULL, '1', 1.0); -- Call $$c8^TCF031: return 8
SELECT thirdvalue(1, '1', 1.0); -- Call $$c8^TCF031: return 8
CREATE FUNCTION thirdvalue(integer, numeric, boolean) RETURNS integer AS $$c9^TCF031;
SELECT thirdvalue(NULL, NULL, NULL); -- Error: Function not unique
SELECT thirdvalue(1, NULL, NULL); -- Error: Function not unique
SELECT thirdvalue(NULL, NULL, true); -- Error: Function not unique
SELECT thirdvalue(1, NULL, true); -- Error: Function not unique
SELECT thirdvalue(1, 1.0, NULL); -- Error: Function not unique
SELECT thirdvalue(NULL, true, 1); -- Call $$c1^TCF031: return 1
SELECT thirdvalue(NULL, true, 1.0); -- Call $$c2^TCF031: return 2
SELECT thirdvalue(NULL, 1.0, '1'); -- Call $$c3^TCF031: return 3
SELECT thirdvalue(NULL, true, '1'); -- Call $$c4^TCF031: return 4
SELECT thirdvalue(NULL, true, true); -- Call $$c5^TCF031: return 5
SELECT thirdvalue(NULL, 1.0, 1); -- Call $$c6^TCF031: return 6
SELECT thirdvalue(NULL, 1.0, 1.0); -- Call $$c7^TCF031: return 7
SELECT thirdvalue(NULL, '1', NULL); -- Call $$c8^TCF031: return 8
SELECT thirdvalue(NULL, 1.0, true); -- Call $$c9^TCF031: return 9
SELECT thirdvalue(1, 1.0, true); -- Call $$c9^TCF031: return 9
CREATE FUNCTION thirdvalue(integer, varchar, varchar) RETURNS integer AS $$c10^TCF031;
SELECT thirdvalue(NULL, NULL, NULL); -- Error: Function not unique
SELECT thirdvalue(1, NULL, NULL); -- Error: Function not unique
SELECT thirdvalue(NULL, NULL, '1'); -- Error: Function not unique
SELECT thirdvalue(1, NULL, '1'); -- Error: Function not unique
SELECT thirdvalue(1, '1', NULL); -- Error: Function not unique
SELECT thirdvalue(NULL, '1', NULL); -- Error: Function not unique
SELECT thirdvalue(NULL, true, 1); -- Call $$c1^TCF031: return 1
SELECT thirdvalue(NULL, true, 1.0); -- Call $$c2^TCF031: return 2
SELECT thirdvalue(NULL, 1.0, '1'); -- Call $$c3^TCF031: return 3
SELECT thirdvalue(NULL, true, '1'); -- Call $$c4^TCF031: return 4
SELECT thirdvalue(NULL, true, true); -- Call $$c5^TCF031: return 5
SELECT thirdvalue(NULL, 1.0, 1); -- Call $$c6^TCF031: return 6
SELECT thirdvalue(NULL, 1.0, 1.0); -- Call $$c7^TCF031: return 7
SELECT thirdvalue(NULL, '1', 1.0); -- Call $$c8^TCF031: return 8
SELECT thirdvalue(NULL, 1.0, true); -- Call $$c9^TCF031: return 9
SELECT thirdvalue(NULL, '1', '1'); -- Call $$c10^TCF031: return 10
SELECT thirdvalue(1, '1', '1'); -- Call $$c10^TCF031: return 10
CREATE FUNCTION thirdvalue(numeric, varchar, varchar) RETURNS integer AS $$c11^TCF031;
SELECT thirdvalue(NULL, NULL, NULL); -- Error: Function not unique
SELECT thirdvalue(NULL, NULL, '1'); -- Error: Function not unique
SELECT thirdvalue(NULL, '1', '1'); -- Error: Function not unique
SELECT thirdvalue(NULL, true, 1); -- Call $$c1^TCF031: return 1
SELECT thirdvalue(NULL, true, 1.0); -- Call $$c2^TCF031: return 2
SELECT thirdvalue(NULL, 1.0, '1'); -- Call $$c3^TCF031: return 3
SELECT thirdvalue(NULL, true, '1'); -- Call $$c4^TCF031: return 4
SELECT thirdvalue(NULL, true, true); -- Call $$c5^TCF031: return 5
SELECT thirdvalue(NULL, 1.0, 1); -- Call $$c6^TCF031: return 6
SELECT thirdvalue(NULL, 1.0, 1.0); -- Call $$c7^TCF031: return 7
SELECT thirdvalue(NULL, '1', 1.0); -- Call $$c8^TCF031: return 8
SELECT thirdvalue(NULL, 1.0, true); -- Call $$c9^TCF031: return 9
SELECT thirdvalue(1, '1', '1'); -- Call $$c10^TCF031: return 10
SELECT thirdvalue(1.0, NULL, NULL); -- Call $$c11^TCF031: return 11
SELECT thirdvalue(1.0, '1', NULL); -- Call $$c11^TCF031: return 11
SELECT thirdvalue(1.0, NULL, '1'); -- Call $$c11^TCF031: return 11
SELECT thirdvalue(1.0, '1', '1'); -- Call $$c11^TCF031: return 11
CREATE FUNCTION thirdvalue(varchar, boolean, varchar) RETURNS integer AS $$c12^TCF031;
SELECT thirdvalue(NULL, NULL, NULL); -- Error: Function not unique
SELECT thirdvalue(NULL, true, NULL); -- Error: Function not unique
SELECT thirdvalue(NULL, NULL, '1'); -- Error: Function not unique
SELECT thirdvalue(NULL, true, '1'); -- Error: Function not unique
SELECT thirdvalue(NULL, true, 1); -- Call $$c1^TCF031: return 1
SELECT thirdvalue(NULL, true, 1.0); -- Call $$c2^TCF031: return 2
SELECT thirdvalue(NULL, 1.0, '1'); -- Call $$c3^TCF031: return 3
SELECT thirdvalue(1, true, '1'); -- Call $$c4^TCF031: return 4
SELECT thirdvalue(NULL, true, true); -- Call $$c5^TCF031: return 5
SELECT thirdvalue(NULL, 1.0, 1); -- Call $$c6^TCF031: return 6
SELECT thirdvalue(NULL, 1.0, 1.0); -- Call $$c7^TCF031: return 7
SELECT thirdvalue(NULL, '1', 1.0); -- Call $$c8^TCF031: return 8
SELECT thirdvalue(NULL, 1.0, true); -- Call $$c9^TCF031: return 9
SELECT thirdvalue(1, '1', '1'); -- Call $$c10^TCF031: return 10
SELECT thirdvalue(1.0, NULL, NULL); -- Call $$c11^TCF031: return 11
SELECT thirdvalue('1', NULL, NULL); -- Call $$c12^TCF031: return 12
SELECT thirdvalue('1', true, NULL); -- Call $$c12^TCF031: return 12
SELECT thirdvalue('1', NULL, '1'); -- Call $$c12^TCF031: return 12
SELECT thirdvalue('1', NULL, '1'); -- Call $$c12^TCF031: return 12
SELECT thirdvalue('1', true, '1'); -- Call $$c12^TCF031: return 12
CREATE FUNCTION thirdvalue(varchar, varchar, varchar) RETURNS integer AS $$c13^TCF031;
SELECT thirdvalue(NULL, NULL, NULL); -- Error: Function not unique
SELECT thirdvalue('1', NULL, NULL); -- Error: Function not unique
SELECT thirdvalue(NULL, '1', NULL); -- Error: Function not unique
SELECT thirdvalue(NULL, '1', '1'); -- Error: Function not unique
SELECT thirdvalue('1', NULL, '1'); -- Error: Function not unique
SELECT thirdvalue(NULL, true, 1); -- Call $$c1^TCF031: return 1
SELECT thirdvalue(NULL, true, 1.0); -- Call $$c2^TCF031: return 2
SELECT thirdvalue(NULL, 1.0, '1'); -- Call $$c3^TCF031: return 3
SELECT thirdvalue(1, true, '1'); -- Call $$c4^TCF031: return 4
SELECT thirdvalue(NULL, true, true); -- Call $$c5^TCF031: return 5
SELECT thirdvalue(NULL, 1.0, 1); -- Call $$c6^TCF031: return 6
SELECT thirdvalue(NULL, 1.0, 1.0); -- Call $$c7^TCF031: return 7
SELECT thirdvalue(NULL, '1', 1.0); -- Call $$c8^TCF031: return 8
SELECT thirdvalue(NULL, 1.0, true); -- Call $$c9^TCF031: return 9
SELECT thirdvalue(1, '1', '1'); -- Call $$c10^TCF031: return 10
SELECT thirdvalue(1.0, NULL, NULL); -- Call $$c11^TCF031: return 11
SELECT thirdvalue('1', true, NULL); -- Call $$c12^TCF031: return 12
SELECT thirdvalue('1', '1', '1'); -- Call $$c13^TCF031: return 13
OCTO> CREATE FUNCTION samevalue(integer) RETURNS integer AS $$a1^TCF031;
CREATE FUNCTION
OCTO> SELECT samevalue(NULL);
samevalue
1
(1 row)
OCTO> -- Call $$a1^TCF031: return 1
SELECT samevalue(1);
samevalue
1
(1 row)
[ERROR]: ERR_UNKNOWN_FUNCTION: No function samevalue defined with given parameter types (NUMERIC)
LINE 6:2: SELECT samevalue(1.0); -- Error: Unknown function
                 ^^^^^^^^^
OCTO> -- Call $$a1^TCF031: return 1
SELECT samevalue(1.0);
[ERROR]: ERR_UNKNOWN_FUNCTION: No function samevalue defined with given parameter types (VARCHAR)
LINE 7:2: SELECT samevalue('1'); -- Error: Unknown function
                 ^^^^^^^^^
OCTO> -- Error: Unknown function
SELECT samevalue('1');
[ERROR]: ERR_UNKNOWN_FUNCTION: No function samevalue defined with given parameter types (BOOLEAN)
LINE 8:2: SELECT samevalue(true); -- Error: Unknown function
                 ^^^^^^^^^
OCTO> -- Error: Unknown function
SELECT samevalue(true);
OCTO> -- Error: Unknown function
CREATE FUNCTION samevalue(numeric) RETURNS integer AS $$a2^TCF031;
CREATE FUNCTION
[ERROR]: ERR_FUNCTION_NOT_UNIQUE: Function 'samevalue(NULL)' not unique. Parameter(s) may require explicit type cast(s)
LINE 10:1: SELECT samevalue(NULL); -- Error: Function not unique
                  ^^^^^^^^^
OCTO> SELECT samevalue(NULL);
OCTO> -- Error: Function not unique
SELECT samevalue(1);
samevalue
1
(1 row)
OCTO> -- Call $$a1^TCF031: return 1
SELECT samevalue(1.0);
samevalue
2
(1 row)
[ERROR]: ERR_UNKNOWN_FUNCTION: No function samevalue defined with given parameter types (VARCHAR)
LINE 13:2: SELECT samevalue('1'); -- Error: Unknown function
                  ^^^^^^^^^
OCTO> -- Call $$a2^TCF031: return 2
SELECT samevalue('1');
[ERROR]: ERR_UNKNOWN_FUNCTION: No function samevalue defined with given parameter types (BOOLEAN)
LINE 14:2: SELECT samevalue(true); -- Error: Unknown function
                  ^^^^^^^^^
OCTO> -- Error: Unknown function
SELECT samevalue(true);
OCTO> -- Error: Unknown function
CREATE FUNCTION samevalue(varchar) RETURNS integer AS $$a3^TCF031;
CREATE FUNCTION
OCTO> SELECT samevalue(NULL);
samevalue
3
(1 row)
OCTO> -- Error: Function not unique
SELECT samevalue(1);
samevalue
1
(1 row)
OCTO> -- Call $$a1^TCF031: return 1
SELECT samevalue(1.0);
samevalue
2
(1 row)
OCTO> -- Call $$a2^TCF031: return 2
SELECT samevalue('1');
samevalue
3
(1 row)
[ERROR]: ERR_UNKNOWN_FUNCTION: No function samevalue defined with given parameter types (BOOLEAN)
LINE 20:2: SELECT samevalue(true); -- Error: Unknown function
                  ^^^^^^^^^
OCTO> -- Call $$a2^TCF031: return 3
SELECT samevalue(true);
OCTO> -- Error: Unknown function
CREATE FUNCTION samevalue(boolean) RETURNS integer AS $$a4^TCF031;
CREATE FUNCTION
OCTO> SELECT samevalue(NULL);
samevalue
3
(1 row)
OCTO> -- Error: Function not unique
SELECT samevalue(1);
samevalue
1
(1 row)
OCTO> -- Call $$a1^TCF031: return 1
SELECT samevalue(1.0);
samevalue
2
(1 row)
OCTO> -- Call $$a2^TCF031: return 2
SELECT samevalue('1');
samevalue
3
(1 row)
OCTO> -- Call $$a2^TCF031: return 3
SELECT samevalue(true);
samevalue
4
(1 row)
OCTO> -- Call $$a4^TCF031: return 4

CREATE FUNCTION secondvalue(integer, integer) RETURNS integer AS $$b1^TCF031;
CREATE FUNCTION
OCTO> SELECT secondvalue(NULL, NULL);
secondvalue
1
(1 row)
OCTO> -- Call $$b1^TCF031: return 1
SELECT secondvalue(1, NULL);
secondvalue
1
(1 row)
OCTO> -- Call $$b1^TCF031: return 1
SELECT secondvalue(NULL, 1);
secondvalue
1
(1 row)
OCTO> -- Call $$b1^TCF031: return 1
SELECT secondvalue(1, 1);
secondvalue
1
(1 row)
[ERROR]: ERR_UNKNOWN_FUNCTION: No function secondvalue defined with given parameter types (NUMERIC, INTEGER)
LINE 33:2: SELECT secondvalue(1.0, 1); -- Error: Unknown function
                  ^^^^^^^^^^^
OCTO> -- Call $$b1^TCF031: return 1
SELECT secondvalue(1.0, 1);
OCTO> -- Error: Unknown function
CREATE FUNCTION secondvalue(integer, numeric) RETURNS integer AS $$b2^TCF031;
CREATE FUNCTION
[ERROR]: ERR_FUNCTION_NOT_UNIQUE: Function 'secondvalue(NULL, NULL)' not unique. Parameter(s) may require explicit type cast(s)
LINE 35:1: SELECT secondvalue(NULL, NULL); -- Error: Function not unique
                  ^^^^^^^^^^^
OCTO> SELECT secondvalue(NULL, NULL);
[ERROR]: ERR_FUNCTION_NOT_UNIQUE: Function 'secondvalue(INTEGER, NULL)' not unique. Parameter(s) may require explicit type cast(s)
LINE 36:2: SELECT secondvalue(1, NULL); --  Error: Function not unique
                  ^^^^^^^^^^^
OCTO> -- Error: Function not unique
SELECT secondvalue(1, NULL);
[ERROR]: ERR_UNKNOWN_FUNCTION: No function secondvalue defined with given parameter types (NUMERIC, INTEGER)
LINE 37:2: SELECT secondvalue(1.0, 1); -- Error: Unknown function
                  ^^^^^^^^^^^
OCTO> --  Error: Function not unique
SELECT secondvalue(1.0, 1);
OCTO> -- Error: Unknown function
SELECT secondvalue(1, 1);
secondvalue
1
(1 row)
OCTO> -- Call $$b1^TCF031: return 1
SELECT secondvalue(1, 1.0);
secondvalue
2
(1 row)
OCTO> -- Call $$b2^TCF031: return 2
CREATE FUNCTION secondvalue(integer, varchar) RETURNS integer AS $$b3^TCF031;
CREATE FUNCTION
[ERROR]: ERR_FUNCTION_NOT_UNIQUE: Function 'secondvalue(NULL, NULL)' not unique. Parameter(s) may require explicit type cast(s)
LINE 41:1: SELECT secondvalue(NULL, NULL); -- Error: Function not unique
                  ^^^^^^^^^^^
OCTO> SELECT secondvalue(NULL, NULL);
OCTO> -- Error: Function not unique
SELECT secondvalue(1, NULL);
secondvalue
3
(1 row)
[ERROR]: ERR_UNKNOWN_FUNCTION: No function secondvalue defined with given parameter types (VARCHAR, INTEGER)
LINE 43:2: SELECT secondvalue('1', 1); -- Error: Unknown function
                  ^^^^^^^^^^^
OCTO> --  Error: Function not unique
SELECT secondvalue('1', 1);
OCTO> -- Error: Unknown function
SELECT secondvalue(1, 1);
secondvalue
1
(1 row)
OCTO> -- Call $$b1^TCF031: return 1
SELECT secondvalue(1, 1.0);
secondvalue
2
(1 row)
OCTO> -- Call $$b2^TCF031: return 2
SELECT secondvalue(NULL, '1');
secondvalue
3
(1 row)
OCTO> -- Call $$b3^TCF031: return 3
SELECT secondvalue(1, '1');
secondvalue
3
(1 row)
OCTO> -- Call $$b3^TCF031: return 3
CREATE FUNCTION secondvalue(integer, boolean) RETURNS integer AS $$b4^TCF031;
CREATE FUNCTION
[ERROR]: ERR_FUNCTION_NOT_UNIQUE: Function 'secondvalue(NULL, NULL)' not unique. Parameter(s) may require explicit type cast(s)
LINE 49:1: SELECT secondvalue(NULL, NULL); -- Error: Function not unique
                  ^^^^^^^^^^^
OCTO> SELECT secondvalue(NULL, NULL);
OCTO> -- Error: Function not unique
SELECT secondvalue(1, NULL);
secondvalue
3
(1 row)
[ERROR]: ERR_UNKNOWN_FUNCTION: No function secondvalue defined with given parameter types (BOOLEAN, INTEGER)
LINE 51:2: SELECT secondvalue(true, 1); -- Error: Unknown function
                  ^^^^^^^^^^^
OCTO> --  Error: Function not unique
SELECT secondvalue(true, 1);
OCTO> -- Error: Unknown function
SELECT secondvalue(1, 1);
secondvalue
1
(1 row)
OCTO> -- Call $$b1^TCF031: return 1
SELECT secondvalue(1, 1.0);
secondvalue
2
(1 row)
OCTO> -- Call $$b2^TCF031: return 2
SELECT secondvalue(1, '1');
secondvalue
3
(1 row)
OCTO> -- Call $$b3^TCF031: return 3
SELECT secondvalue(NULL, true);
secondvalue
4
(1 row)
OCTO> -- Call $$b4^TCF031: return 4
SELECT secondvalue(1, true);
secondvalue
4
(1 row)
OCTO> -- Call $$b4^TCF031: return 4
CREATE FUNCTION secondvalue(varchar, integer) RETURNS integer AS $$b5^TCF031;
CREATE FUNCTION
[ERROR]: ERR_FUNCTION_NOT_UNIQUE: Function 'secondvalue(NULL, NULL)' not unique. Parameter(s) may require explicit type cast(s)
LINE 58:1: SELECT secondvalue(NULL, NULL); -- Error: Function not unique
                  ^^^^^^^^^^^
OCTO> SELECT secondvalue(NULL, NULL);
OCTO> -- Error: Function not unique
SELECT secondvalue(NULL, 1);
secondvalue
5
(1 row)
OCTO> --  Error: Function not unique
SELECT secondvalue(1, 1);
secondvalue
1
(1 row)
OCTO> -- Call $$b1^TCF031: return 1
SELECT secondvalue(1, 1.0);
secondvalue
2
(1 row)
OCTO> -- Call $$b2^TCF031: return 2
SELECT secondvalue(1, '1');
secondvalue
3
(1 row)
OCTO> -- Call $$b3^TCF031: return 3
SELECT secondvalue(NULL, true);
secondvalue
4
(1 row)
OCTO> -- Call $$b4^TCF031: return 4
SELECT secondvalue(1, true);
secondvalue
4
(1 row)
OCTO> -- Call $$b4^TCF031: return 4
SELECT secondvalue('1', NULL);
secondvalue
5
(1 row)
OCTO> -- Call $$b5^TCF031: return 5
SELECT secondvalue('1', 1);
secondvalue
5
(1 row)
OCTO> -- Call $$b5^TCF031: return 5
CREATE FUNCTION secondvalue(varchar, varchar) RETURNS integer AS $$b6^TCF031;
CREATE FUNCTION
OCTO> SELECT secondvalue(NULL, NULL);
secondvalue
6
(1 row)
OCTO> -- Error: Function not unique
SELECT secondvalue(NULL, '1');
secondvalue
6
(1 row)
OCTO> --  Error: Function not unique
SELECT secondvalue('1', NULL);
secondvalue
6
(1 row)
OCTO> --  Error: Function not unique
SELECT secondvalue(1, 1);
secondvalue
1
(1 row)
OCTO> -- Call $$b1^TCF031: return 1
SELECT secondvalue(1, 1.0);
secondvalue
2
(1 row)
OCTO> -- Call $$b2^TCF031: return 2
SELECT secondvalue(1, '1');
secondvalue
3
(1 row)
OCTO> -- Call $$b3^TCF031: return 3
SELECT secondvalue(NULL, true);
secondvalue
4
(1 row)
OCTO> -- Call $$b4^TCF031: return 4
SELECT secondvalue(1, true);
secondvalue
4
(1 row)
OCTO> -- Call $$b4^TCF031: return 4
SELECT secondvalue('1', 1);
secondvalue
5
(1 row)
OCTO> -- Call $$b5^TCF031: return 5
SELECT secondvalue('1', '1');
secondvalue
6
(1 row)
OCTO> -- Call $$b6^TCF031: return 6

CREATE FUNCTION thirdvalue(integer, boolean, integer) RETURNS integer AS $$c1^TCF031;
CREATE FUNCTION
OCTO> SELECT thirdvalue(NULL, NULL, NULL);
thirdvalue
1
(1 row)
OCTO> -- Call $$c1^TCF031: return 1
SELECT thirdvalue(1, NULL, NULL);
thirdvalue
1
(1 row)
OCTO> -- Call $$c1^TCF031: return 1
SELECT thirdvalue(NULL, true, NULL);
thirdvalue
1
(1 row)
OCTO> -- Call $$c1^TCF031: return 1
SELECT thirdvalue(NULL, NULL, 1);
thirdvalue
1
(1 row)
OCTO> -- Call $$c1^TCF031: return 1
SELECT thirdvalue(1, NULL, 1);
thirdvalue
1
(1 row)
OCTO> -- Call $$c1^TCF031: return 1
SELECT thirdvalue(NULL, true, 1);
thirdvalue
1
(1 row)
OCTO> -- Call $$c1^TCF031: return 1
SELECT thirdvalue(1, true, NULL);
thirdvalue
1
(1 row)
OCTO> -- Call $$c1^TCF031: return 1
SELECT thirdvalue(1, true, 1);
thirdvalue
1
(1 row)
[ERROR]: ERR_UNKNOWN_FUNCTION: No function thirdvalue defined with given parameter types (NULL, INTEGER, NULL)
LINE 88:2: SELECT thirdvalue(NULL, 1, NULL); -- Error: Unknown function
                  ^^^^^^^^^^
OCTO> -- Call $$c1^TCF031: return 1
SELECT thirdvalue(NULL, 1, NULL);
OCTO> -- Error: Unknown function
CREATE FUNCTION thirdvalue(integer, boolean, numeric) RETURNS integer AS $$c2^TCF031;
CREATE FUNCTION
[ERROR]: ERR_FUNCTION_NOT_UNIQUE: Function 'thirdvalue(NULL, NULL, NULL)' not unique. Parameter(s) may require explicit type cast(s)
LINE 90:1: SELECT thirdvalue(NULL, NULL, NULL); -- Error: Function not uniq...
                  ^^^^^^^^^^
OCTO> SELECT thirdvalue(NULL, NULL, NULL);
[ERROR]: ERR_FUNCTION_NOT_UNIQUE: Function 'thirdvalue(INTEGER, NULL, NULL)' not unique. Parameter(s) may require explicit type cast(s)
LINE 91:2: SELECT thirdvalue(1, NULL, NULL); -- Error: Function not unique
                  ^^^^^^^^^^
OCTO> -- Error: Function not unique
SELECT thirdvalue(1, NULL, NULL);
[ERROR]: ERR_FUNCTION_NOT_UNIQUE: Function 'thirdvalue(NULL, BOOLEAN, NULL)' not unique. Parameter(s) may require explicit type cast(s)
LINE 92:2: SELECT thirdvalue(NULL, true, NULL); -- Error: Function not uniq...
                  ^^^^^^^^^^
OCTO> -- Error: Function not unique
SELECT thirdvalue(NULL, true, NULL);
[ERROR]: ERR_FUNCTION_NOT_UNIQUE: Function 'thirdvalue(INTEGER, BOOLEAN, NULL)' not unique. Parameter(s) may require explicit type cast(s)
LINE 93:2: SELECT thirdvalue(1, true, NULL); -- Error: Function not unique
                  ^^^^^^^^^^
OCTO> -- Error: Function not unique
SELECT thirdvalue(1, true, NULL);
[ERROR]: ERR_FUNCTION_NOT_UNIQUE: Function 'thirdvalue(NULL, NULL, INTEGER)' not unique. Parameter(s) may require explicit type cast(s)
LINE 94:2: SELECT thirdvalue(NULL, NULL, 1); -- Call $$c1^TCF031: return 1
                  ^^^^^^^^^^
OCTO> -- Error: Function not unique
SELECT thirdvalue(NULL, NULL, 1);
[ERROR]: ERR_FUNCTION_NOT_UNIQUE: Function 'thirdvalue(INTEGER, NULL, INTEGER)' not unique. Parameter(s) may require explicit type cast(s)
LINE 95:2: SELECT thirdvalue(1, NULL, 1); -- Call $$c1^TCF031: return 1
                  ^^^^^^^^^^
OCTO> -- Call $$c1^TCF031: return 1
SELECT thirdvalue(1, NULL, 1);
[ERROR]: ERR_FUNCTION_NOT_UNIQUE: Function 'thirdvalue(NULL, BOOLEAN, INTEGER)' not unique. Parameter(s) may require explicit type cast(s)
LINE 96:2: SELECT thirdvalue(NULL, true, 1); -- Call $$c1^TCF031: return 1
                  ^^^^^^^^^^
OCTO> -- Call $$c1^TCF031: return 1
SELECT thirdvalue(NULL, true, 1);
OCTO> -- Call $$c1^TCF031: return 1
SELECT thirdvalue(1, true, 1);
thirdvalue
1
(1 row)
OCTO> -- Call $$c1^TCF031: return 1
SELECT thirdvalue(NULL, NULL, 1.0);
thirdvalue
2
(1 row)
OCTO> -- Call $$c2^TCF031: return 2
SELECT thirdvalue(NULL, true, 1.0);
thirdvalue
2
(1 row)
OCTO> -- Call $$c2^TCF031: return 2
SELECT thirdvalue(1, NULL, 1.0);
thirdvalue
2
(1 row)
OCTO> -- Call $$c2^TCF031: return 2
SELECT thirdvalue(1, true, 1.0);
thirdvalue
2
(1 row)
OCTO> -- Call $$c2^TCF031: return 2
CREATE FUNCTION thirdvalue(integer, numeric, varchar) RETURNS integer AS $$c3^TCF031;
CREATE FUNCTION
[ERROR]: ERR_FUNCTION_NOT_UNIQUE: Function 'thirdvalue(NULL, NULL, NULL)' not unique. Parameter(s) may require explicit type cast(s)
LINE 103:1: SELECT thirdvalue(NULL, NULL, NULL); -- Error: Function not uniq...
                   ^^^^^^^^^^
OCTO> SELECT thirdvalue(NULL, NULL, NULL);
[ERROR]: ERR_FUNCTION_NOT_UNIQUE: Function 'thirdvalue(INTEGER, NULL, NULL)' not unique. Parameter(s) may require explicit type cast(s)
LINE 104:2: SELECT thirdvalue(1, NULL, NULL); -- Error: Function not unique
                   ^^^^^^^^^^
OCTO> -- Error: Function not unique
SELECT thirdvalue(1, NULL, NULL);
[ERROR]: ERR_FUNCTION_NOT_UNIQUE: Function 'thirdvalue(NULL, BOOLEAN, NULL)' not unique. Parameter(s) may require explicit type cast(s)
LINE 105:2: SELECT thirdvalue(NULL, true, NULL); -- Error: Function not uniq...
                   ^^^^^^^^^^
OCTO> -- Error: Function not unique
SELECT thirdvalue(NULL, true, NULL);
[ERROR]: ERR_FUNCTION_NOT_UNIQUE: Function 'thirdvalue(NULL, NULL, INTEGER)' not unique. Parameter(s) may require explicit type cast(s)
LINE 106:2: SELECT thirdvalue(NULL, NULL, 1); -- Call $$c1^TCF031: return 1
                   ^^^^^^^^^^
OCTO> -- Error: Function not unique
SELECT thirdvalue(NULL, NULL, 1);
OCTO> -- Call $$c1^TCF031: return 1
SELECT thirdvalue(NULL, NULL, 1.0);
thirdvalue
2
(1 row)
OCTO> -- Call $$c2^TCF031: return 2
SELECT thirdvalue(NULL, 1.0, NULL);
thirdvalue
3
(1 row)
OCTO> -- Call $$c3^TCF031: return 3
SELECT thirdvalue(NULL, NULL, '1');
thirdvalue
3
(1 row)
OCTO> -- Call $$c3^TCF031: return 3
SELECT thirdvalue(1, 1.0, NULL);
thirdvalue
3
(1 row)
OCTO> -- Call $$c3^TCF031: return 3
SELECT thirdvalue(1, NULL, '1');
thirdvalue
3
(1 row)
OCTO> -- Call $$c3^TCF031: return 3
SELECT thirdvalue(NULL, 1.0, '1');
thirdvalue
3
(1 row)
OCTO> -- Call $$c3^TCF031: return 3
SELECT thirdvalue(1, 1.0, '1');
thirdvalue
3
(1 row)
OCTO> -- Call $$c3^TCF031: return 3
CREATE FUNCTION thirdvalue(integer, boolean, varchar) RETURNS integer AS $$c4^TCF031;
CREATE FUNCTION
[ERROR]: ERR_FUNCTION_NOT_UNIQUE: Function 'thirdvalue(NULL, NULL, NULL)' not unique. Parameter(s) may require explicit type cast(s)
LINE 115:1: SELECT thirdvalue(NULL, NULL, NULL); -- Error: Function not uniq...
                   ^^^^^^^^^^
OCTO> SELECT thirdvalue(NULL, NULL, NULL);
[ERROR]: ERR_FUNCTION_NOT_UNIQUE: Function 'thirdvalue(INTEGER, NULL, NULL)' not unique. Parameter(s) may require explicit type cast(s)
LINE 116:2: SELECT thirdvalue(1, NULL, NULL); -- Error: Function not unique
                   ^^^^^^^^^^
OCTO> -- Error: Function not unique
SELECT thirdvalue(1, NULL, NULL);
OCTO> -- Error: Function not unique
SELECT thirdvalue(1, true, NULL);
thirdvalue
4
(1 row)
[ERROR]: ERR_FUNCTION_NOT_UNIQUE: Function 'thirdvalue(NULL, NULL, VARCHAR)' not unique. Parameter(s) may require explicit type cast(s)
LINE 118:2: SELECT thirdvalue(NULL, NULL, '1'); -- Error: Function not uniqu...
                   ^^^^^^^^^^
OCTO> -- Error: Function not unique
SELECT thirdvalue(NULL, NULL, '1');
[ERROR]: ERR_FUNCTION_NOT_UNIQUE: Function 'thirdvalue(INTEGER, NULL, VARCHAR)' not unique. Parameter(s) may require explicit type cast(s)
LINE 119:2: SELECT thirdvalue(1, NULL, '1'); -- Error: Function not unique
                   ^^^^^^^^^^
OCTO> -- Error: Function not unique
SELECT thirdvalue(1, NULL, '1');
[ERROR]: ERR_FUNCTION_NOT_UNIQUE: Function 'thirdvalue(NULL, NULL, INTEGER)' not unique. Parameter(s) may require explicit type cast(s)
LINE 120:2: SELECT thirdvalue(NULL, NULL, 1); -- Call $$c1^TCF031: return 1
                   ^^^^^^^^^^
OCTO> -- Error: Function not unique
SELECT thirdvalue(NULL, NULL, 1);
OCTO> -- Call $$c1^TCF031: return 1
SELECT thirdvalue(NULL, NULL, 1.0);
thirdvalue
2
(1 row)
OCTO> -- Call $$c2^TCF031: return 2
SELECT thirdvalue(NULL, 1.0, NULL);
thirdvalue
3
(1 row)
OCTO> -- Call $$c3^TCF031: return 3
SELECT thirdvalue(1, 1.0, '1');
thirdvalue
3
(1 row)
OCTO> -- Call $$c3^TCF031: return 3
SELECT thirdvalue(NULL, true, '1');
thirdvalue
4
(1 row)
OCTO> -- Call $$c4^TCF031: return 4
SELECT thirdvalue(1, true, '1');
thirdvalue
4
(1 row)
OCTO> -- Call $$c4^TCF031: return 4
CREATE FUNCTION thirdvalue(integer, boolean, boolean) RETURNS integer AS $$c5^TCF031;
CREATE FUNCTION
[ERROR]: ERR_FUNCTION_NOT_UNIQUE: Function 'thirdvalue(NULL, NULL, NULL)' not unique. Parameter(s) may require explicit type cast(s)
LINE 127:1: SELECT thirdvalue(NULL, NULL, NULL); -- Error: Function not uniq...
                   ^^^^^^^^^^
OCTO> SELECT thirdvalue(NULL, NULL, NULL);
[ERROR]: ERR_FUNCTION_NOT_UNIQUE: Function 'thirdvalue(INTEGER, NULL, NULL)' not unique. Parameter(s) may require explicit type cast(s)
LINE 128:2: SELECT thirdvalue(1, NULL, NULL); -- Error: Function not unique
                   ^^^^^^^^^^
OCTO> -- Error: Function not unique
SELECT thirdvalue(1, NULL, NULL);
[ERROR]: ERR_FUNCTION_NOT_UNIQUE: Function 'thirdvalue(NULL, BOOLEAN, NULL)' not unique. Parameter(s) may require explicit type cast(s)
LINE 129:2: SELECT thirdvalue(NULL, true, NULL); -- Error: Function not uniq...
                   ^^^^^^^^^^
OCTO> -- Error: Function not unique
SELECT thirdvalue(NULL, true, NULL);
OCTO> -- Error: Function not unique
SELECT thirdvalue(1, true, NULL);
thirdvalue
4
(1 row)
[ERROR]: ERR_FUNCTION_NOT_UNIQUE: Function 'thirdvalue(NULL, NULL, INTEGER)' not unique. Parameter(s) may require explicit type cast(s)
LINE 131:2: SELECT thirdvalue(NULL, NULL, 1); -- Call $$c1^TCF031: return 1
                   ^^^^^^^^^^
OCTO> -- Error: Function not unique
SELECT thirdvalue(NULL, NULL, 1);
OCTO> -- Call $$c1^TCF031: return 1
SELECT thirdvalue(NULL, NULL, 1.0);
thirdvalue
2
(1 row)
OCTO> -- Call $$c2^TCF031: return 2
SELECT thirdvalue(NULL, 1.0, NULL);
thirdvalue
3
(1 row)
OCTO> -- Call $$c3^TCF031: return 3
SELECT thirdvalue(NULL, true, '1');
thirdvalue
4
(1 row)
OCTO> -- Call $$c4^TCF031: return 4
SELECT thirdvalue(NULL, true, true);
thirdvalue
5
(1 row)
OCTO> -- Call $$c5^TCF031: return 5
SELECT thirdvalue(1, true, true);
thirdvalue
5
(1 row)
OCTO> -- Call $$c5^TCF031: return 5
CREATE FUNCTION thirdvalue(integer, numeric, integer) RETURNS integer AS $$c6^TCF031;
CREATE FUNCTION
[ERROR]: ERR_FUNCTION_NOT_UNIQUE: Function 'thirdvalue(NULL, NULL, NULL)' not unique. Parameter(s) may require explicit type cast(s)
LINE 138:1: SELECT thirdvalue(NULL, NULL, NULL); -- Error: Function not uniq...
                   ^^^^^^^^^^
OCTO> SELECT thirdvalue(NULL, NULL, NULL);
[ERROR]: ERR_FUNCTION_NOT_UNIQUE: Function 'thirdvalue(INTEGER, NULL, NULL)' not unique. Parameter(s) may require explicit type cast(s)
LINE 139:2: SELECT thirdvalue(1, NULL, NULL); -- Error: Function not unique
                   ^^^^^^^^^^
OCTO> -- Error: Function not unique
SELECT thirdvalue(1, NULL, NULL);
[ERROR]: ERR_FUNCTION_NOT_UNIQUE: Function 'thirdvalue(NULL, NUMERIC, NULL)' not unique. Parameter(s) may require explicit type cast(s)
LINE 140:2: SELECT thirdvalue(NULL, 1.0, NULL); -- Error: Function not uniqu...
                   ^^^^^^^^^^
OCTO> -- Error: Function not unique
SELECT thirdvalue(NULL, 1.0, NULL);
OCTO> -- Error: Function not unique
SELECT thirdvalue(1, 1.0, NULL);
thirdvalue
3
(1 row)
[ERROR]: ERR_FUNCTION_NOT_UNIQUE: Function 'thirdvalue(INTEGER, NULL, INTEGER)' not unique. Parameter(s) may require explicit type cast(s)
LINE 142:2: SELECT thirdvalue(1, NULL, 1); -- Error: Function not unique
                   ^^^^^^^^^^
OCTO> -- Error: Function not unique
SELECT thirdvalue(1, NULL, 1);
[ERROR]: ERR_FUNCTION_NOT_UNIQUE: Function 'thirdvalue(NULL, BOOLEAN, INTEGER)' not unique. Parameter(s) may require explicit type cast(s)
LINE 143:2: SELECT thirdvalue(NULL, true, 1); -- Call $$c1^TCF031: return 1
                   ^^^^^^^^^^
OCTO> -- Error: Function not unique
SELECT thirdvalue(NULL, true, 1);
OCTO> -- Call $$c1^TCF031: return 1
SELECT thirdvalue(NULL, NULL, 1.0);
thirdvalue
2
(1 row)
OCTO> -- Call $$c2^TCF031: return 2
SELECT thirdvalue(NULL, 1.0, '1');
thirdvalue
3
(1 row)
OCTO> -- Call $$c3^TCF031: return 3
SELECT thirdvalue(NULL, true, '1');
thirdvalue
4
(1 row)
OCTO> -- Call $$c4^TCF031: return 4
SELECT thirdvalue(NULL, true, true);
thirdvalue
5
(1 row)
OCTO> -- Call $$c5^TCF031: return 5
SELECT thirdvalue(NULL, 1.0, 1);
thirdvalue
6
(1 row)
OCTO> -- Call $$c6^TCF031: return 6
SELECT thirdvalue(1, 1.0, 1);
thirdvalue
6
(1 row)
OCTO> -- Call $$c6^TCF031: return 6
CREATE FUNCTION thirdvalue(integer, numeric, numeric) RETURNS integer AS $$c7^TCF031;
CREATE FUNCTION
[ERROR]: ERR_FUNCTION_NOT_UNIQUE: Function 'thirdvalue(NULL, NULL, NULL)' not unique. Parameter(s) may require explicit type cast(s)
LINE 151:1: SELECT thirdvalue(NULL, NULL, NULL); -- Error: Function not uniq...
                   ^^^^^^^^^^
OCTO> SELECT thirdvalue(NULL, NULL, NULL);
[ERROR]: ERR_FUNCTION_NOT_UNIQUE: Function 'thirdvalue(INTEGER, NULL, NULL)' not unique. Parameter(s) may require explicit type cast(s)
LINE 152:2: SELECT thirdvalue(1, NULL, NULL); -- Error: Function not unique
                   ^^^^^^^^^^
OCTO> -- Error: Function not unique
SELECT thirdvalue(1, NULL, NULL);
[ERROR]: ERR_FUNCTION_NOT_UNIQUE: Function 'thirdvalue(NULL, NUMERIC, NULL)' not unique. Parameter(s) may require explicit type cast(s)
LINE 153:2: SELECT thirdvalue(NULL, 1.0, NULL); -- Error: Function not uniqu...
                   ^^^^^^^^^^
OCTO> -- Error: Function not unique
SELECT thirdvalue(NULL, 1.0, NULL);
OCTO> -- Error: Function not unique
SELECT thirdvalue(1, 1.0, NULL);
thirdvalue
3
(1 row)
[ERROR]: ERR_FUNCTION_NOT_UNIQUE: Function 'thirdvalue(INTEGER, NULL, NUMERIC)' not unique. Parameter(s) may require explicit type cast(s)
LINE 155:2: SELECT thirdvalue(1, NULL, 1.0); -- Error: Function not unique
                   ^^^^^^^^^^
OCTO> -- Error: Function not unique
SELECT thirdvalue(1, NULL, 1.0);
[ERROR]: ERR_FUNCTION_NOT_UNIQUE: Function 'thirdvalue(NULL, BOOLEAN, INTEGER)' not unique. Parameter(s) may require explicit type cast(s)
LINE 156:2: SELECT thirdvalue(NULL, true, 1); -- Call $$c1^TCF031: return 1
                   ^^^^^^^^^^
OCTO> -- Error: Function not unique
SELECT thirdvalue(NULL, true, 1);
OCTO> -- Call $$c1^TCF031: return 1
SELECT thirdvalue(NULL, true, 1.0);
thirdvalue
2
(1 row)
OCTO> -- Call $$c2^TCF031: return 2
SELECT thirdvalue(NULL, 1.0, '1');
thirdvalue
3
(1 row)
OCTO> -- Call $$c3^TCF031: return 3
SELECT thirdvalue(NULL, true, '1');
thirdvalue
4
(1 row)
OCTO> -- Call $$c4^TCF031: return 4
SELECT thirdvalue(NULL, true, true);
thirdvalue
5
(1 row)
[ERROR]: ERR_FUNCTION_NOT_UNIQUE: Function 'thirdvalue(NULL, NUMERIC, INTEGER)' not unique. Parameter(s) may require explicit type cast(s)
LINE 161:2: SELECT thirdvalue(NULL, 1.0, 1); -- Call $$c6^TCF031: return 6
                   ^^^^^^^^^^
OCTO> -- Call $$c5^TCF031: return 5
SELECT thirdvalue(NULL, 1.0, 1);
OCTO> -- Call $$c6^TCF031: return 6
SELECT thirdvalue(NULL, 1.0, 1.0);
thirdvalue
7
(1 row)
OCTO> -- Call $$c7^TCF031: return 7
SELECT thirdvalue(1, 1.0, 1.0);
thirdvalue
7
(1 row)
OCTO> -- Call $$c7^TCF031: return 7
CREATE FUNCTION thirdvalue(integer, varchar, numeric) RETURNS integer AS $$c8^TCF031;
CREATE FUNCTION
[ERROR]: ERR_FUNCTION_NOT_UNIQUE: Function 'thirdvalue(NULL, NULL, NULL)' not unique. Parameter(s) may require explicit type cast(s)
LINE 165:1: SELECT thirdvalue(NULL, NULL, NULL); -- Error: Function not uniq...
                   ^^^^^^^^^^
OCTO> SELECT thirdvalue(NULL, NULL, NULL);
[ERROR]: ERR_FUNCTION_NOT_UNIQUE: Function 'thirdvalue(INTEGER, NULL, NULL)' not unique. Parameter(s) may require explicit type cast(s)
LINE 166:2: SELECT thirdvalue(1, NULL, NULL); -- Error: Function not unique
                   ^^^^^^^^^^
OCTO> -- Error: Function not unique
SELECT thirdvalue(1, NULL, NULL);
[ERROR]: ERR_FUNCTION_NOT_UNIQUE: Function 'thirdvalue(NULL, NULL, NUMERIC)' not unique. Parameter(s) may require explicit type cast(s)
LINE 167:2: SELECT thirdvalue(NULL, NULL, 1.0); -- Error: Function not uniqu...
                   ^^^^^^^^^^
OCTO> -- Error: Function not unique
SELECT thirdvalue(NULL, NULL, 1.0);
OCTO> -- Error: Function not unique
SELECT thirdvalue(1, NULL, 1.0);
thirdvalue
8
(1 row)
[ERROR]: ERR_FUNCTION_NOT_UNIQUE: Function 'thirdvalue(NULL, BOOLEAN, INTEGER)' not unique. Parameter(s) may require explicit type cast(s)
LINE 169:2: SELECT thirdvalue(NULL, true, 1); -- Call $$c1^TCF031: return 1
                   ^^^^^^^^^^
OCTO> -- Error: Function not unique
SELECT thirdvalue(NULL, true, 1);
OCTO> -- Call $$c1^TCF031: return 1
SELECT thirdvalue(NULL, true, 1.0);
thirdvalue
2
(1 row)
OCTO> -- Call $$c2^TCF031: return 2
SELECT thirdvalue(NULL, 1.0, '1');
thirdvalue
3
(1 row)
OCTO> -- Call $$c3^TCF031: return 3
SELECT thirdvalue(NULL, true, '1');
thirdvalue
4
(1 row)
OCTO> -- Call $$c4^TCF031: return 4
SELECT thirdvalue(NULL, true, true);
thirdvalue
5
(1 row)
[ERROR]: ERR_FUNCTION_NOT_UNIQUE: Function 'thirdvalue(NULL, NUMERIC, INTEGER)' not unique. Parameter(s) may require explicit type cast(s)
LINE 174:2: SELECT thirdvalue(NULL, 1.0, 1); -- Call $$c6^TCF031: return 6
                   ^^^^^^^^^^
OCTO> -- Call $$c5^TCF031: return 5
SELECT thirdvalue(NULL, 1.0, 1);
OCTO> -- Call $$c6^TCF031: return 6
SELECT thirdvalue(NULL, 1.0, 1.0);
thirdvalue
7
(1 row)
OCTO> -- Call $$c7^TCF031: return 7
SELECT thirdvalue(NULL, '1', NULL);
thirdvalue
8
(1 row)
OCTO> -- Call $$c8^TCF031: return 8
SELECT thirdvalue(1, '1', NULL);
thirdvalue
8
(1 row)
OCTO> -- Call $$c8^TCF031: return 8
SELECT thirdvalue(NULL, '1', 1.0);
thirdvalue
8
(1 row)
OCTO> -- Call $$c8^TCF031: return 8
SELECT thirdvalue(1, '1', 1.0);
thirdvalue
8
(1 row)
OCTO> -- Call $$c8^TCF031: return 8
CREATE FUNCTION thirdvalue(integer, numeric, boolean) RETURNS integer AS $$c9^TCF031;
CREATE FUNCTION
[ERROR]: ERR_FUNCTION_NOT_UNIQUE: Function 'thirdvalue(NULL, NULL, NULL)' not unique. Parameter(s) may require explicit type cast(s)
LINE 181:1: SELECT thirdvalue(NULL, NULL, NULL); -- Error: Function not uniq...
                   ^^^^^^^^^^
OCTO> SELECT thirdvalue(NULL, NULL, NULL);
[ERROR]: ERR_FUNCTION_NOT_UNIQUE: Function 'thirdvalue(INTEGER, NULL, NULL)' not unique. Parameter(s) may require explicit type cast(s)
LINE 182:2: SELECT thirdvalue(1, NULL, NULL); -- Error: Function not unique
                   ^^^^^^^^^^
OCTO> -- Error: Function not unique
SELECT thirdvalue(1, NULL, NULL);
[ERROR]: ERR_FUNCTION_NOT_UNIQUE: Function 'thirdvalue(NULL, NULL, BOOLEAN)' not unique. Parameter(s) may require explicit type cast(s)
LINE 183:2: SELECT thirdvalue(NULL, NULL, true); -- Error: Function not uniq...
                   ^^^^^^^^^^
OCTO> -- Error: Function not unique
SELECT thirdvalue(NULL, NULL, true);
[ERROR]: ERR_FUNCTION_NOT_UNIQUE: Function 'thirdvalue(INTEGER, NULL, BOOLEAN)' not unique. Parameter(s) may require explicit type cast(s)
LINE 184:2: SELECT thirdvalue(1, NULL, true); -- Error: Function not unique
                   ^^^^^^^^^^
OCTO> -- Error: Function not unique
SELECT thirdvalue(1, NULL, true);
OCTO> -- Error: Function not unique
SELECT thirdvalue(1, 1.0, NULL);
thirdvalue
3
(1 row)
[ERROR]: ERR_FUNCTION_NOT_UNIQUE: Function 'thirdvalue(NULL, BOOLEAN, INTEGER)' not unique. Parameter(s) may require explicit type cast(s)
LINE 186:2: SELECT thirdvalue(NULL, true, 1); -- Call $$c1^TCF031: return 1
                   ^^^^^^^^^^
OCTO> -- Error: Function not unique
SELECT thirdvalue(NULL, true, 1);
OCTO> -- Call $$c1^TCF031: return 1
SELECT thirdvalue(NULL, true, 1.0);
thirdvalue
2
(1 row)
OCTO> -- Call $$c2^TCF031: return 2
SELECT thirdvalue(NULL, 1.0, '1');
thirdvalue
3
(1 row)
OCTO> -- Call $$c3^TCF031: return 3
SELECT thirdvalue(NULL, true, '1');
thirdvalue
4
(1 row)
OCTO> -- Call $$c4^TCF031: return 4
SELECT thirdvalue(NULL, true, true);
thirdvalue
5
(1 row)
[ERROR]: ERR_FUNCTION_NOT_UNIQUE: Function 'thirdvalue(NULL, NUMERIC, INTEGER)' not unique. Parameter(s) may require explicit type cast(s)
LINE 191:2: SELECT thirdvalue(NULL, 1.0, 1); -- Call $$c6^TCF031: return 6
                   ^^^^^^^^^^
OCTO> -- Call $$c5^TCF031: return 5
SELECT thirdvalue(NULL, 1.0, 1);
OCTO> -- Call $$c6^TCF031: return 6
SELECT thirdvalue(NULL, 1.0, 1.0);
thirdvalue
7
(1 row)
OCTO> -- Call $$c7^TCF031: return 7
SELECT thirdvalue(NULL, '1', NULL);
thirdvalue
8
(1 row)
OCTO> -- Call $$c8^TCF031: return 8
SELECT thirdvalue(NULL, 1.0, true);
thirdvalue
9
(1 row)
OCTO> -- Call $$c9^TCF031: return 9
SELECT thirdvalue(1, 1.0, true);
thirdvalue
9
(1 row)
OCTO> -- Call $$c9^TCF031: return 9
CREATE FUNCTION thirdvalue(integer, varchar, varchar) RETURNS integer AS $$c10^TCF031;
CREATE FUNCTION
[ERROR]: ERR_FUNCTION_NOT_UNIQUE: Function 'thirdvalue(NULL, NULL, NULL)' not unique. Parameter(s) may require explicit type cast(s)
LINE 197:1: SELECT thirdvalue(NULL, NULL, NULL); -- Error: Function not uniq...
                   ^^^^^^^^^^
OCTO> SELECT thirdvalue(NULL, NULL, NULL);
OCTO> -- Error: Function not unique
SELECT thirdvalue(1, NULL, NULL);
thirdvalue
10
(1 row)
[ERROR]: ERR_FUNCTION_NOT_UNIQUE: Function 'thirdvalue(NULL, NULL, VARCHAR)' not unique. Parameter(s) may require explicit type cast(s)
LINE 199:2: SELECT thirdvalue(NULL, NULL, '1'); -- Error: Function not uniqu...
                   ^^^^^^^^^^
OCTO> -- Error: Function not unique
SELECT thirdvalue(NULL, NULL, '1');
OCTO> -- Error: Function not unique
SELECT thirdvalue(1, NULL, '1');
thirdvalue
10
(1 row)
OCTO> -- Error: Function not unique
SELECT thirdvalue(1, '1', NULL);
thirdvalue
10
(1 row)
[ERROR]: ERR_FUNCTION_NOT_UNIQUE: Function 'thirdvalue(NULL, VARCHAR, NULL)' not unique. Parameter(s) may require explicit type cast(s)
LINE 202:2: SELECT thirdvalue(NULL, '1', NULL); -- Error: Function not uniqu...
                   ^^^^^^^^^^
OCTO> -- Error: Function not unique
SELECT thirdvalue(NULL, '1', NULL);
[ERROR]: ERR_FUNCTION_NOT_UNIQUE: Function 'thirdvalue(NULL, BOOLEAN, INTEGER)' not unique. Parameter(s) may require explicit type cast(s)
LINE 203:2: SELECT thirdvalue(NULL, true, 1); -- Call $$c1^TCF031: return 1
                   ^^^^^^^^^^
OCTO> -- Error: Function not unique
SELECT thirdvalue(NULL, true, 1);
OCTO> -- Call $$c1^TCF031: return 1
SELECT thirdvalue(NULL, true, 1.0);
thirdvalue
2
(1 row)
OCTO> -- Call $$c2^TCF031: return 2
SELECT thirdvalue(NULL, 1.0, '1');
thirdvalue
3
(1 row)
OCTO> -- Call $$c3^TCF031: return 3
SELECT thirdvalue(NULL, true, '1');
thirdvalue
4
(1 row)
OCTO> -- Call $$c4^TCF031: return 4
SELECT thirdvalue(NULL, true, true);
thirdvalue
5
(1 row)
[ERROR]: ERR_FUNCTION_NOT_UNIQUE: Function 'thirdvalue(NULL, NUMERIC, INTEGER)' not unique. Parameter(s) may require explicit type cast(s)
LINE 208:2: SELECT thirdvalue(NULL, 1.0, 1); -- Call $$c6^TCF031: return 6
                   ^^^^^^^^^^
OCTO> -- Call $$c5^TCF031: return 5
SELECT thirdvalue(NULL, 1.0, 1);
OCTO> -- Call $$c6^TCF031: return 6
SELECT thirdvalue(NULL, 1.0, 1.0);
thirdvalue
7
(1 row)
OCTO> -- Call $$c7^TCF031: return 7
SELECT thirdvalue(NULL, '1', 1.0);
thirdvalue
8
(1 row)
OCTO> -- Call $$c8^TCF031: return 8
SELECT thirdvalue(NULL, 1.0, true);
thirdvalue
9
(1 row)
OCTO> -- Call $$c9^TCF031: return 9
SELECT thirdvalue(NULL, '1', '1');
thirdvalue
10
(1 row)
OCTO> -- Call $$c10^TCF031: return 10
SELECT thirdvalue(1, '1', '1');
thirdvalue
10
(1 row)
OCTO> -- Call $$c10^TCF031: return 10
CREATE FUNCTION thirdvalue(numeric, varchar, varchar) RETURNS integer AS $$c11^TCF031;
CREATE FUNCTION
[ERROR]: ERR_FUNCTION_NOT_UNIQUE: Function 'thirdvalue(NULL, NULL, NULL)' not unique. Parameter(s) may require explicit type cast(s)
LINE 215:1: SELECT thirdvalue(NULL, NULL, NULL); -- Error: Function not uniq...
                   ^^^^^^^^^^
OCTO> SELECT thirdvalue(NULL, NULL, NULL);
[ERROR]: ERR_FUNCTION_NOT_UNIQUE: Function 'thirdvalue(NULL, NULL, VARCHAR)' not unique. Parameter(s) may require explicit type cast(s)
LINE 216:2: SELECT thirdvalue(NULL, NULL, '1'); -- Error: Function not uniqu...
                   ^^^^^^^^^^
OCTO> -- Error: Function not unique
SELECT thirdvalue(NULL, NULL, '1');
[ERROR]: ERR_FUNCTION_NOT_UNIQUE: Function 'thirdvalue(NULL, VARCHAR, VARCHAR)' not unique. Parameter(s) may require explicit type cast(s)
LINE 217:2: SELECT thirdvalue(NULL, '1', '1'); -- Error: Function not unique
                   ^^^^^^^^^^
OCTO> -- Error: Function not unique
SELECT thirdvalue(NULL, '1', '1');
[ERROR]: ERR_FUNCTION_NOT_UNIQUE: Function 'thirdvalue(NULL, BOOLEAN, INTEGER)' not unique. Parameter(s) may require explicit type cast(s)
LINE 218:2: SELECT thirdvalue(NULL, true, 1); -- Call $$c1^TCF031: return 1
                   ^^^^^^^^^^
OCTO> -- Error: Function not unique
SELECT thirdvalue(NULL, true, 1);
OCTO> -- Call $$c1^TCF031: return 1
SELECT thirdvalue(NULL, true, 1.0);
thirdvalue
2
(1 row)
OCTO> -- Call $$c2^TCF031: return 2
SELECT thirdvalue(NULL, 1.0, '1');
thirdvalue
3
(1 row)
OCTO> -- Call $$c3^TCF031: return 3
SELECT thirdvalue(NULL, true, '1');
thirdvalue
4
(1 row)
OCTO> -- Call $$c4^TCF031: return 4
SELECT thirdvalue(NULL, true, true);
thirdvalue
5
(1 row)
[ERROR]: ERR_FUNCTION_NOT_UNIQUE: Function 'thirdvalue(NULL, NUMERIC, INTEGER)' not unique. Parameter(s) may require explicit type cast(s)
LINE 223:2: SELECT thirdvalue(NULL, 1.0, 1); -- Call $$c6^TCF031: return 6
                   ^^^^^^^^^^
OCTO> -- Call $$c5^TCF031: return 5
SELECT thirdvalue(NULL, 1.0, 1);
OCTO> -- Call $$c6^TCF031: return 6
SELECT thirdvalue(NULL, 1.0, 1.0);
thirdvalue
7
(1 row)
OCTO> -- Call $$c7^TCF031: return 7
SELECT thirdvalue(NULL, '1', 1.0);
thirdvalue
8
(1 row)
OCTO> -- Call $$c8^TCF031: return 8
SELECT thirdvalue(NULL, 1.0, true);
thirdvalue
9
(1 row)
OCTO> -- Call $$c9^TCF031: return 9
SELECT thirdvalue(1, '1', '1');
thirdvalue
10
(1 row)
OCTO> -- Call $$c10^TCF031: return 10
SELECT thirdvalue(1.0, NULL, NULL);
thirdvalue
11
(1 row)
OCTO> -- Call $$c11^TCF031: return 11
SELECT thirdvalue(1.0, '1', NULL);
thirdvalue
11
(1 row)
OCTO> -- Call $$c11^TCF031: return 11
SELECT thirdvalue(1.0, NULL, '1');
thirdvalue
11
(1 row)
OCTO> -- Call $$c11^TCF031: return 11
SELECT thirdvalue(1.0, '1', '1');
thirdvalue
11
(1 row)
OCTO> -- Call $$c11^TCF031: return 11
CREATE FUNCTION thirdvalue(varchar, boolean, varchar) RETURNS integer AS $$c12^TCF031;
CREATE FUNCTION
[ERROR]: ERR_FUNCTION_NOT_UNIQUE: Function 'thirdvalue(NULL, NULL, NULL)' not unique. Parameter(s) may require explicit type cast(s)
LINE 233:1: SELECT thirdvalue(NULL, NULL, NULL); -- Error: Function not uniq...
                   ^^^^^^^^^^
OCTO> SELECT thirdvalue(NULL, NULL, NULL);
OCTO> -- Error: Function not unique
SELECT thirdvalue(NULL, true, NULL);
thirdvalue
12
(1 row)
[ERROR]: ERR_FUNCTION_NOT_UNIQUE: Function 'thirdvalue(NULL, NULL, VARCHAR)' not unique. Parameter(s) may require explicit type cast(s)
LINE 235:2: SELECT thirdvalue(NULL, NULL, '1'); -- Error: Function not uniqu...
                   ^^^^^^^^^^
OCTO> -- Error: Function not unique
SELECT thirdvalue(NULL, NULL, '1');
OCTO> -- Error: Function not unique
SELECT thirdvalue(NULL, true, '1');
thirdvalue
12
(1 row)
[ERROR]: ERR_FUNCTION_NOT_UNIQUE: Function 'thirdvalue(NULL, BOOLEAN, INTEGER)' not unique. Parameter(s) may require explicit type cast(s)
LINE 237:2: SELECT thirdvalue(NULL, true, 1); -- Call $$c1^TCF031: return 1
                   ^^^^^^^^^^
OCTO> -- Error: Function not unique
SELECT thirdvalue(NULL, true, 1);
OCTO> -- Call $$c1^TCF031: return 1
SELECT thirdvalue(NULL, true, 1.0);
thirdvalue
2
(1 row)
OCTO> -- Call $$c2^TCF031: return 2
SELECT thirdvalue(NULL, 1.0, '1');
thirdvalue
3
(1 row)
OCTO> -- Call $$c3^TCF031: return 3
SELECT thirdvalue(1, true, '1');
thirdvalue
4
(1 row)
OCTO> -- Call $$c4^TCF031: return 4
SELECT thirdvalue(NULL, true, true);
thirdvalue
5
(1 row)
[ERROR]: ERR_FUNCTION_NOT_UNIQUE: Function 'thirdvalue(NULL, NUMERIC, INTEGER)' not unique. Parameter(s) may require explicit type cast(s)
LINE 242:2: SELECT thirdvalue(NULL, 1.0, 1); -- Call $$c6^TCF031: return 6
                   ^^^^^^^^^^
OCTO> -- Call $$c5^TCF031: return 5
SELECT thirdvalue(NULL, 1.0, 1);
OCTO> -- Call $$c6^TCF031: return 6
SELECT thirdvalue(NULL, 1.0, 1.0);
thirdvalue
7
(1 row)
OCTO> -- Call $$c7^TCF031: return 7
SELECT thirdvalue(NULL, '1', 1.0);
thirdvalue
8
(1 row)
OCTO> -- Call $$c8^TCF031: return 8
SELECT thirdvalue(NULL, 1.0, true);
thirdvalue
9
(1 row)
OCTO> -- Call $$c9^TCF031: return 9
SELECT thirdvalue(1, '1', '1');
thirdvalue
10
(1 row)
OCTO> -- Call $$c10^TCF031: return 10
SELECT thirdvalue(1.0, NULL, NULL);
thirdvalue
11
(1 row)
OCTO> -- Call $$c11^TCF031: return 11
SELECT thirdvalue('1', NULL, NULL);
thirdvalue
12
(1 row)
OCTO> -- Call $$c12^TCF031: return 12
SELECT thirdvalue('1', true, NULL);
thirdvalue
12
(1 row)
OCTO> -- Call $$c12^TCF031: return 12
SELECT thirdvalue('1', NULL, '1');
thirdvalue
12
(1 row)
OCTO> -- Call $$c12^TCF031: return 12
SELECT thirdvalue('1', NULL, '1');
thirdvalue
12
(1 row)
OCTO> -- Call $$c12^TCF031: return 12
SELECT thirdvalue('1', true, '1');
thirdvalue
12
(1 row)
OCTO> -- Call $$c12^TCF031: return 12
CREATE FUNCTION thirdvalue(varchar, varchar, varchar) RETURNS integer AS $$c13^TCF031;
CREATE FUNCTION
OCTO> SELECT thirdvalue(NULL, NULL, NULL);
thirdvalue
13
(1 row)
OCTO> -- Error: Function not unique
SELECT thirdvalue('1', NULL, NULL);
thirdvalue
13
(1 row)
OCTO> -- Error: Function not unique
SELECT thirdvalue(NULL, '1', NULL);
thirdvalue
13
(1 row)
OCTO> -- Error: Function not unique
SELECT thirdvalue(NULL, '1', '1');
thirdvalue
13
(1 row)
OCTO> -- Error: Function not unique
SELECT thirdvalue('1', NULL, '1');
thirdvalue
13
(1 row)
[ERROR]: ERR_FUNCTION_NOT_UNIQUE: Function 'thirdvalue(NULL, BOOLEAN, INTEGER)' not unique. Parameter(s) may require explicit type cast(s)
LINE 259:2: SELECT thirdvalue(NULL, true, 1); -- Call $$c1^TCF031: return 1
                   ^^^^^^^^^^
OCTO> -- Error: Function not unique
SELECT thirdvalue(NULL, true, 1);
OCTO> -- Call $$c1^TCF031: return 1
SELECT thirdvalue(NULL, true, 1.0);
thirdvalue
2
(1 row)
OCTO> -- Call $$c2^TCF031: return 2
SELECT thirdvalue(NULL, 1.0, '1');
thirdvalue
3
(1 row)
OCTO> -- Call $$c3^TCF031: return 3
SELECT thirdvalue(1, true, '1');
thirdvalue
4
(1 row)
OCTO> -- Call $$c4^TCF031: return 4
SELECT thirdvalue(NULL, true, true);
thirdvalue
5
(1 row)
[ERROR]: ERR_FUNCTION_NOT_UNIQUE: Function 'thirdvalue(NULL, NUMERIC, INTEGER)' not unique. Parameter(s) may require explicit type cast(s)
LINE 264:2: SELECT thirdvalue(NULL, 1.0, 1); -- Call $$c6^TCF031: return 6
                   ^^^^^^^^^^
OCTO> -- Call $$c5^TCF031: return 5
SELECT thirdvalue(NULL, 1.0, 1);
OCTO> -- Call $$c6^TCF031: return 6
SELECT thirdvalue(NULL, 1.0, 1.0);
thirdvalue
7
(1 row)
OCTO> -- Call $$c7^TCF031: return 7
SELECT thirdvalue(NULL, '1', 1.0);
thirdvalue
8
(1 row)
OCTO> -- Call $$c8^TCF031: return 8
SELECT thirdvalue(NULL, 1.0, true);
thirdvalue
9
(1 row)
OCTO> -- Call $$c9^TCF031: return 9
SELECT thirdvalue(1, '1', '1');
thirdvalue
10
(1 row)
OCTO> -- Call $$c10^TCF031: return 10
SELECT thirdvalue(1.0, NULL, NULL);
thirdvalue
11
(1 row)
OCTO> -- Call $$c11^TCF031: return 11
SELECT thirdvalue('1', true, NULL);
thirdvalue
12
(1 row)
OCTO> -- Call $$c12^TCF031: return 12
SELECT thirdvalue('1', '1', '1');
thirdvalue
13
(1 row)
OCTO> -- Call $$c13^TCF031: return 13
