
-- TCF036 : OCTO519 : Functions with double-quoted identifiers

select "ABS"(-1);
select "abs"(-1); -- Error: function name was defined as uppercase
select "CONCAT"(firstname, ' ', lastname) from names;
select "concat"(firstname, ' ', lastname) from names; -- Error: function name was defined as uppercase

CREATE FUNCTION "concat"(VARCHAR, VARCHAR, VARCHAR) RETURNS VARCHAR AS $$^%ydboctofCONCAT;
CREATE FUNCTION "abs"(INTEGER) RETURNS INTEGER AS $$ABS^%ydboctosqlfunctions;
select "abs"(-1);
select "concat"(firstname, ' ', lastname) from names;
ABS
1
(1 row)
[ERROR]: ERR_UNKNOWN_FUNCTION: No function abs defined with given parameter types (INTEGER)
LINE 4:1: select "abs"(-1); -- Error: function name was defined as upperc...
                 ^^^^^
CONCAT
Zero Cool
Acid Burn
Cereal Killer
Lord Nikon
Joey 
Zero Cool
(6 rows)
[ERROR]: ERR_UNKNOWN_FUNCTION: No function concat defined with given parameter types (VARCHAR, VARCHAR, VARCHAR)
LINE 6:1: select "concat"(firstname, ' ', lastname) from names; -- Error: ...
                 ^^^^^^^^
CREATE FUNCTION
CREATE FUNCTION
abs
1
(1 row)
concat
Zero Cool
Acid Burn
Cereal Killer
Lord Nikon
Joey 
Zero Cool
(6 rows)
# Verify function text definitions for double-quoted identifier and non-double-quoted identifier
# Run [mupip extract] and filter out those global nodes corresponding to function text definitions of ABS/abs
# Expect to see [ABS] not surrounded by double quotes and [abs] surrounded by double quotes
^%ydboctoocto("functions","ABS","%ydboctoF0BXSKYtCkTUXzFwpivpB68","text",0)="CREATE FUNCTION `ABS`( NUMERIC) RETURNS NUMERIC AS $$ABS^%ydboctosqlfunctions;"
^%ydboctoocto("functions","ABS","%ydboctoFXjpLNKLu1sElo0JiZVgdDG","text",0)="CREATE FUNCTION `ABS`( INTEGER) RETURNS INTEGER AS $$ABS^%ydboctosqlfunctions;"
^%ydboctoocto("functions","abs","%ydboctoFCMDmr1RPkcS1QSpZq9WR11","text",0)="CREATE FUNCTION ""abs""( INTEGER) RETURNS INTEGER AS $$ABS^%ydboctosqlfunctions;"
