
-- TCT011 : OCTO304 : Type cast operator (`::`) does not work
CREATE FUNCTION DOLLARZWRITE(INTEGER) RETURNS VARCHAR AS $ZWRITE;

select id::integer,ABS(2) from names;
select id::integer,(ABS(2)::text || id::text) from names;
select id::integer,(ABS(2)::numeric + id) from names;
select id::text || id::text,ABS(2)::numeric * id from names;
select firstname::integer from names;
select * from names where firstname::integer = id;
select id-2*(id/2::integer) from names;
select id-2*((id/2)::integer) from names;
select DOLLARZWRITE(id)::integer from names;

-- Test typecast to boolean. Occasionally test that `bool` is equivalent to `boolean`
select id::boolean,(ABS(2)::boolean || id::bool) from names;
select id::boolean,(ABS(2)::bool + id) from names;
select id::boolean || id::boolean,ABS(2)::numeric * id from names;
select id::boolean || id::boolean,ABS(2)::boolean * id from names;
select id from (select * from names UNION select 6.5::bool,'A','B');
select * from names where firstname::boolean = id;
select id-2*(id/2::bool) from names;
select id-2*((id/2)::boolean) from names;

OCTO> CREATE FUNCTION DOLLARZWRITE(INTEGER) RETURNS VARCHAR AS $ZWRITE;
CREATE FUNCTION
OCTO> select id::integer,ABS(2) from names;
id|abs
0|2
1|2
2|2
3|2
4|2
5|2
(6 rows)
OCTO> select id::integer,(ABS(2)::text || id::text) from names;
id|???
0|20
1|21
2|22
3|23
4|24
5|25
(6 rows)
OCTO> select id::integer,(ABS(2)::numeric + id) from names;
id|???
0|2
1|3
2|4
3|5
4|6
5|7
(6 rows)
OCTO> select id::text || id::text,ABS(2)::numeric * id from names;
???|???
00|0
11|2
22|4
33|6
44|8
55|10
(6 rows)
OCTO> select firstname::integer from names;
[ERROR]: ERR_INVALID_INTEGER_SYNTAX: Invalid input syntax for type integer: 'Zero'
OCTO> select * from names where firstname::integer = id;
[ERROR]: ERR_INVALID_INTEGER_SYNTAX: Invalid input syntax for type integer: 'Zero'
OCTO> select id-2*(id/2::integer) from names;
???
0
0
0
0
0
0
(6 rows)
OCTO> select id-2*((id/2)::integer) from names;
???
0
1
0
1
0
1
(6 rows)
OCTO> select DOLLARZWRITE(id)::integer from names;
dollarzwrite
0
1
2
3
4
5
(6 rows)
[ERROR]: ERR_TYPE_NOT_COMPATIBLE: Type BOOLEAN not compatible for || operator
LINE 14:1: select id::boolean,(ABS(2)::boolean || id::bool) from names;
                               ^^^^^^
[ERROR]: ERR_TYPE_NOT_COMPATIBLE: Type BOOLEAN not compatible for || operator
LINE 14:1: select id::boolean,(ABS(2)::boolean || id::bool) from names;
                                                  ^^
OCTO> select id::boolean,(ABS(2)::boolean || id::bool) from names;
[ERROR]: ERR_TYPE_NOT_COMPATIBLE: Type BOOLEAN not compatible for arithmetic operations
LINE 15:1: select id::boolean,(ABS(2)::bool + id) from names;
                               ^^^^^^
OCTO> select id::boolean,(ABS(2)::bool + id) from names;
[ERROR]: ERR_TYPE_NOT_COMPATIBLE: Type BOOLEAN not compatible for || operator
LINE 16:1: select id::boolean || id::boolean,ABS(2)::numeric * id from name...
                  ^^
[ERROR]: ERR_TYPE_NOT_COMPATIBLE: Type BOOLEAN not compatible for || operator
LINE 16:1: select id::boolean || id::boolean,ABS(2)::numeric * id from name...
                                 ^^
OCTO> select id::boolean || id::boolean,ABS(2)::numeric * id from names;
[ERROR]: ERR_TYPE_NOT_COMPATIBLE: Type BOOLEAN not compatible for || operator
LINE 17:1: select id::boolean || id::boolean,ABS(2)::boolean * id from name...
                  ^^
[ERROR]: ERR_TYPE_NOT_COMPATIBLE: Type BOOLEAN not compatible for || operator
LINE 17:1: select id::boolean || id::boolean,ABS(2)::boolean * id from name...
                                 ^^
[ERROR]: ERR_TYPE_NOT_COMPATIBLE: Type BOOLEAN not compatible for arithmetic operations
LINE 17:1: ...lect id::boolean || id::boolean,ABS(2)::boolean * id from names;
                                              ^^^^^^
OCTO> select id::boolean || id::boolean,ABS(2)::boolean * id from names;
[ERROR]: ERR_TYPE_CAST: Cannot cast type NUMERIC to type BOOLEAN
LINE 18:1: ...t id from (select * from names UNION select 6.5::bool,'A','B');
                                                          ^^^^^^^^^
OCTO> select id from (select * from names UNION select 6.5::bool,'A','B');
[ERROR]: ERR_TYPE_MISMATCH: Type mismatch: left BOOLEAN, right INTEGER
LINE 19:1: select * from names where firstname::boolean = id;
                                     ^^^^^^^^^
LINE 19:1: select * from names where firstname::boolean = id;
                                                          ^^
OCTO> select * from names where firstname::boolean = id;
[ERROR]: ERR_TYPE_NOT_COMPATIBLE: Type BOOLEAN not compatible for arithmetic operations
LINE 20:1: select id-2*(id/2::bool) from names;
                           ^
OCTO> select id-2*(id/2::bool) from names;
[ERROR]: ERR_TYPE_NOT_COMPATIBLE: Type BOOLEAN not compatible for arithmetic operations
LINE 21:1: select id-2*((id/2)::boolean) from names;
                        ^^^^^^^^^^^^^^^
OCTO> select id-2*((id/2)::boolean) from names;
OCTO> 
;; This is a generated file; do not modify. Generated M code corresponds to below SQL query
;; ---------------------------------------------------------
;  select firstname::integer from names;
;; ---------------------------------------------------------

octoPlan0(cursorId,wrapInTp)
    NEW %ydboctop,%ydboctoexpr
    TSTART:wrapInTp ():(serial)
    DO octoPlan1(cursorId)
    TCOMMIT:wrapInTp
    QUIT

octoPlan1(cursorId)
    NEW %ydboctoz,%ydboctoexpr KILL %ydboctocursor(cursorId,"keys",3,"","")
    SET %ydboctocursor(cursorId,"keys",1,"names","id")=""
    FOR  SET %ydboctocursor(cursorId,"keys",1,"names","id")=$ORDER(^names(%ydboctocursor(cursorId,"keys",1,"names","id"))) QUIT:(%ydboctocursor(cursorId,"keys",1,"names","id")="")  DO
    . SET %ydboctoexpr=1
    . DO:%ydboctoexpr
    . . SET:1&$INCREMENT(%ydboctocursor(cursorId,"keys",3,"","")) %ydboctoz=42
    . . SET %ydboctoexpr=$PIECE($GET(^names(%ydboctocursor(cursorId,"keys",1,"names","id"))),"|",1) SET:(""=%ydboctoexpr) %ydboctoexpr=$ZYSQLNULL
    . . SET %ydboctoexpr=($$String2Integer^%ydboctoplanhelpers(%ydboctoexpr))
    . . SET %ydboctoexpr=$$str2mval^%ydboctoplanhelpers(%ydboctoexpr)
    . . SET %ydboctocursor(cursorId,"keys",3,"","",%ydboctocursor(cursorId,"keys",3,"",""))=%ydboctoexpr
    ZKILL %ydboctocursor(cursorId,"keys",1,"names","id")
    QUIT
;; This is a generated file; do not modify. Generated M code corresponds to below SQL query
;; ---------------------------------------------------------
;  select id::integer,(ABS(2)::text || id::text) from names;
;; ---------------------------------------------------------

octoPlan0(cursorId,wrapInTp)
    NEW %ydboctop,%ydboctoexpr
    TSTART:wrapInTp ():(serial)
    DO octoPlan1(cursorId)
    TCOMMIT:wrapInTp
    QUIT

octoPlan1(cursorId)
    NEW %ydboctoz,%ydboctoexpr KILL %ydboctocursor(cursorId,"keys",3,"","")
    SET %ydboctocursor(cursorId,"keys",1,"names","id")=""
    FOR  SET %ydboctocursor(cursorId,"keys",1,"names","id")=$ORDER(^names(%ydboctocursor(cursorId,"keys",1,"names","id"))) QUIT:(%ydboctocursor(cursorId,"keys",1,"names","id")="")  DO
    . SET %ydboctoexpr=1
    . DO:%ydboctoexpr
    . . SET:1&$INCREMENT(%ydboctocursor(cursorId,"keys",3,"","")) %ydboctoz=42
    . . SET %ydboctoexpr=%ydboctocursor(cursorId,"keys",1,"names","id")
    . . SET %ydboctoexpr=((%ydboctoexpr)\1)
    . . SET %ydboctoexpr=$$str2mval^%ydboctoplanhelpers(%ydboctoexpr)
    . . SET %ydboctoexpr(0)=%ydboctoexpr
    . . SET %ydboctoexpr=$GET(%ydboctocursor(cursorId,"parameters",1))
    . . SET %ydboctoexpr(3,0)=%ydboctoexpr
    . . SET %ydboctoexpr=$$ABS^%ydboctosqlfunctions(%ydboctoexpr(3,0))
    . . SET %ydboctoexpr=(%ydboctoexpr)
    . . SET %ydboctoexpr(1)=%ydboctoexpr
    . . SET %ydboctoexpr=%ydboctocursor(cursorId,"keys",1,"names","id")
    . . SET %ydboctoexpr=(%ydboctoexpr)
    . . SET %ydboctoexpr=%ydboctoexpr(1)_%ydboctoexpr
    . . SET %ydboctoexpr=$$str2mval^%ydboctoplanhelpers(%ydboctoexpr)
    . . SET %ydboctoexpr=%ydboctoexpr(0)_%ydboctoexpr
    . . SET %ydboctocursor(cursorId,"keys",3,"","",%ydboctocursor(cursorId,"keys",3,"",""))=%ydboctoexpr
    ZKILL %ydboctocursor(cursorId,"keys",1,"names","id")
    QUIT
;; This is a generated file; do not modify. Generated M code corresponds to below SQL query
;; ---------------------------------------------------------
;  select id-2*((id/2)::integer) from names;
;; ---------------------------------------------------------

octoPlan0(cursorId,wrapInTp)
    NEW %ydboctop,%ydboctoexpr
    TSTART:wrapInTp ():(serial)
    DO octoPlan1(cursorId)
    TCOMMIT:wrapInTp
    QUIT

octoPlan1(cursorId)
    NEW %ydboctoz,%ydboctoexpr KILL %ydboctocursor(cursorId,"keys",3,"","")
    SET %ydboctocursor(cursorId,"keys",1,"names","id")=""
    FOR  SET %ydboctocursor(cursorId,"keys",1,"names","id")=$ORDER(^names(%ydboctocursor(cursorId,"keys",1,"names","id"))) QUIT:(%ydboctocursor(cursorId,"keys",1,"names","id")="")  DO
    . SET %ydboctoexpr=1
    . DO:%ydboctoexpr
    . . SET:1&$INCREMENT(%ydboctocursor(cursorId,"keys",3,"","")) %ydboctoz=42
    . . SET %ydboctoexpr=%ydboctocursor(cursorId,"keys",1,"names","id")
    . . SET %ydboctoexpr(1)=%ydboctoexpr
    . . SET %ydboctoexpr=$GET(%ydboctocursor(cursorId,"parameters",1))
    . . SET %ydboctoexpr(2)=%ydboctoexpr
    . . SET %ydboctoexpr=%ydboctocursor(cursorId,"keys",1,"names","id")
    . . SET %ydboctoexpr(4)=%ydboctoexpr
    . . SET %ydboctoexpr=$GET(%ydboctocursor(cursorId,"parameters",2))
    . . SET %ydboctoexpr=%ydboctoexpr(4)/%ydboctoexpr
    . . SET %ydboctoexpr=((%ydboctoexpr)\1)
    . . SET %ydboctoexpr=%ydboctoexpr(2)*%ydboctoexpr
    . . SET %ydboctoexpr=%ydboctoexpr(1)-%ydboctoexpr
    . . SET %ydboctoexpr=$$str2mval^%ydboctoplanhelpers(%ydboctoexpr)
    . . SET %ydboctocursor(cursorId,"keys",3,"","",%ydboctocursor(cursorId,"keys",3,"",""))=%ydboctoexpr
    ZKILL %ydboctocursor(cursorId,"keys",1,"names","id")
    QUIT
;; This is a generated file; do not modify. Generated M code corresponds to below SQL query
;; ---------------------------------------------------------
;  select DOLLARZWRITE(id)::integer from names;
;; ---------------------------------------------------------

octoPlan0(cursorId,wrapInTp)
    NEW %ydboctop,%ydboctoexpr
    TSTART:wrapInTp ():(serial)
    DO octoPlan1(cursorId)
    TCOMMIT:wrapInTp
    QUIT

octoPlan1(cursorId)
    NEW %ydboctoz,%ydboctoexpr KILL %ydboctocursor(cursorId,"keys",3,"","")
    SET %ydboctocursor(cursorId,"keys",1,"names","id")=""
    FOR  SET %ydboctocursor(cursorId,"keys",1,"names","id")=$ORDER(^names(%ydboctocursor(cursorId,"keys",1,"names","id"))) QUIT:(%ydboctocursor(cursorId,"keys",1,"names","id")="")  DO
    . SET %ydboctoexpr=1
    . DO:%ydboctoexpr
    . . SET:1&$INCREMENT(%ydboctocursor(cursorId,"keys",3,"","")) %ydboctoz=42
    . . SET %ydboctoexpr=%ydboctocursor(cursorId,"keys",1,"names","id")
    . . SET %ydboctoexpr(2,0)=%ydboctoexpr
    . . SET %ydboctoexpr=$zwrite(%ydboctoexpr(2,0))
    . . SET %ydboctoexpr=($$String2Integer^%ydboctoplanhelpers(%ydboctoexpr))
    . . SET %ydboctoexpr=$$str2mval^%ydboctoplanhelpers(%ydboctoexpr)
    . . SET %ydboctocursor(cursorId,"keys",3,"","",%ydboctocursor(cursorId,"keys",3,"",""))=%ydboctoexpr
    ZKILL %ydboctocursor(cursorId,"keys",1,"names","id")
    QUIT
;; This is a generated file; do not modify. Generated M code corresponds to below SQL query
;; ---------------------------------------------------------
;  select id::integer,(ABS(2)::numeric + id) from names;
;; ---------------------------------------------------------

octoPlan0(cursorId,wrapInTp)
    NEW %ydboctop,%ydboctoexpr
    TSTART:wrapInTp ():(serial)
    DO octoPlan1(cursorId)
    TCOMMIT:wrapInTp
    QUIT

octoPlan1(cursorId)
    NEW %ydboctoz,%ydboctoexpr KILL %ydboctocursor(cursorId,"keys",3,"","")
    SET %ydboctocursor(cursorId,"keys",1,"names","id")=""
    FOR  SET %ydboctocursor(cursorId,"keys",1,"names","id")=$ORDER(^names(%ydboctocursor(cursorId,"keys",1,"names","id"))) QUIT:(%ydboctocursor(cursorId,"keys",1,"names","id")="")  DO
    . SET %ydboctoexpr=1
    . DO:%ydboctoexpr
    . . SET:1&$INCREMENT(%ydboctocursor(cursorId,"keys",3,"","")) %ydboctoz=42
    . . SET %ydboctoexpr=%ydboctocursor(cursorId,"keys",1,"names","id")
    . . SET %ydboctoexpr=((%ydboctoexpr)\1)
    . . SET %ydboctoexpr=$$str2mval^%ydboctoplanhelpers(%ydboctoexpr)
    . . SET %ydboctoexpr(0)=%ydboctoexpr
    . . SET %ydboctoexpr=$GET(%ydboctocursor(cursorId,"parameters",1))
    . . SET %ydboctoexpr(3,0)=%ydboctoexpr
    . . SET %ydboctoexpr=$$ABS^%ydboctosqlfunctions(%ydboctoexpr(3,0))
    . . SET %ydboctoexpr=($$Cast2NUMERICWithoutPrecision^%ydboctoplanhelpers(%ydboctoexpr))
    . . SET %ydboctoexpr(1)=%ydboctoexpr
    . . SET %ydboctoexpr=%ydboctocursor(cursorId,"keys",1,"names","id")
    . . SET %ydboctoexpr=%ydboctoexpr(1)+%ydboctoexpr
    . . SET %ydboctoexpr=$$str2mval^%ydboctoplanhelpers(%ydboctoexpr)
    . . SET %ydboctoexpr=%ydboctoexpr(0)_%ydboctoexpr
    . . SET %ydboctocursor(cursorId,"keys",3,"","",%ydboctocursor(cursorId,"keys",3,"",""))=%ydboctoexpr
    ZKILL %ydboctocursor(cursorId,"keys",1,"names","id")
    QUIT
;; This is a generated file; do not modify. Generated M code corresponds to below SQL query
;; ---------------------------------------------------------
;  select id-2*(id/2::integer) from names;
;; ---------------------------------------------------------

octoPlan0(cursorId,wrapInTp)
    NEW %ydboctop,%ydboctoexpr
    TSTART:wrapInTp ():(serial)
    DO octoPlan1(cursorId)
    TCOMMIT:wrapInTp
    QUIT

octoPlan1(cursorId)
    NEW %ydboctoz,%ydboctoexpr KILL %ydboctocursor(cursorId,"keys",3,"","")
    SET %ydboctocursor(cursorId,"keys",1,"names","id")=""
    FOR  SET %ydboctocursor(cursorId,"keys",1,"names","id")=$ORDER(^names(%ydboctocursor(cursorId,"keys",1,"names","id"))) QUIT:(%ydboctocursor(cursorId,"keys",1,"names","id")="")  DO
    . SET %ydboctoexpr=1
    . DO:%ydboctoexpr
    . . SET:1&$INCREMENT(%ydboctocursor(cursorId,"keys",3,"","")) %ydboctoz=42
    . . SET %ydboctoexpr=%ydboctocursor(cursorId,"keys",1,"names","id")
    . . SET %ydboctoexpr(1)=%ydboctoexpr
    . . SET %ydboctoexpr=$GET(%ydboctocursor(cursorId,"parameters",1))
    . . SET %ydboctoexpr(2)=%ydboctoexpr
    . . SET %ydboctoexpr=%ydboctocursor(cursorId,"keys",1,"names","id")
    . . SET %ydboctoexpr(3)=%ydboctoexpr
    . . SET %ydboctoexpr=$GET(%ydboctocursor(cursorId,"parameters",2))
    . . SET %ydboctoexpr=((%ydboctoexpr)\1)
    . . SET %ydboctoexpr=%ydboctoexpr(3)/%ydboctoexpr
    . . SET %ydboctoexpr=%ydboctoexpr(2)*%ydboctoexpr
    . . SET %ydboctoexpr=%ydboctoexpr(1)-%ydboctoexpr
    . . SET %ydboctoexpr=$$str2mval^%ydboctoplanhelpers(%ydboctoexpr)
    . . SET %ydboctocursor(cursorId,"keys",3,"","",%ydboctocursor(cursorId,"keys",3,"",""))=%ydboctoexpr
    ZKILL %ydboctocursor(cursorId,"keys",1,"names","id")
    QUIT
;; This is a generated file; do not modify. Generated M code corresponds to below SQL query
;; ---------------------------------------------------------
;  select * from names where firstname::integer = id;
;; ---------------------------------------------------------

octoPlan0(cursorId,wrapInTp)
    NEW %ydboctop,%ydboctoexpr
    TSTART:wrapInTp ():(serial)
    DO octoPlan1(cursorId)
    TCOMMIT:wrapInTp
    QUIT

octoPlan1(cursorId)
    NEW %ydboctoz,%ydboctoexpr KILL %ydboctocursor(cursorId,"keys",3,"","")
    SET %ydboctocursor(cursorId,"keys",1,"names","id")=""
    FOR  SET %ydboctocursor(cursorId,"keys",1,"names","id")=$ORDER(^names(%ydboctocursor(cursorId,"keys",1,"names","id"))) QUIT:(%ydboctocursor(cursorId,"keys",1,"names","id")="")  DO
    . SET %ydboctoexpr=1
    . SET %ydboctoexpr=$PIECE($GET(^names(%ydboctocursor(cursorId,"keys",1,"names","id"))),"|",1) SET:(""=%ydboctoexpr) %ydboctoexpr=$ZYSQLNULL
    . SET %ydboctoexpr=($$String2Integer^%ydboctoplanhelpers(%ydboctoexpr))
    . SET %ydboctoexpr(1)=$$ForceNumeric^%ydboctoplanhelpers(%ydboctoexpr)
    . SET %ydboctoexpr=%ydboctocursor(cursorId,"keys",1,"names","id")
    . SET %ydboctoexpr=$$ForceNumeric^%ydboctoplanhelpers(%ydboctoexpr)
    . SET %ydboctoexpr=%ydboctoexpr(1)=%ydboctoexpr
    . DO:%ydboctoexpr
    . . SET:1&$INCREMENT(%ydboctocursor(cursorId,"keys",3,"","")) %ydboctoz=42
    . . SET %ydboctoexpr=%ydboctocursor(cursorId,"keys",1,"names","id")
    . . SET %ydboctoexpr=$$str2mval^%ydboctoplanhelpers(%ydboctoexpr)
    . . SET %ydboctoexpr(0)=%ydboctoexpr
    . . SET %ydboctoexpr=$PIECE($GET(^names(%ydboctocursor(cursorId,"keys",1,"names","id"))),"|",1) SET:(""=%ydboctoexpr) %ydboctoexpr=$ZYSQLNULL
    . . SET %ydboctoexpr=$$str2mval^%ydboctoplanhelpers(%ydboctoexpr)
    . . SET %ydboctoexpr=%ydboctoexpr(0)_%ydboctoexpr
    . . SET %ydboctoexpr(0)=%ydboctoexpr
    . . SET %ydboctoexpr=$PIECE($GET(^names(%ydboctocursor(cursorId,"keys",1,"names","id"))),"|",2) SET:(""=%ydboctoexpr) %ydboctoexpr=$ZYSQLNULL
    . . SET %ydboctoexpr=$$str2mval^%ydboctoplanhelpers(%ydboctoexpr)
    . . SET %ydboctoexpr=%ydboctoexpr(0)_%ydboctoexpr
    . . SET %ydboctocursor(cursorId,"keys",3,"","",%ydboctocursor(cursorId,"keys",3,"",""))=%ydboctoexpr
    ZKILL %ydboctocursor(cursorId,"keys",1,"names","id")
    QUIT
;; This is a generated file; do not modify. Generated M code corresponds to below SQL query
;; ---------------------------------------------------------
;  select id::text || id::text,ABS(2)::numeric * id from names;
;; ---------------------------------------------------------

octoPlan0(cursorId,wrapInTp)
    NEW %ydboctop,%ydboctoexpr
    TSTART:wrapInTp ():(serial)
    DO octoPlan1(cursorId)
    TCOMMIT:wrapInTp
    QUIT

octoPlan1(cursorId)
    NEW %ydboctoz,%ydboctoexpr KILL %ydboctocursor(cursorId,"keys",3,"","")
    SET %ydboctocursor(cursorId,"keys",1,"names","id")=""
    FOR  SET %ydboctocursor(cursorId,"keys",1,"names","id")=$ORDER(^names(%ydboctocursor(cursorId,"keys",1,"names","id"))) QUIT:(%ydboctocursor(cursorId,"keys",1,"names","id")="")  DO
    . SET %ydboctoexpr=1
    . DO:%ydboctoexpr
    . . SET:1&$INCREMENT(%ydboctocursor(cursorId,"keys",3,"","")) %ydboctoz=42
    . . SET %ydboctoexpr=%ydboctocursor(cursorId,"keys",1,"names","id")
    . . SET %ydboctoexpr=(%ydboctoexpr)
    . . SET %ydboctoexpr(1)=%ydboctoexpr
    . . SET %ydboctoexpr=%ydboctocursor(cursorId,"keys",1,"names","id")
    . . SET %ydboctoexpr=(%ydboctoexpr)
    . . SET %ydboctoexpr=%ydboctoexpr(1)_%ydboctoexpr
    . . SET %ydboctoexpr=$$str2mval^%ydboctoplanhelpers(%ydboctoexpr)
    . . SET %ydboctoexpr(0)=%ydboctoexpr
    . . SET %ydboctoexpr=$GET(%ydboctocursor(cursorId,"parameters",1))
    . . SET %ydboctoexpr(3,0)=%ydboctoexpr
    . . SET %ydboctoexpr=$$ABS^%ydboctosqlfunctions(%ydboctoexpr(3,0))
    . . SET %ydboctoexpr=($$Cast2NUMERICWithoutPrecision^%ydboctoplanhelpers(%ydboctoexpr))
    . . SET %ydboctoexpr(1)=%ydboctoexpr
    . . SET %ydboctoexpr=%ydboctocursor(cursorId,"keys",1,"names","id")
    . . SET %ydboctoexpr=%ydboctoexpr(1)*%ydboctoexpr
    . . SET %ydboctoexpr=$$str2mval^%ydboctoplanhelpers(%ydboctoexpr)
    . . SET %ydboctoexpr=%ydboctoexpr(0)_%ydboctoexpr
    . . SET %ydboctocursor(cursorId,"keys",3,"","",%ydboctocursor(cursorId,"keys",3,"",""))=%ydboctoexpr
    ZKILL %ydboctocursor(cursorId,"keys",1,"names","id")
    QUIT
;; This is a generated file; do not modify. Generated M code corresponds to below SQL query
;; ---------------------------------------------------------
;  select id::integer,ABS(2) from names;
;; ---------------------------------------------------------

octoPlan0(cursorId,wrapInTp)
    NEW %ydboctop,%ydboctoexpr
    TSTART:wrapInTp ():(serial)
    DO octoPlan1(cursorId)
    TCOMMIT:wrapInTp
    QUIT

octoPlan1(cursorId)
    NEW %ydboctoz,%ydboctoexpr KILL %ydboctocursor(cursorId,"keys",3,"","")
    SET %ydboctocursor(cursorId,"keys",1,"names","id")=""
    FOR  SET %ydboctocursor(cursorId,"keys",1,"names","id")=$ORDER(^names(%ydboctocursor(cursorId,"keys",1,"names","id"))) QUIT:(%ydboctocursor(cursorId,"keys",1,"names","id")="")  DO
    . SET %ydboctoexpr=1
    . DO:%ydboctoexpr
    . . SET:1&$INCREMENT(%ydboctocursor(cursorId,"keys",3,"","")) %ydboctoz=42
    . . SET %ydboctoexpr=%ydboctocursor(cursorId,"keys",1,"names","id")
    . . SET %ydboctoexpr=((%ydboctoexpr)\1)
    . . SET %ydboctoexpr=$$str2mval^%ydboctoplanhelpers(%ydboctoexpr)
    . . SET %ydboctoexpr(0)=%ydboctoexpr
    . . SET %ydboctoexpr=$GET(%ydboctocursor(cursorId,"parameters",1))
    . . SET %ydboctoexpr(1,0)=%ydboctoexpr
    . . SET %ydboctoexpr=$$ABS^%ydboctosqlfunctions(%ydboctoexpr(1,0))
    . . SET %ydboctoexpr=$$str2mval^%ydboctoplanhelpers(%ydboctoexpr)
    . . SET %ydboctoexpr=%ydboctoexpr(0)_%ydboctoexpr
    . . SET %ydboctocursor(cursorId,"keys",3,"","",%ydboctocursor(cursorId,"keys",3,"",""))=%ydboctoexpr
    ZKILL %ydboctocursor(cursorId,"keys",1,"names","id")
    QUIT
