
-- OCTO395 : Assertion failed in LP_VERIFY_STRUCTURE.C when UNARY + operator is used

select * from names where id = 2 || 3;
select * from names where id = 2 || (+3);
select * from names where '23' = 2 || 3;
select * from names where '2-3' = 2 || -3;
select * from names where '23' = 2 || (+3);
select * from names where firstname = +'abcd';
select * from names where firstname = +'Zero';
select * from names where firstname = +lastname;
select * from names where id = +3;
select * from names where id = -(-(+3));
select * from names where id = 2+(+3);
select * from names where firstname = 'Zero' || +'';
select * from names where firstname = 'Zero' || -'';
select * from names where firstname = 'Zero' || +NULL;
select * from names where firstname = 'Zero' || -NULL;
select * from names where firstname = 'Zero' || +lastname;
select * from names where firstname = 'Zero' || -lastname;

-- Note: The below queries currently work in Octo but fail with Postgres.
--       The Octo output might change once YDBOcto#304 is fixed

select * from names where firstname = 'Zero' || lastname::integer;
select * from names where firstname = 'Zero' || 'abcd'::integer;
select * from names where firstname = 'Zero' || ''::integer;
select * from names where firstname = 'Zero' or lastname::integer;
select * from names where firstname = 'Zero' or 'abcd'::integer;
select * from names where firstname = 'Zero' or ''::integer;

[ERROR]: ERR_TYPE_NOT_COMPATIBLE: Type INTEGER not compatible for || operator
LINE 1: select * from names where id = 2 || 3;
                                       ^
[ERROR]: ERR_TYPE_NOT_COMPATIBLE: Type INTEGER not compatible for || operator
LINE 1: select * from names where id = 2 || 3;
                                            ^
[ERROR]: ERR_TYPE_NOT_COMPATIBLE: Type INTEGER not compatible for || operator
LINE 1: select * from names where id = 2 || (+3);
                                       ^
[ERROR]: ERR_TYPE_NOT_COMPATIBLE: Type INTEGER not compatible for || operator
LINE 1: select * from names where id = 2 || (+3);
                                             ^^
[ERROR]: ERR_TYPE_NOT_COMPATIBLE: Type INTEGER not compatible for || operator
LINE 1: select * from names where '23' = 2 || 3;
                                         ^
[ERROR]: ERR_TYPE_NOT_COMPATIBLE: Type INTEGER not compatible for || operator
LINE 1: select * from names where '23' = 2 || 3;
                                              ^
[ERROR]: ERR_TYPE_NOT_COMPATIBLE: Type INTEGER not compatible for || operator
LINE 1: select * from names where '2-3' = 2 || -3;
                                          ^
[ERROR]: ERR_TYPE_NOT_COMPATIBLE: Type INTEGER not compatible for || operator
[ERROR]: ERR_TYPE_NOT_COMPATIBLE: Type INTEGER not compatible for || operator
LINE 1: select * from names where '23' = 2 || (+3);
                                         ^
[ERROR]: ERR_TYPE_NOT_COMPATIBLE: Type INTEGER not compatible for || operator
LINE 1: select * from names where '23' = 2 || (+3);
                                               ^^
[ERROR]: ERR_INVALID_INPUT_SYNTAX: Invalid input syntax : Expecting type NUMERIC or INTEGER : Actual type VARCHAR
LINE 1: select * from names where firstname = +'abcd';
                                                    ^
[ERROR]: ERR_INVALID_INPUT_SYNTAX: Invalid input syntax : Expecting type NUMERIC or INTEGER : Actual type VARCHAR
LINE 1: select * from names where firstname = +'Zero';
                                                    ^
[ERROR]: ERR_INVALID_INPUT_SYNTAX: Invalid input syntax : Expecting type NUMERIC or INTEGER : Actual type VARCHAR
LINE 1: select * from names where firstname = +lastname;
                                               ^^^^^^^^
ID|FIRSTNAME|LASTNAME
3|Lord|Nikon
(1 row)
ID|FIRSTNAME|LASTNAME
3|Lord|Nikon
(1 row)
ID|FIRSTNAME|LASTNAME
5|Zero|Cool
(1 row)
[ERROR]: ERR_INVALID_INPUT_SYNTAX: Invalid input syntax : Expecting type NUMERIC or INTEGER : Actual type NULL
LINE 1: select * from names where firstname = 'Zero' || +'';
                                                          ^
[ERROR]: ERR_INVALID_INPUT_SYNTAX: Invalid input syntax : Expecting type NUMERIC or INTEGER : Actual type NULL
LINE 1: select * from names where firstname = 'Zero' || -'';
                                                          ^
[ERROR]: ERR_INVALID_INPUT_SYNTAX: Invalid input syntax : Expecting type NUMERIC or INTEGER : Actual type NULL
LINE 1: select * from names where firstname = 'Zero' || +NULL;
                                                         ^^^^
[ERROR]: ERR_INVALID_INPUT_SYNTAX: Invalid input syntax : Expecting type NUMERIC or INTEGER : Actual type NULL
LINE 1: select * from names where firstname = 'Zero' || -NULL;
                                                         ^^^^
[ERROR]: ERR_INVALID_INPUT_SYNTAX: Invalid input syntax : Expecting type NUMERIC or INTEGER : Actual type VARCHAR
LINE 1: select * from names where firstname = 'Zero' || +lastname;
                                                         ^^^^^^^^
[ERROR]: ERR_INVALID_INPUT_SYNTAX: Invalid input syntax : Expecting type NUMERIC or INTEGER : Actual type VARCHAR
LINE 1: select * from names where firstname = 'Zero' || -lastname;
                                                         ^^^^^^^^
ID|FIRSTNAME|LASTNAME
(0 rows)
ID|FIRSTNAME|LASTNAME
(0 rows)
ID|FIRSTNAME|LASTNAME
(0 rows)
[ERROR]: ERR_TYPE_NOT_COMPATIBLE: Type INTEGER not compatible for boolean operations
LINE 1: ...ect * from names where firstname = 'Zero' or lastname::integer;
                                                        ^^^^^^^^^^^^^^^^^
[ERROR]: ERR_TYPE_NOT_COMPATIBLE: Type INTEGER not compatible for boolean operations
LINE 1: select * from names where firstname = 'Zero' or 'abcd'::integer;
                                                             ^^^^^^^^^^
[ERROR]: ERR_TYPE_NOT_COMPATIBLE: Type INTEGER not compatible for boolean operations
LINE 1: select * from names where firstname = 'Zero' or ''::integer;
                                                         ^^^^^^^^^^
