
-- TCT001: coerce canonical number string to INTEGER

select '1'::integer from names limit 1;
select '1.1'::integer from names limit 1;
select * from names where '1'::integer = names.id;
select * from names where '1.1'::integer = names.id;
OCTO> select '1'::integer from names limit 1;
INTEGER
1
(1 row)
OCTO> select '1.1'::integer from names limit 1;
[ERROR]: ERR_INVALID_INTEGER_SYNTAX: Invalid input syntax for type integer: '1.1'
OCTO> select * from names where '1'::integer = names.id;
id|firstname|lastname
1|Acid|Burn
(1 row)
OCTO> select * from names where '1.1'::integer = names.id;
[ERROR]: ERR_INVALID_INTEGER_SYNTAX: Invalid input syntax for type integer: '1.1'
OCTO> 
