
-- TCT000 : coerce string to INTEGER

select '1'::integer from names limit 1;
select * from names where '1'::integer = names.id;
select 'hello'::integer from names limit 1;
select * from names where 'hello'::integer = names.id;
INTEGER
1
(1 row)
ID|FIRSTNAME|LASTNAME
1|Acid|Burn
(1 row)
[ERROR]: ERR_INVALID_INTEGER_SYNTAX: Invalid input syntax for type integer: 'hello'
[ERROR]: ERR_INVALID_INTEGER_SYNTAX: Invalid input syntax for type integer: 'hello'
