
-- TCT005 : coerce INTEGER type to INTEGER

select 1::numeric from names limit 1;
select * from names where 1::numeric = names.id

NUMERIC
1
(1 row)
id|firstname|lastname
1|Acid|Burn
(1 row)
