
-- TCT001: coerce canonical number string to INTEGER

select '1'::integer from names limit 1;
select '1.1'::integer from names limit 1;
select * from names where '1'::integer = names.id;
select * from names where '1.1'::integer = names.id;
INTEGER
1
(1 row)
[ERROR]: ERR_INVALID_INTEGER_SYNTAX: Invalid input syntax for type integer: '1.1'
ID|FIRSTNAME|LASTNAME
1|Acid|Burn
(1 row)
[ERROR]: ERR_INVALID_INTEGER_SYNTAX: Invalid input syntax for type integer: '1.1'
