
-- TCT002: coerce NUMERIC type to INTEGER

select 1.1::integer from names limit 1;
select * from names where 1.1::integer = names.id
???
1
(1 row)
ID|FIRSTNAME|LASTNAME
1|Acid|Burn
(1 row)
