
-- TCT013 : OCTO235 : Rename INT data type to NUMERIC as we do also support floating-point/decimal numbers

SELECT id + firstname FROM names;
SELECT id - firstname FROM names;
SELECT id * firstname FROM names;
SELECT id / firstname FROM names;
SELECT id % firstname FROM names;
SELECT id || firstname FROM names;
SELECT firstname + lastname FROM names;
SELECT firstname - lastname FROM names;
SELECT firstname * lastname FROM names;
SELECT firstname / lastname FROM names;
SELECT firstname % lastname FROM names;
SELECT firstname || lastname FROM names;

-- Test typecast operator for various supported types (INTEGER/NUMERIC/VARCHAR/TEXT) and invalid type

-- Test typecast of integer literals
SELECT 1::integer FROM names;
SELECT 1::numeric FROM names;
SELECT 1::varchar FROM names;
SELECT 1::text FROM names;
SELECT 1::invalid FROM names;

-- Test typecast of numeric literals
SELECT -1.5::numeric FROM names;
SELECT -1.5::varchar FROM names;
SELECT -1.5::text FROM names;
SELECT -1.5::invalid FROM names;

SELECT (-1.5)::numeric FROM names;
SELECT (-1.5)::varchar FROM names;
SELECT (-1.5)::text FROM names;
SELECT (-1.5)::invalid FROM names;

-- Test typecast of string literals
SELECT 'abcd'::integer FROM names;
SELECT 'abcd'::numeric FROM names;
SELECT 'abcd'::varchar FROM names;
SELECT 'abcd'::text FROM names;
SELECT 'abcd'::invalid FROM names;

SELECT '1.5abcd'::integer FROM names;
SELECT '2.5abcd'::numeric FROM names;
SELECT '3.5abcd'::varchar FROM names;
SELECT '4.5abcd'::text FROM names;
SELECT '5.5abcd'::invalid FROM names;

-- Test typecast of integer column references
SELECT id::integer FROM names;
SELECT id::numeric FROM names;
SELECT id::varchar FROM names;
SELECT id::text FROM names;
SELECT id::invalid FROM names;

-- Test typecast of numeric column references
select Price::numeric from Products;
select Price::varchar from Products;
select Price::text from Products;
select Price::invalid from Products;

-- Test typecast of string column references
SELECT firstname::integer FROM names;
SELECT firstname::numeric FROM names;
SELECT firstname::varchar FROM names;
SELECT firstname::text FROM names;
SELECT firstname::invalid FROM names;

[ERROR]: ERR_TYPE_NOT_COMPATIBLE: Type VARCHAR not compatible for arithmetic operations
LINE 3:1: SELECT id + firstname FROM names;
                      ^^^^^^^^^
OCTO> SELECT id + firstname FROM names;
[ERROR]: ERR_TYPE_NOT_COMPATIBLE: Type VARCHAR not compatible for arithmetic operations
LINE 4:1: SELECT id - firstname FROM names;
                      ^^^^^^^^^
OCTO> SELECT id - firstname FROM names;
[ERROR]: ERR_TYPE_NOT_COMPATIBLE: Type VARCHAR not compatible for arithmetic operations
LINE 5:1: SELECT id * firstname FROM names;
                      ^^^^^^^^^
OCTO> SELECT id * firstname FROM names;
[ERROR]: ERR_TYPE_NOT_COMPATIBLE: Type VARCHAR not compatible for arithmetic operations
LINE 6:1: SELECT id / firstname FROM names;
                      ^^^^^^^^^
OCTO> SELECT id / firstname FROM names;
[ERROR]: ERR_TYPE_NOT_COMPATIBLE: Type VARCHAR not compatible for arithmetic operations
LINE 7:1: SELECT id % firstname FROM names;
                      ^^^^^^^^^
OCTO> SELECT id % firstname FROM names;
OCTO> SELECT id || firstname FROM names;
???
0Zero
1Acid
2Cereal
3Lord
4Joey
5Zero
(6 rows)
[ERROR]: ERR_TYPE_NOT_COMPATIBLE: Type VARCHAR not compatible for arithmetic operations
LINE 9:1: SELECT firstname + lastname FROM names;
                 ^^^^^^^^^
[ERROR]: ERR_TYPE_NOT_COMPATIBLE: Type VARCHAR not compatible for arithmetic operations
LINE 9:1: SELECT firstname + lastname FROM names;
                             ^^^^^^^^
OCTO> SELECT firstname + lastname FROM names;
[ERROR]: ERR_TYPE_NOT_COMPATIBLE: Type VARCHAR not compatible for arithmetic operations
LINE 10:1: SELECT firstname - lastname FROM names;
                  ^^^^^^^^^
[ERROR]: ERR_TYPE_NOT_COMPATIBLE: Type VARCHAR not compatible for arithmetic operations
LINE 10:1: SELECT firstname - lastname FROM names;
                              ^^^^^^^^
OCTO> SELECT firstname - lastname FROM names;
[ERROR]: ERR_TYPE_NOT_COMPATIBLE: Type VARCHAR not compatible for arithmetic operations
LINE 11:1: SELECT firstname * lastname FROM names;
                  ^^^^^^^^^
[ERROR]: ERR_TYPE_NOT_COMPATIBLE: Type VARCHAR not compatible for arithmetic operations
LINE 11:1: SELECT firstname * lastname FROM names;
                              ^^^^^^^^
OCTO> SELECT firstname * lastname FROM names;
[ERROR]: ERR_TYPE_NOT_COMPATIBLE: Type VARCHAR not compatible for arithmetic operations
LINE 12:1: SELECT firstname / lastname FROM names;
                  ^^^^^^^^^
[ERROR]: ERR_TYPE_NOT_COMPATIBLE: Type VARCHAR not compatible for arithmetic operations
LINE 12:1: SELECT firstname / lastname FROM names;
                              ^^^^^^^^
OCTO> SELECT firstname / lastname FROM names;
[ERROR]: ERR_TYPE_NOT_COMPATIBLE: Type VARCHAR not compatible for arithmetic operations
LINE 13:1: SELECT firstname % lastname FROM names;
                  ^^^^^^^^^
[ERROR]: ERR_TYPE_NOT_COMPATIBLE: Type VARCHAR not compatible for arithmetic operations
LINE 13:1: SELECT firstname % lastname FROM names;
                              ^^^^^^^^
OCTO> SELECT firstname % lastname FROM names;
OCTO> SELECT firstname || lastname FROM names;
???
ZeroCool
AcidBurn
CerealKiller
LordNikon

ZeroCool
(6 rows)
OCTO> SELECT 1::integer FROM names;
INTEGER
1
1
1
1
1
1
(6 rows)
OCTO> SELECT 1::numeric FROM names;
NUMERIC
1
1
1
1
1
1
(6 rows)
OCTO> SELECT 1::varchar FROM names;
VARCHAR
1
1
1
1
1
1
(6 rows)
OCTO> SELECT 1::text FROM names;
VARCHAR
1
1
1
1
1
1
(6 rows)
[ERROR]: ERR_INVALID_TYPE: Type invalid does not exist
OCTO> SELECT 1::invalid FROM names;
OCTO> SELECT -1.5::numeric FROM names;
???
-1.5
-1.5
-1.5
-1.5
-1.5
-1.5
(6 rows)
[ERROR]: ERR_INVALID_INPUT_SYNTAX: Invalid input syntax : Expecting type NUMERIC or INTEGER : Actual type VARCHAR
LINE 24:1: SELECT -1.5::varchar FROM names;
                   ^^^
OCTO> SELECT -1.5::varchar FROM names;
[ERROR]: ERR_INVALID_INPUT_SYNTAX: Invalid input syntax : Expecting type NUMERIC or INTEGER : Actual type VARCHAR
LINE 25:1: SELECT -1.5::text FROM names;
                   ^^^
OCTO> SELECT -1.5::text FROM names;
[ERROR]: ERR_INVALID_TYPE: Type invalid does not exist
OCTO> SELECT -1.5::invalid FROM names;
OCTO> SELECT (-1.5)::numeric FROM names;
NUMERIC
-1.5
-1.5
-1.5
-1.5
-1.5
-1.5
(6 rows)
OCTO> SELECT (-1.5)::varchar FROM names;
VARCHAR
-1.5
-1.5
-1.5
-1.5
-1.5
-1.5
(6 rows)
OCTO> SELECT (-1.5)::text FROM names;
VARCHAR
-1.5
-1.5
-1.5
-1.5
-1.5
-1.5
(6 rows)
[ERROR]: ERR_INVALID_TYPE: Type invalid does not exist
OCTO> SELECT (-1.5)::invalid FROM names;
OCTO> SELECT 'abcd'::integer FROM names;
[ERROR]: ERR_INVALID_INTEGER_SYNTAX: Invalid input syntax for type integer: 'abcd'
OCTO> SELECT 'abcd'::numeric FROM names;
[ERROR]: ERR_INVALID_NUMERIC_SYNTAX: Invalid input syntax for type numeric: 'abcd'
OCTO> SELECT 'abcd'::varchar FROM names;
VARCHAR
abcd
abcd
abcd
abcd
abcd
abcd
(6 rows)
OCTO> SELECT 'abcd'::text FROM names;
VARCHAR
abcd
abcd
abcd
abcd
abcd
abcd
(6 rows)
[ERROR]: ERR_INVALID_TYPE: Type invalid does not exist
OCTO> SELECT 'abcd'::invalid FROM names;
OCTO> SELECT '1.5abcd'::integer FROM names;
[ERROR]: ERR_INVALID_INTEGER_SYNTAX: Invalid input syntax for type integer: '1.5abcd'
OCTO> SELECT '2.5abcd'::numeric FROM names;
[ERROR]: ERR_INVALID_NUMERIC_SYNTAX: Invalid input syntax for type numeric: '2.5abcd'
OCTO> SELECT '3.5abcd'::varchar FROM names;
VARCHAR
3.5abcd
3.5abcd
3.5abcd
3.5abcd
3.5abcd
3.5abcd
(6 rows)
OCTO> SELECT '4.5abcd'::text FROM names;
VARCHAR
4.5abcd
4.5abcd
4.5abcd
4.5abcd
4.5abcd
4.5abcd
(6 rows)
[ERROR]: ERR_INVALID_TYPE: Type invalid does not exist
OCTO> SELECT '5.5abcd'::invalid FROM names;
OCTO> SELECT id::integer FROM names;
id
0
1
2
3
4
5
(6 rows)
OCTO> SELECT id::numeric FROM names;
id
0
1
2
3
4
5
(6 rows)
OCTO> SELECT id::varchar FROM names;
id
0
1
2
3
4
5
(6 rows)
OCTO> SELECT id::text FROM names;
id
0
1
2
3
4
5
(6 rows)
[ERROR]: ERR_INVALID_TYPE: Type invalid does not exist
OCTO> SELECT id::invalid FROM names;
OCTO> select Price::numeric from Products;
price
18
19
10
22
21.35
25
30
40
97
31
21
38
6
23.25
15.5
17.45
39
62.5
9.2
81
10
21
9
4.5
14
31.23
43.9
45.6
123.79
25.89
12.5
32
2.5
14
18
19
26
263.5
18
18.4
9.65
14
46
19.45
9.5
12
9.5
12.75
20
16.25
53
7
32.8
7.45
24
38
19.5
13.25
55
34
28.5
49.3
43.9
33.25
21.05
17
14
12.5
36
15
21.5
34.8
15
10
7.75
18
13
(77 rows)
OCTO> select Price::varchar from Products;
price
18
19
10
22
21.35
25
30
40
97
31
21
38
6
23.25
15.5
17.45
39
62.5
9.2
81
10
21
9
4.5
14
31.23
43.9
45.6
123.79
25.89
12.5
32
2.5
14
18
19
26
263.5
18
18.4
9.65
14
46
19.45
9.5
12
9.5
12.75
20
16.25
53
7
32.8
7.45
24
38
19.5
13.25
55
34
28.5
49.3
43.9
33.25
21.05
17
14
12.5
36
15
21.5
34.8
15
10
7.75
18
13
(77 rows)
OCTO> select Price::text from Products;
price
18
19
10
22
21.35
25
30
40
97
31
21
38
6
23.25
15.5
17.45
39
62.5
9.2
81
10
21
9
4.5
14
31.23
43.9
45.6
123.79
25.89
12.5
32
2.5
14
18
19
26
263.5
18
18.4
9.65
14
46
19.45
9.5
12
9.5
12.75
20
16.25
53
7
32.8
7.45
24
38
19.5
13.25
55
34
28.5
49.3
43.9
33.25
21.05
17
14
12.5
36
15
21.5
34.8
15
10
7.75
18
13
(77 rows)
[ERROR]: ERR_INVALID_TYPE: Type invalid does not exist
OCTO> select Price::invalid from Products;
OCTO> SELECT firstname::integer FROM names;
[ERROR]: ERR_INVALID_INTEGER_SYNTAX: Invalid input syntax for type integer: 'Zero'
OCTO> SELECT firstname::numeric FROM names;
[ERROR]: ERR_INVALID_NUMERIC_SYNTAX: Invalid input syntax for type numeric: 'Zero'
OCTO> SELECT firstname::varchar FROM names;
firstname
Zero
Acid
Cereal
Lord
Joey
Zero
(6 rows)
OCTO> SELECT firstname::text FROM names;
firstname
Zero
Acid
Cereal
Lord
Joey
Zero
(6 rows)
[ERROR]: ERR_INVALID_TYPE: Type invalid does not exist
OCTO> SELECT firstname::invalid FROM names;
OCTO> 
