
-- TCT004 : coerce canonical number string to NUMERIC

select '1'::numeric from names limit 1;
select '1.1'::numeric from names limit 1;
select * from names where '1'::numeric = names.id;
select * from names where '1.1'::numeric = names.id;

???
1
(1 row)
???
1.1
(1 row)
ID|FIRSTNAME|LASTNAME
1|Acid|Burn
(1 row)
ID|FIRSTNAME|LASTNAME
(0 rows)
