
-- TCTC008B : Test NOT NULL constraint is allowed and enforced on a READWRITE type table + various NULL behavior tests

-- Test that NOT NULL constraint is allowed on a READWRITE type table
-- Test that NOT NULL constraint can specify a name
DROP TABLE IF EXISTS articles;
CREATE TABLE articles(
article_id INTEGER CONSTRAINT article_id_pk PRIMARY KEY,
category_id INTEGER CONSTRAINT article_category_nn NOT NULL
); -- implicitly READWRITE

-- Test that \d tablename does NOT display constraint names for NOT NULL but
-- instead just displays whether the column has "not null" specified or not.
-- Just like Postgres \d tablename does.
\d articles;

-- Populate some data for UPDATE
INSERT INTO articles
VALUES
(3,5),
(8,10);
SELECT * FROM articles;

-- Test that NOT NULL constraint is enforced on a READWRITE type table
-- Test INSERT INTO where column is explicitly specified and takes on a NULL value
INSERT INTO articles(article_id, category_id)
VALUES
(6,NULL);

-- Test INSERT INTO where column is not explicitly specified but takes on a NULL value
INSERT INTO articles(article_id)
VALUES
(6);

-- Test UPDATE where column is explicitly specified and takes on a NULL value
UPDATE articles SET category_id = NULL WHERE article_id = 3;
SELECT * FROM articles;
OCTO> DROP TABLE IF EXISTS articles;
DROP TABLE
OCTO> CREATE TABLE articles(
article_id INTEGER CONSTRAINT article_id_pk PRIMARY KEY,
category_id INTEGER CONSTRAINT article_category_nn NOT NULL
);
CREATE TABLE
OCTO> -- implicitly READWRITE

\d articles;
Table "articles" stored in Global: ^%ydboctoDMsG2927nvWQn38EEh8Gb92(article_id) : Type = READWRITE
Column|Type|Collation|Nullable|Default
article_id|INTEGER||NOT NULL|
category_id|INTEGER||NOT NULL|
Indexes:
    "article_id_pk" PRIMARY KEY CONSTRAINT, Column(s) (article_id), Global: ^%ydboctoDMsG2927nvWQn38EEh8Gb92(article_id)
OCTO> INSERT INTO articles
VALUES
(3,5),
(8,10);
INSERT 0 2
OCTO> SELECT * FROM articles;
article_id|category_id
3|5
8|10
(2 rows)
OCTO> INSERT INTO articles(article_id, category_id)
VALUES
(6,NULL);
[ERROR]: ERR_NULL_COL_VALUE: NULL value in column category_id violates NOT NULL constraint
OCTO> INSERT INTO articles(article_id)
VALUES
(6);
[ERROR]: ERR_NULL_COL_VALUE: NULL value in column category_id violates NOT NULL constraint
OCTO> UPDATE articles SET category_id = NULL WHERE article_id = 3;
[ERROR]: ERR_NULL_COL_VALUE: NULL value in column category_id violates NOT NULL constraint
OCTO> SELECT * FROM articles;
article_id|category_id
3|5
8|10
(2 rows)
OCTO> 
