
create function samevalue(integer) returns integer as $$samevalue^functions;
create function samevalue(varchar) returns varchar as $$samevalue^functions;
create view v1 as select samevalue(1);
create view v2 as select samevalue(id) from names;
create view v3 as select samevalue(firstname) from names;
create view v4 as select samevalue(firstname) from names having samevalue(id)<4;
select * from v1;
select * from v2;
select * from v3;
select * from v4;
CREATE FUNCTION
CREATE FUNCTION
CREATE VIEW
CREATE VIEW
CREATE VIEW
[ERROR]: ERR_GROUP_BY_OR_AGGREGATE_FUNCTION: Column FIRSTNAME must appear in the GROUP BY clause or be used in an aggregate function
LINE 7:1: ...iew v4 as select samevalue(firstname) from names having sameval...
                                        ^^^^^^^^^
SAMEVALUE
1
(1 row)
SAMEVALUE
0
1
2
3
4
5
(6 rows)
SAMEVALUE
Zero
Acid
Cereal
Lord
Joey
Zero
(6 rows)
[ERROR]: ERR_UNKNOWN_TABLE: Unknown table: V4
LINE 11:1: select * from v4;
                         ^^
