
drop table names;
select * from v1_1;
select * from v2_1;
select * from v3_1;
select * from v4_1;
drop table composite;
select * from v5_1;

-- Views on relations in octo-seed.sql
drop table octoonerowtable;
select * from v6_1;

drop table pg_type;
select * from v7_1;

drop function abs(integer);
select * from v8_1;

-- Views which depend on other Views
drop view b1;
select * from a1;
select * from b1;

-- Following usage failed when multiple functions of the same name but different parameter types were created
drop function samevalue(integer);
select * from f1;
select samevalue(1) from names;

-- https://gitlab.com/YottaDB/DBMS/YDBOcto/-/merge_requests/1244#note_1375758802
drop view a;
select * from b;
select * from a;

-- Parmless function
select * from c;

-- https://gitlab.com/YottaDB/DBMS/YDBOcto/-/merge_requests/1244#note_1375502307
drop view v9_1;
select * from v10_1;
drop view v10_1;
drop view v9_1;
select * from v11_1;
drop view v11_1;
select * from v9_1;
drop view v9_1;

select * from v1;
select * from v2;
select * from v3;
select * from v4;
select * from v5;
select * from v6;
select * from v7;
select * from v8;
select * from v9;
-- select * from v10;
select * from v11;
select * from v12;
select * from v13;
select * from v14;
select * from v15;
select * from v16;
select * from v17;
select * from v18;
select * from v19;
select * from v20;
select * from v21;
select * from v22;
select * from v23;
select * from v24;
select * from v25;
select * from v26;
select * from v27;
select * from v28;
select * from v29;
select * from v30;
select * from v31;
select * from v32;

-- https://gitlab.com/YottaDB/DBMS/YDBOcto/-/merge_requests/1244#note_1375783812
drop table names;
select * from v35;
select * from v34;
select * from v33;

-- https://gitlab.com/YottaDB/DBMS/YDBOcto/-/merge_requests/1244#note_1379082949
select * from v36;

-- https://gitlab.com/YottaDB/DBMS/YDBOcto/-/merge_requests/1244#note_1379091825
select * from v37;

-- https://gitlab.com/YottaDB/DBMS/YDBOcto/-/merge_requests/1244#note_1379101951
select * from v38;

-- https://gitlab.com/YottaDB/DBMS/YDBOcto/-/merge_requests/1244#note_1379107070
select * from v39;
select * from v40;

-- https://gitlab.com/YottaDB/DBMS/YDBOcto/-/merge_requests/1244#note_1380391980
select * from v41;

-- GAN_TODO: Copy all of the queries below to TAU002_2.sql
-- https://gitlab.com/YottaDB/DBMS/YDBOcto/-/merge_requests/1244#note_1380390157
select * from v42;

-- https://gitlab.com/YottaDB/DBMS/YDBOcto/-/merge_requests/1244#note_1380388151
select * from v43;

-- https://gitlab.com/YottaDB/DBMS/YDBOcto/-/merge_requests/1244#note_1380380124
select * from v44;

-- https://gitlab.com/YottaDB/DBMS/YDBOcto/-/merge_requests/1244#note_1379097653
select * from v45;

-- https://gitlab.com/YottaDB/DBMS/YDBOcto/-/merge_requests/1244#note_1379108907
select * from v46;
select * from v47;
select * from v48;
select * from v49;
select * from v50;
select * from v51;
select * from v52;
select * from v53;
select * from v54;
-- https://gitlab.com/YottaDB/DBMS/YDBOcto/-/merge_requests/1244#note_1380382091
select * from v55;
select * from v56;
-- https://gitlab.com/YottaDB/DBMS/YDBOcto/-/merge_requests/1244#note_1379108907
select * from v57;
-- https://gitlab.com/YottaDB/DBMS/YDBOcto/-/merge_requests/1244#note_1384324106
select * from v58;
select * from v59;
-- https://gitlab.com/YottaDB/DBMS/YDBOcto/-/merge_requests/1244#note_1384324108
select * from v60;
select * from v61;
-- https://gitlab.com/YottaDB/DBMS/YDBOcto/-/merge_requests/1244#note_1384324110
select * from v62;
-- https://gitlab.com/YottaDB/DBMS/YDBOcto/-/merge_requests/1244#note_1380436701
select * from v63;
-- https://gitlab.com/YottaDB/DBMS/YDBOcto/-/merge_requests/1244#note_1380375577
select * from v64;
select * from v65;
select * from v66;
-- https://gitlab.com/YottaDB/DBMS/YDBOcto/-/merge_requests/1244#note_1380541896
select * from v67;
-- https://gitlab.com/YottaDB/DBMS/YDBOcto/-/merge_requests/1244#note_1382354577
select * from v68;
-- https://gitlab.com/YottaDB/DBMS/YDBOcto/-/merge_requests/1244#note_1382352931
select * from v69;
select * from v70;

-- Column level constraints
drop table tmp80; -- Ensure view dependency is intact
select * from v80;
-- Ensure the original table constraints are not affected
insert into tmp80 values(3,'third',0); -- Fails due to value being less than 0
insert into tmp80 values(2,'third',3.2); -- Fails due to id being not unique
-- test column level check constraint with a name is accepted
drop table tmp81; -- Ensure view dependency is intact
select * from v81;
insert into tmp81 values(3,'third',0); -- Fails due to value being less than 0
-- table level constraints
-- test table level check constraint without a name is accepted
drop table tmp82; -- Ensure view dependency is intact
select * from v82;
insert into tmp82 values(0); -- Fails due to id being less than 0
insert into tmp82 values(1); -- Fails due to id being not unique
-- test table level check constraint with a name is accepted
drop table tmp83; -- Ensure view dependency is intact
select * from v83;
insert into tmp83 values(0); -- Fails due to id being less than 0

select * from v84;

-- PIECE, START and ENDPOINT usage
drop table tmp86;
drop table tmp85;
select * from v85;
select * from v86;
drop view v85;
drop view v86;
drop table tmp85;
drop table tmp86;
-- Check names is not affected by above queries as that is the base table for tmp86 and tmp85
select * from names;

-- Auto incrementing column or IDENTITY column (GENERATED ALWAYS AS IDENTITY)
-- -- both the following queries should have same output
-- -- and the max value for the column `id` seen by the two queries should be `2`
select * from v87;
select * from tmp87;
INSERT INTO tmp87(str) VALUES('second'); -- Auto increment value assigned for ID
-- -- both the following queries should have same output
-- -- and the new row added should have `id` column value as 3
select * from v87;
select * from tmp87;

-- Auto incrementing column or IDENTITY column (GENERATED BY DEFAULT AS IDENTITY)
-- -- both the following queries should have same output
-- -- and the value of `id` column here should be 1,3,2
select * from v88;
select * from tmp88;
INSERT INTO tmp88(id,str) VALUES(6,'fourth'); -- 6 assigned for ID
INSERT INTO tmp88(str) VALUES('fifth'); -- Auto increment value assigned for ID and the value should be 3
-- -- both the following queries should have same output
-- -- and the output rows should have 1,3,2,6,3 as values for `id` column
select * from v88;
select * from tmp88;

-- https://gitlab.com/YottaDB/DBMS/YDBOcto/-/merge_requests/1244#note_1379103370
select * from v89;

-- https://gitlab.com/YottaDB/DBMS/YDBOcto/-/merge_requests/1244#note_1380399080
select * from v90;
select * from v91;
[ERROR]: ERR_DROP_TABLE_DEPENDS_ON_VIEW: Cannot Drop table "names" because view "b1" depends on it
id|firstname|lastname
0|Zero|Cool
1|Acid|Burn
2|Cereal|Killer
3|Lord|Nikon
4|Joey|
5|Zero|Cool
(6 rows)
id 1|firstname 1|lastname 1|id2|firstname2|lastname2
0|Zero|Cool|0|Zero|Cool
0|Zero|Cool|1|Acid|Burn
0|Zero|Cool|2|Cereal|Killer
0|Zero|Cool|3|Lord|Nikon
0|Zero|Cool|4|Joey|
0|Zero|Cool|5|Zero|Cool
1|Acid|Burn|0|Zero|Cool
1|Acid|Burn|1|Acid|Burn
1|Acid|Burn|2|Cereal|Killer
1|Acid|Burn|3|Lord|Nikon
1|Acid|Burn|4|Joey|
1|Acid|Burn|5|Zero|Cool
2|Cereal|Killer|0|Zero|Cool
2|Cereal|Killer|1|Acid|Burn
2|Cereal|Killer|2|Cereal|Killer
2|Cereal|Killer|3|Lord|Nikon
2|Cereal|Killer|4|Joey|
2|Cereal|Killer|5|Zero|Cool
3|Lord|Nikon|0|Zero|Cool
3|Lord|Nikon|1|Acid|Burn
3|Lord|Nikon|2|Cereal|Killer
3|Lord|Nikon|3|Lord|Nikon
3|Lord|Nikon|4|Joey|
3|Lord|Nikon|5|Zero|Cool
4|Joey||0|Zero|Cool
4|Joey||1|Acid|Burn
4|Joey||2|Cereal|Killer
4|Joey||3|Lord|Nikon
4|Joey||4|Joey|
4|Joey||5|Zero|Cool
5|Zero|Cool|0|Zero|Cool
5|Zero|Cool|1|Acid|Burn
5|Zero|Cool|2|Cereal|Killer
5|Zero|Cool|3|Lord|Nikon
5|Zero|Cool|4|Joey|
5|Zero|Cool|5|Zero|Cool
(36 rows)
v1_firstname
Zero
Acid
Cereal
Lord
Joey
Cool
Burn
Killer
Nikon

(10 rows)
v1 firstname
Zero
Acid
Cereal
Lord
Joey
Cool
Burn
Killer
Nikon

(10 rows)
[ERROR]: ERR_DROP_TABLE_DEPENDS_ON_VIEW: Cannot Drop table "composite" because view "v5_1" depends on it
id0|id1|id2|id3|id4|id5|id6|id7|name
0|1|2|3|4|5|6|7|Name1
0|1|2|3|4|5|6|8|Name2
0|1|2|3|4|5|7|7|Name3
0|1|2|3|4|5|8|7|Name4
0|1|2|3|4|6|8|7|Name5
0|1|2|3|5|6|8|7|Name6
0|1|2|4|5|6|8|7|Name7
0|1|3|4|5|6|8|7|Name8
0|2|3|4|5|6|8|7|Name9
1|2|3|4|5|6|8|7|Name10
(10 rows)
[ERROR]: ERR_DROP_TABLE_DEPENDS_ON_VIEW: Cannot Drop table "octoonerowtable" because view "a" depends on it
???
1
(1 row)
[ERROR]: ERR_DROP_TABLE_DEPENDS_ON_VIEW: Cannot Drop table "pg_type" because view "v7_1" depends on it
typname|typnamespace|typowner|typlen|typbyval|typtype|typcategory|typispreferred|typisdefined|typdelim|typrelid|typelem|typarray|typinput|typoutput|typreceive|typsend|typmodin|typmodout|typanalyze|typalign|typstorage|typnotnull|typbasetype|typtypmod|typndims|typcollation|typdefaultbin|typdefault|typacl|oid
bool|11|10|1|1|b|B|1|1|,|0|0|1000|boolin|boolout|boolrecv|boolsend|-|-|-|c|p|0|0|-1|0|0||||16
int4|11|10|4|1|b|N|0|1|,|0|0|1007|int4in|int4out|int4recv|int4send|-|-|-|i|p|0|0|-1|0|0||||23
name|11|10|64|0|b|S|0|1|,|0|18|1003|namein|nameout|namerecv|namesend|-|-|-|c|p|0|0|-1|0|0||||19
numeric|11|10|-1|0|b|N|0|1|,|0|0|1231|numeric_in|numeric_out|numeric_recv|numeric_send|numerictypmodin|numerictypmodout|-|i|m|0|0|-1|0|0||||1700
unknown|11|10|-2|f|p|X|f|t|,|0|0|0|unknownin|unknownout|unknownrecv|unknownsend|-|-|-|c|p|f|0|-1|0|0||||705
varchar|11|10|-1|0|b|S|0|1|,|0|0|1015|varcharin|varcharout|varcharrecv|varcharsend|varchartypmodin|varchartypmodout|-|i|x|0|0|-1|0|100||||1043
(6 rows)
[ERROR]: ERR_DROP_FUNCTION_DEPENDS_ON_VIEW: Cannot DROP function abs(INTEGER) because view "v47" depends on it
abs
1
(1 row)
[ERROR]: ERR_DROP_VIEW_DEPENDS_ON_VIEW: Cannot Drop view "b1" because view "a1" depends on it
id|firstname|lastname
0|Zero|Cool
1|Acid|Burn
2|Cereal|Killer
3|Lord|Nikon
4|Joey|
5|Zero|Cool
(6 rows)
id|firstname|lastname
0|Zero|Cool
1|Acid|Burn
2|Cereal|Killer
3|Lord|Nikon
4|Joey|
5|Zero|Cool
(6 rows)
[ERROR]: ERR_DROP_FUNCTION_DEPENDS_ON_VIEW: Cannot DROP function samevalue(INTEGER) because view "f1" depends on it
samevalue
1
(1 row)
samevalue
1
1
1
1
1
1
(6 rows)
[ERROR]: ERR_DROP_VIEW_DEPENDS_ON_VIEW: Cannot Drop view "a" because view "b" depends on it
???
1
(1 row)
???
1
(1 row)
id|firstname|lastname
0|Zero|Cool
1|Acid|Burn
2|Cereal|Killer
3|Lord|Nikon
4|Joey|
5|Zero|Cool
(6 rows)
[ERROR]: ERR_DROP_VIEW_DEPENDS_ON_VIEW: Cannot Drop view "v9_1" because view "v10_1" depends on it
id
1
(1 row)
DROP VIEW
[ERROR]: ERR_DROP_VIEW_DEPENDS_ON_VIEW: Cannot Drop view "v9_1" because view "v11_1" depends on it
id
1
(1 row)
DROP VIEW
id
1
(1 row)
DROP VIEW
???
1
(1 row)
firstname|lastname
Zero|Cool
Acid|Burn
Cereal|Killer
Lord|Nikon
Joey|
Zero|Cool
(6 rows)
id1|firstname1|lastname1|id2|firstname2|lastname2
0|Zero|Cool|0|Zero|Cool
0|Zero|Cool|1|Acid|Burn
0|Zero|Cool|2|Cereal|Killer
0|Zero|Cool|3|Lord|Nikon
0|Zero|Cool|4|Joey|
0|Zero|Cool|5|Zero|Cool
1|Acid|Burn|0|Zero|Cool
1|Acid|Burn|1|Acid|Burn
1|Acid|Burn|2|Cereal|Killer
1|Acid|Burn|3|Lord|Nikon
1|Acid|Burn|4|Joey|
1|Acid|Burn|5|Zero|Cool
2|Cereal|Killer|0|Zero|Cool
2|Cereal|Killer|1|Acid|Burn
2|Cereal|Killer|2|Cereal|Killer
2|Cereal|Killer|3|Lord|Nikon
2|Cereal|Killer|4|Joey|
2|Cereal|Killer|5|Zero|Cool
3|Lord|Nikon|0|Zero|Cool
3|Lord|Nikon|1|Acid|Burn
3|Lord|Nikon|2|Cereal|Killer
3|Lord|Nikon|3|Lord|Nikon
3|Lord|Nikon|4|Joey|
3|Lord|Nikon|5|Zero|Cool
4|Joey||0|Zero|Cool
4|Joey||1|Acid|Burn
4|Joey||2|Cereal|Killer
4|Joey||3|Lord|Nikon
4|Joey||4|Joey|
4|Joey||5|Zero|Cool
5|Zero|Cool|0|Zero|Cool
5|Zero|Cool|1|Acid|Burn
5|Zero|Cool|2|Cereal|Killer
5|Zero|Cool|3|Lord|Nikon
5|Zero|Cool|4|Joey|
5|Zero|Cool|5|Zero|Cool
(36 rows)
column1|column2|column3
1|2|3
1|2|3
(2 rows)
column1|column2|column3
1|test|test2
(1 row)
column1|column2|column3
1|test|test2
2|test3|test4
(2 rows)
column1|column2|column3
1|test|test2
2|test3|test4
(2 rows)
v1_firstname
Zero
Acid
Cereal
Lord
Joey
Cool
Burn
Killer
Nikon

(10 rows)
firstname|lastname
Zero|Cool
Acid|Burn
Cereal|Killer
Lord|Nikon
Joey|
Zero|Cool
(6 rows)
id|firstname|lastname
0|Zero|Cool
1|Acid|Burn
2|Cereal|Killer
3|Lord|Nikon
4|Joey|
5|Zero|Cool
(6 rows)
firstname
Acid
Joey
Lord
Zero
Cereal
(5 rows)
firstname
Acid
Joey
Lord
Zero
Cereal
(5 rows)
firstname
Acid
Cereal
Joey
Lord
Zero
(5 rows)
firstname
Acid
Cereal
Joey
Lord
Zero
(5 rows)
count
6
(1 row)
id|firstname|lastname
0|Zero|Cool
(1 row)
id|firstname|lastname
0|Zero|Cool
1|Acid|Burn
2|Cereal|Killer
3|Lord|Nikon
4|Joey|
5|Zero|Cool
(6 rows)
firstname
Zero
Zero
Lord
Joey
Cereal
Acid
(6 rows)
firstname
Zero
Acid
Cereal
Lord
Joey
Zero
(6 rows)
column1|column2|column3
1|2|3
(1 row)
id
0
1
2
3
4
5
(6 rows)
a1|a2|a3|a4|a5|a6
1|2|3|3|4|5
(1 row)
id
1
1
1
1
1
1
2
2
2
2
2
2
3
3
3
3
3
3
4
4
4
4
4
4
5
5
5
5
5
5
(30 rows)
id 1|firstname 1|lastname 1|id2|firstname2|lastname2
0|Zero|Cool|0|Zero|Cool
0|Zero|Cool|1|Acid|Burn
0|Zero|Cool|2|Cereal|Killer
0|Zero|Cool|3|Lord|Nikon
0|Zero|Cool|4|Joey|
0|Zero|Cool|5|Zero|Cool
1|Acid|Burn|0|Zero|Cool
1|Acid|Burn|1|Acid|Burn
1|Acid|Burn|2|Cereal|Killer
1|Acid|Burn|3|Lord|Nikon
1|Acid|Burn|4|Joey|
1|Acid|Burn|5|Zero|Cool
2|Cereal|Killer|0|Zero|Cool
2|Cereal|Killer|1|Acid|Burn
2|Cereal|Killer|2|Cereal|Killer
2|Cereal|Killer|3|Lord|Nikon
2|Cereal|Killer|4|Joey|
2|Cereal|Killer|5|Zero|Cool
3|Lord|Nikon|0|Zero|Cool
3|Lord|Nikon|1|Acid|Burn
3|Lord|Nikon|2|Cereal|Killer
3|Lord|Nikon|3|Lord|Nikon
3|Lord|Nikon|4|Joey|
3|Lord|Nikon|5|Zero|Cool
4|Joey||0|Zero|Cool
4|Joey||1|Acid|Burn
4|Joey||2|Cereal|Killer
4|Joey||3|Lord|Nikon
4|Joey||4|Joey|
4|Joey||5|Zero|Cool
5|Zero|Cool|0|Zero|Cool
5|Zero|Cool|1|Acid|Burn
5|Zero|Cool|2|Cereal|Killer
5|Zero|Cool|3|Lord|Nikon
5|Zero|Cool|4|Joey|
5|Zero|Cool|5|Zero|Cool
(36 rows)
v1_firstname
Zero
Acid
Cereal
Lord
Joey
Cool
Burn
Killer
Nikon

(10 rows)
v1 firstname
Zero
Acid
Cereal
Lord
Joey
Cool
Burn
Killer
Nikon

(10 rows)
v1 firstname
Zero
Acid
Cereal
Lord
Joey
Cool
Burn
Killer
Nikon

(10 rows)
v1 firstname
Zero
Acid
Cereal
Lord
Joey
Cool
Burn
Killer
Nikon

(10 rows)
id|firstname|lastname
0|Zero|Cool
1|Acid|Burn
2|Cereal|Killer
3|Lord|Nikon
4|Joey|
5|Zero|Cool
||
(7 rows)
id|firstname|lastname
0|Zero|Cool
1|Acid|Burn
2|Cereal|Killer
3|Lord|Nikon
4|Joey|
5|Zero|Cool
||
(7 rows)
id|firstname|lastname
0|Zero|Cool
1|Acid|Burn
2|Cereal|Killer
3|Lord|Nikon
4|Joey|
5|Zero|Cool
0|Zero|Cool
1|Acid|Burn
2|Cereal|Killer
3|Lord|Nikon
4|Joey|
5|Zero|Cool
(12 rows)
[ERROR]: ERR_DROP_TABLE_DEPENDS_ON_VIEW: Cannot Drop table "names" because view "b1" depends on it
column1
1
(1 row)
lastname
Acid
Burn
Cereal
Cool
Joey
Killer
Lord
Nikon
Zero

(10 rows)
id|firstname|lastname
1|Acid|Burn
0|Zero|Cool
5|Zero|Cool
2|Cereal|Killer
3|Lord|Nikon
4|Joey|
(6 rows)
???
1
(1 row)
CASE
1.2
(1 row)
???
0
(1 row)
sum
1
(1 row)
count(*)
6
(1 row)
id
(0 rows)
???
(0 rows)
???
(0 rows)
???
1.2
(1 row)
[ERROR]: ERR_SUBQUERY_MULTIPLE_ROWS: More than one row returned by a subquery used as an expression
???






(6 rows)
abs

(1 row)
???






(6 rows)
idbool
-1
-1
0
0
0
0
(6 rows)
sub|???
true|1
(1 row)
???
0
1
0
0

0
(6 rows)
???
0
1
0
0

0
(6 rows)
???
1
1
1
1
1
1
(6 rows)
id|firstname|lastname
0|Zero|Cool
2|Cereal|Killer
4|Joey|
(3 rows)
firstname
(0 rows)
???
1
(1 row)
a|b
0|0
0|1
0|2
0|3
0|4
0|5
1|0
1|1
1|2
1|3
1|4
1|5
2|0
2|1
2|2
2|3
2|4
2|5
3|0
3|1
3|2
3|3
3|4
3|5
4|0
4|1
4|2
4|3
4|4
4|5
5|0
5|1
5|2
5|3
5|4
5|5
(36 rows)
count
6
(1 row)
???
Acid1
Joey1
Lord1
Zero2
Cereal1
(5 rows)
col1
0
1
2
3
4
5
(6 rows)
firstname
Zero
Acid
Cereal
Lord
Joey
Zero
(6 rows)
firstname|count
Acid|1
Joey|1
Lord|1
Zero|2
Cereal|1
(5 rows)
id|firstname|lastname
0|Zero|Cool
1|Acid|Burn
2|Cereal|Killer
3|Lord|Nikon
4|Joey|
5|Zero|Cool
(6 rows)
a2|b2|c2
0|Zero|Cool
(1 row)
id|firstname|lastname
0|Zero|Cool
1|Acid|Burn
2|Cereal|Killer
3|Lord|Nikon
4|Joey|
5|Zero|Cool
(6 rows)
id
0
1
2
3
5
(5 rows)
id|firstname|lastname
0|Zero|Cool
1|Acid|Burn
2|Cereal|Killer
3|Lord|Nikon
4|Joey|
5|Zero|Cool
(6 rows)
???
0
0
0
(3 rows)
CASE
is zero
is one
is null
(3 rows)
???
0
0
(2 rows)
[ERROR]: ERR_DROP_TABLE_DEPENDS_ON_VIEW: Cannot Drop table "tmp80" because view "v80" depends on it
id|name|value
1|first|1.2
2|second|2.2
(2 rows)
[ERROR]: ERR_CHECK_CONSTRAINT_VIOLATION: New row for table tmp80 violates CHECK constraint tmp80_value_check : Failing row contains (3, third, 0)
[ERROR]: ERR_DUPLICATE_KEY_VALUE: Duplicate Key Value violates UNIQUE constraint "tmp80_id_key" : Key (id)=(2) already exists
[ERROR]: ERR_DROP_TABLE_DEPENDS_ON_VIEW: Cannot Drop table "tmp81" because view "v81" depends on it
id|name|value
1|first|1.2
2|second|2.2
(2 rows)
[ERROR]: ERR_CHECK_CONSTRAINT_VIOLATION: New row for table tmp81 violates CHECK constraint name1 : Failing row contains (3, third, 0)
[ERROR]: ERR_DROP_TABLE_DEPENDS_ON_VIEW: Cannot Drop table "tmp82" because view "v82" depends on it
id
1
2
(2 rows)
[ERROR]: ERR_CHECK_CONSTRAINT_VIOLATION: New row for table tmp82 violates CHECK constraint tmp82_id_check : Failing row contains (0)
[ERROR]: ERR_DUPLICATE_KEY_VALUE: Duplicate Key Value violates UNIQUE constraint "tmp82_id_key" : Key (id)=(1) already exists
[ERROR]: ERR_DROP_TABLE_DEPENDS_ON_VIEW: Cannot Drop table "tmp83" because view "v83" depends on it
id
1
2
(2 rows)
[ERROR]: ERR_CHECK_CONSTRAINT_VIOLATION: New row for table tmp83 violates CHECK constraint name1 : Failing row contains (0)
lastname
Cool
Burn
Killer
Nikon

(5 rows)
[ERROR]: ERR_DROP_TABLE_DEPENDS_ON_VIEW: Cannot Drop table "tmp86" because view "v86" depends on it
[ERROR]: ERR_DROP_TABLE_DEPENDS_ON_VIEW: Cannot Drop table "tmp85" because view "v85" depends on it
id|firstname|lastname
1|Acid|Burn
2|Cereal|Killer
3|Lord|Nikon
(3 rows)
id|firstname|lastname
1|Burn|Acid
2|Killer|Cereal
3|Nikon|Lord
(3 rows)
DROP VIEW
DROP VIEW
DROP TABLE
DROP TABLE
id|firstname|lastname
0|Zero|Cool
1|Acid|Burn
2|Cereal|Killer
3|Lord|Nikon
4|Joey|
5|Zero|Cool
(6 rows)
id|str
1|first
2|second
(2 rows)
id|str
1|first
2|second
(2 rows)
INSERT 0 1
id|str
1|first
2|second
3|second
(3 rows)
id|str
1|first
2|second
3|second
(3 rows)
id|str
1|first
3|second
2|third
(3 rows)
id|str
1|first
3|second
2|third
(3 rows)
INSERT 0 1
INSERT 0 1
id|str
1|first
3|second
2|third
6|fourth
3|fifth
(5 rows)
id|str
1|first
3|second
2|third
6|fourth
3|fifth
(5 rows)
EXISTS
1
(1 row)
id|newid
0|0
2|0
4|0
1|1
3|1
5|1
(6 rows)
id|???
0|0
1|1
2|0
3|1
4|0
5|1
(6 rows)
