
select -time'01:01:00'+date'2023-01-01';
select -time'01:01:00';
select -time with time zone'01:01:01 +1';

select EXISTS(select date'2023-01-01');
select EXISTS(select time'01:01:01');
select EXISTS(select time with time zone'01:01:01 +1');
select EXISTS(select timestamp'2023-01-01 01:01:01');
select EXISTS(select timestamp with time zone'2023-01-01 01:01:01 +1');
[ERROR]: ERR_INVALID_INPUT_SYNTAX: Invalid input syntax : Expecting type NUMERIC or INTEGER : Actual type TIME
LINE 2:1: select -time'01:01:00'+date'2023-01-01';
                  ^^^^^^^^^^^^^^
OCTO> select -time'01:01:00'+date'2023-01-01';
[ERROR]: ERR_INVALID_INPUT_SYNTAX: Invalid input syntax : Expecting type NUMERIC or INTEGER : Actual type TIME
LINE 3:1: select -time'01:01:00';
                  ^^^^^^^^^^^^^^
OCTO> select -time'01:01:00';
[ERROR]: ERR_INVALID_DATE_TIME_VALUE: "01:01:01 +1" is invalid for type "TIME WITH TIME ZONE", format "TEXT" and datestyle "ISO, YMD"
LINE 4:1: select -time with time zone'01:01:01 +1';
                  ^^^^^^^^^^^^^^^^^^^^^^^^^^^^^^^^
OCTO> select -time with time zone'01:01:01 +1';
OCTO> select EXISTS(select date'2023-01-01');
EXISTS
t
(1 row)
OCTO> select EXISTS(select time'01:01:01');
EXISTS
t
(1 row)
[ERROR]: ERR_INVALID_DATE_TIME_VALUE: "01:01:01 +1" is invalid for type "TIME WITH TIME ZONE", format "TEXT" and datestyle "ISO, YMD"
LINE 8:1: select EXISTS(select time with time zone'01:01:01 +1');
                               ^^^^^^^^^^^^^^^^^^^^^^^^^^^^^^^^
OCTO> select EXISTS(select time with time zone'01:01:01 +1');
OCTO> select EXISTS(select timestamp'2023-01-01 01:01:01');
EXISTS
t
(1 row)
[ERROR]: ERR_INVALID_DATE_TIME_VALUE: "2023-01-01 01:01:01 +1" is invalid for type "TIMESTAMP WITH TIME ZONE", format "TEXT" and datestyle "ISO, YMD"
LINE 10:1: ...EXISTS(select timestamp with time zone'2023-01-01 01:01:01 +1');
                            ^^^^^^^^^^^^^^^^^^^^^^^^^^^^^^^^^^^^^^^^^^^^^^^^
OCTO> select EXISTS(select timestamp with time zone'2023-01-01 01:01:01 +1');
OCTO> 
