
select -time'01:01:00'+date'01-01-2023';
select -time'01:01:00';
select -time with time zone'01:01:01 +1';

select EXISTS(select date'01-01-2023');
select EXISTS(select time'01:01:01');
select EXISTS(select time with time zone'01:01:01 +1');
select EXISTS(select timestamp'01-01-2023 01:01:01');
select EXISTS(select timestamp with time zone'01-01-2023 01:01:01 +1');
[ERROR]: ERR_INVALID_INPUT_SYNTAX: Invalid input syntax : Expecting type NUMERIC or INTEGER : Actual type TIME
LINE 2:1: select -time'01:01:00'+date'01-01-2023';
                  ^^^^^^^^^^^^^^
OCTO> select -time'01:01:00'+date'01-01-2023';
[ERROR]: ERR_INVALID_INPUT_SYNTAX: Invalid input syntax : Expecting type NUMERIC or INTEGER : Actual type TIME
LINE 3:1: select -time'01:01:00';
                  ^^^^^^^^^^^^^^
OCTO> select -time'01:01:00';
[ERROR]: ERR_INVALID_DATE_TIME_VALUE: "01:01:01 +1" is invalid for type TIME WITH TIME ZONE and format TEXT
LINE 4:1: select -time with time zone'01:01:01 +1';
                  ^^^^^^^^^^^^^^^^^^^^^^^^^^^^^^^^
OCTO> select -time with time zone'01:01:01 +1';
OCTO> select EXISTS(select date'01-01-2023');
EXISTS
1
(1 row)
OCTO> select EXISTS(select time'01:01:01');
EXISTS
1
(1 row)
[ERROR]: ERR_INVALID_DATE_TIME_VALUE: "01:01:01 +1" is invalid for type TIME WITH TIME ZONE and format TEXT
LINE 8:1: select EXISTS(select time with time zone'01:01:01 +1');
                               ^^^^^^^^^^^^^^^^^^^^^^^^^^^^^^^^
OCTO> select EXISTS(select time with time zone'01:01:01 +1');
OCTO> select EXISTS(select timestamp'01-01-2023 01:01:01');
EXISTS
1
(1 row)
[ERROR]: ERR_INVALID_DATE_TIME_VALUE: "01-01-2023 01:01:01 +1" is invalid for type TIMESTAMP WITH TIME ZONE and format TEXT
LINE 10:1: ...EXISTS(select timestamp with time zone'01-01-2023 01:01:01 +1');
                            ^^^^^^^^^^^^^^^^^^^^^^^^^^^^^^^^^^^^^^^^^^^^^^^^
OCTO> select EXISTS(select timestamp with time zone'01-01-2023 01:01:01 +1');
OCTO> 
