OCTO> select date'2023-01-01' NOT IN (date'2023-01-01',date'2023-01-01');
???
0
(1 row)
OCTO> select date'2023-01-01' NOT IN (select date'2023-01-01');
???
0
(1 row)
[ERROR]: ERR_TYPE_MISMATCH: Type mismatch: left TIME, right DATE
LINE 3:1: ...elect date'2023-01-01' NOT IN (time'01:01:00',date'2023-01-01');
                                            ^^^^^^^^^^^^^^
LINE 3:1: ...elect date'2023-01-01' NOT IN (time'01:01:00',date'2023-01-01');
                                                           ^^^^^^^^^^^^^^^^
OCTO> select date'2023-01-01' NOT IN (time'01:01:00',date'2023-01-01');
[ERROR]: ERR_TYPE_MISMATCH: Type mismatch: left DATE, right TIME
LINE 4:1: select date'2023-01-01' NOT IN (select time'01:01:00');
                 ^^^^^^^^^^^^^^^^
LINE 4:1: select date'2023-01-01' NOT IN (select time'01:01:00');
                                          ^^^^^^
OCTO> select date'2023-01-01' NOT IN (select time'01:01:00');
OCTO> select date'2023-01-01' NOT IN (timestamp'2023-01-01 01:01:00',date'2023-01-01');
???
0
(1 row)
OCTO> select date'2023-01-01' NOT IN (select timestamp'2023-01-01 01:01:00');
???
1
(1 row)
OCTO> select date'2023-01-01' NOT IN (timestamp with time zone'2023-01-01 01:01:00-05:00',date'2023-01-01');
???
0
(1 row)
OCTO> select date'2023-01-01' NOT IN (select timestamp with time zone'2023-01-01 01:01:00-05:00');
???
1
(1 row)
OCTO> select date'2023-01-01' NOT IN (n1.dob,date'2023-01-01') from TDTT005date n1;
???
0
(1 row)
OCTO> select date'2023-01-01' NOT IN (select n1.dob) from TDTT005date n1;
???
0
(1 row)
[ERROR]: ERR_TYPE_MISMATCH: Type mismatch: left TIME, right DATE
LINE 11:1: ...ect date'2023-01-01' NOT IN (n1.dob,date'2023-01-01') from TDTT0...
                                           ^^^^^^
LINE 11:1: ...023-01-01' NOT IN (n1.dob,date'2023-01-01') from TDTT005time n1;
                                        ^^^^^^^^^^^^^^^^
OCTO> select date'2023-01-01' NOT IN (n1.dob,date'2023-01-01') from TDTT005time n1;
[ERROR]: ERR_TYPE_MISMATCH: Type mismatch: left DATE, right TIME
LINE 12:1: select date'2023-01-01' NOT IN (select n1.dob) from TDTT005time ...
                  ^^^^^^^^^^^^^^^^
LINE 12:1: ...ect date'2023-01-01' NOT IN (select n1.dob) from TDTT005time n1;
                                           ^^^^^^
OCTO> select date'2023-01-01' NOT IN (select n1.dob) from TDTT005time n1;
OCTO> select date'2023-01-01' NOT IN (n1.dob,date'2023-01-01') from TDTT005timestamp n1;
???
0
(1 row)
OCTO> select date'2023-01-01' NOT IN (select n1.dob) from TDTT005timestamp n1;
???
1
(1 row)
OCTO> select date'2023-01-01' NOT IN (n1.dob,date'2023-01-01') from TDTT005timestamptz n1;
???
0
(1 row)
OCTO> select date'2023-01-01' NOT IN (select n1.dob) from TDTT005timestamptz n1;
???
1
(1 row)
[ERROR]: ERR_TYPE_MISMATCH: Type mismatch: left INTEGER, right DATE
LINE 17:1: select date'2023-01-01' NOT IN (3,date'2023-01-01');
                                           ^
LINE 17:1: select date'2023-01-01' NOT IN (3,date'2023-01-01');
                                             ^^^^^^^^^^^^^^^^
OCTO> select date'2023-01-01' NOT IN (3,date'2023-01-01');
[ERROR]: ERR_TYPE_MISMATCH: Type mismatch: left DATE, right INTEGER
LINE 18:1: select date'2023-01-01' NOT IN (select 3);
                  ^^^^^^^^^^^^^^^^
LINE 18:1: select date'2023-01-01' NOT IN (select 3);
                                           ^^^^^^
OCTO> select date'2023-01-01' NOT IN (select 3);
OCTO> select date'2023-01-01' NOT IN ('sample string',date'2023-01-01');
[ERROR]: ERR_INVALID_DATE_TIME_VALUE: "sample string" is invalid for type "DATE", format "TEXT" and datestyle "ISO, YMD"
[ERROR]: ERR_TYPE_MISMATCH: Type mismatch: left DATE, right VARCHAR
LINE 20:1: select date'2023-01-01' NOT IN (select 'sample string');
                  ^^^^^^^^^^^^^^^^
LINE 20:1: select date'2023-01-01' NOT IN (select 'sample string');
                                           ^^^^^^
OCTO> select date'2023-01-01' NOT IN (select 'sample string');
[ERROR]: ERR_TYPE_MISMATCH: Type mismatch: left NUMERIC, right DATE
LINE 21:1: select date'2023-01-01' NOT IN (3.3,date'2023-01-01');
                                           ^^^
LINE 21:1: select date'2023-01-01' NOT IN (3.3,date'2023-01-01');
                                               ^^^^^^^^^^^^^^^^
OCTO> select date'2023-01-01' NOT IN (3.3,date'2023-01-01');
[ERROR]: ERR_TYPE_MISMATCH: Type mismatch: left DATE, right NUMERIC
LINE 22:1: select date'2023-01-01' NOT IN (select 3.3);
                  ^^^^^^^^^^^^^^^^
LINE 22:1: select date'2023-01-01' NOT IN (select 3.3);
                                           ^^^^^^
OCTO> select date'2023-01-01' NOT IN (select 3.3);
OCTO> select date'2023-01-01' NOT IN (NULL,date'2023-01-01');
???
0
(1 row)
OCTO> select date'2023-01-01' NOT IN (select NULL);
???

(1 row)
[ERROR]: ERR_TYPE_MISMATCH: Type mismatch: left DATE, right TIME
LINE 25:1: select time'01:01:00' NOT IN (date'2023-01-01',time'01:01:00');
                                         ^^^^^^^^^^^^^^^^
LINE 25:1: select time'01:01:00' NOT IN (date'2023-01-01',time'01:01:00');
                                                          ^^^^^^^^^^^^^^
OCTO> select time'01:01:00' NOT IN (date'2023-01-01',time'01:01:00');
[ERROR]: ERR_TYPE_MISMATCH: Type mismatch: left TIME, right DATE
LINE 26:1: select time'01:01:00' NOT IN (select date'2023-01-01');
                  ^^^^^^^^^^^^^^
LINE 26:1: select time'01:01:00' NOT IN (select date'2023-01-01');
                                         ^^^^^^
OCTO> select time'01:01:00' NOT IN (select date'2023-01-01');
OCTO> select time'01:01:00' NOT IN (time'01:01:00',time'01:01:00');
???
0
(1 row)
OCTO> select time'01:01:00' NOT IN (select time'01:01:00');
???
0
(1 row)
[ERROR]: ERR_TYPE_MISMATCH: Type mismatch: left TIMESTAMP, right TIME
LINE 29:1: ...1:01:00' NOT IN (timestamp'2023-01-01 01:01:00',time'01:01:00');
                               ^^^^^^^^^^^^^^^^^^^^^^^^^^^^^^
LINE 29:1: ...1:01:00' NOT IN (timestamp'2023-01-01 01:01:00',time'01:01:00');
                                                              ^^^^^^^^^^^^^^
OCTO> select time'01:01:00' NOT IN (timestamp'2023-01-01 01:01:00',time'01:01:00');
[ERROR]: ERR_TYPE_MISMATCH: Type mismatch: left TIME, right TIMESTAMP
LINE 30:1: select time'01:01:00' NOT IN (select timestamp'2023-01-01 01:01:...
                  ^^^^^^^^^^^^^^
LINE 30:1: ...elect time'01:01:00' NOT IN (select timestamp'2023-01-01 01:01:0...
                                           ^^^^^^
OCTO> select time'01:01:00' NOT IN (select timestamp'2023-01-01 01:01:00');
[ERROR]: ERR_TYPE_MISMATCH: Type mismatch: left TIMESTAMP WITH TIME ZONE, right TIME
LINE 31:1: ...T IN (timestamp with time zone'2023-01-01 01:01:00-05:00',time'...
                    ^^^^^^^^^^^^^^^^^^^^^^^^^^^^^^^^^^^^^^^^^^^^^^^^^^^
LINE 31:1: ...stamp with time zone'2023-01-01 01:01:00-05:00',time'01:01:00');
                                                              ^^^^^^^^^^^^^^
OCTO> select time'01:01:00' NOT IN (timestamp with time zone'2023-01-01 01:01:00-05:00',time'01:01:00');
[ERROR]: ERR_TYPE_MISMATCH: Type mismatch: left TIME, right TIMESTAMP WITH TIME ZONE
LINE 32:1: select time'01:01:00' NOT IN (select timestamp with time zone'20...
                  ^^^^^^^^^^^^^^
LINE 32:1: ...elect time'01:01:00' NOT IN (select timestamp with time zone'202...
                                           ^^^^^^
OCTO> select time'01:01:00' NOT IN (select timestamp with time zone'2023-01-01 01:01:00-05:00');
[ERROR]: ERR_TYPE_MISMATCH: Type mismatch: left DATE, right TIME
LINE 33:1: ...elect time'01:01:00' NOT IN (n1.dob,time'01:01:00') from TDTT005...
                                           ^^^^^^
LINE 33:1: ...me'01:01:00' NOT IN (n1.dob,time'01:01:00') from TDTT005date n1;
                                          ^^^^^^^^^^^^^^
OCTO> select time'01:01:00' NOT IN (n1.dob,time'01:01:00') from TDTT005date n1;
[ERROR]: ERR_TYPE_MISMATCH: Type mismatch: left TIME, right DATE
LINE 34:1: select time'01:01:00' NOT IN (select n1.dob) from TDTT005date n1...
                  ^^^^^^^^^^^^^^
LINE 34:1: ...elect time'01:01:00' NOT IN (select n1.dob) from TDTT005date n1;
                                           ^^^^^^
OCTO> select time'01:01:00' NOT IN (select n1.dob) from TDTT005date n1;
OCTO> select time'01:01:00' NOT IN (n1.dob,time'01:01:00') from TDTT005time n1;
???
0
(1 row)
OCTO> select time'01:01:00' NOT IN (select n1.dob) from TDTT005time n1;
???
1
(1 row)
[ERROR]: ERR_TYPE_MISMATCH: Type mismatch: left TIMESTAMP, right TIME
LINE 37:1: ...elect time'01:01:00' NOT IN (n1.dob,time'01:01:00') from TDTT005...
                                           ^^^^^^
LINE 37:1: ...01:01:00' NOT IN (n1.dob,time'01:01:00') from TDTT005timestamp n...
                                       ^^^^^^^^^^^^^^
OCTO> select time'01:01:00' NOT IN (n1.dob,time'01:01:00') from TDTT005timestamp n1;
[ERROR]: ERR_TYPE_MISMATCH: Type mismatch: left TIME, right TIMESTAMP
LINE 38:1: select time'01:01:00' NOT IN (select n1.dob) from TDTT005timesta...
                  ^^^^^^^^^^^^^^
LINE 38:1: ...elect time'01:01:00' NOT IN (select n1.dob) from TDTT005timestam...
                                           ^^^^^^
OCTO> select time'01:01:00' NOT IN (select n1.dob) from TDTT005timestamp n1;
[ERROR]: ERR_TYPE_MISMATCH: Type mismatch: left TIMESTAMP WITH TIME ZONE, right TIME
LINE 39:1: ...elect time'01:01:00' NOT IN (n1.dob,time'01:01:00') from TDTT005...
                                           ^^^^^^
LINE 39:1: ...01:01:00' NOT IN (n1.dob,time'01:01:00') from TDTT005timestamptz...
                                       ^^^^^^^^^^^^^^
OCTO> select time'01:01:00' NOT IN (n1.dob,time'01:01:00') from TDTT005timestamptz n1;
[ERROR]: ERR_TYPE_MISMATCH: Type mismatch: left TIME, right TIMESTAMP WITH TIME ZONE
LINE 40:1: select time'01:01:00' NOT IN (select n1.dob) from TDTT005timesta...
                  ^^^^^^^^^^^^^^
LINE 40:1: ...elect time'01:01:00' NOT IN (select n1.dob) from TDTT005timestam...
                                           ^^^^^^
OCTO> select time'01:01:00' NOT IN (select n1.dob) from TDTT005timestamptz n1;
[ERROR]: ERR_TYPE_MISMATCH: Type mismatch: left INTEGER, right TIME
LINE 41:1: select time'01:01:00' NOT IN (3,time'01:01:00');
                                         ^
LINE 41:1: select time'01:01:00' NOT IN (3,time'01:01:00');
                                           ^^^^^^^^^^^^^^
OCTO> select time'01:01:00' NOT IN (3,time'01:01:00');
[ERROR]: ERR_TYPE_MISMATCH: Type mismatch: left TIME, right INTEGER
LINE 42:1: select time'01:01:00' NOT IN (select 3);
                  ^^^^^^^^^^^^^^
LINE 42:1: select time'01:01:00' NOT IN (select 3);
                                         ^^^^^^
OCTO> select time'01:01:00' NOT IN (select 3);
OCTO> select time'01:01:00' NOT IN ('sample string',time'01:01:00');
[ERROR]: ERR_INVALID_DATE_TIME_VALUE: "sample string" is invalid for type "TIME", format "TEXT" and datestyle "ISO, YMD"
[ERROR]: ERR_TYPE_MISMATCH: Type mismatch: left TIME, right VARCHAR
LINE 44:1: select time'01:01:00' NOT IN (select 'sample string');
                  ^^^^^^^^^^^^^^
LINE 44:1: select time'01:01:00' NOT IN (select 'sample string');
                                         ^^^^^^
OCTO> select time'01:01:00' NOT IN (select 'sample string');
[ERROR]: ERR_TYPE_MISMATCH: Type mismatch: left NUMERIC, right TIME
LINE 45:1: select time'01:01:00' NOT IN (3.3,time'01:01:00');
                                         ^^^
LINE 45:1: select time'01:01:00' NOT IN (3.3,time'01:01:00');
                                             ^^^^^^^^^^^^^^
OCTO> select time'01:01:00' NOT IN (3.3,time'01:01:00');
[ERROR]: ERR_TYPE_MISMATCH: Type mismatch: left TIME, right NUMERIC
LINE 46:1: select time'01:01:00' NOT IN (select 3.3);
                  ^^^^^^^^^^^^^^
LINE 46:1: select time'01:01:00' NOT IN (select 3.3);
                                         ^^^^^^
OCTO> select time'01:01:00' NOT IN (select 3.3);
OCTO> select time'01:01:00' NOT IN (NULL,time'01:01:00');
???
0
(1 row)
OCTO> select time'01:01:00' NOT IN (select NULL);
???

(1 row)
OCTO> select timestamp'2023-01-01 01:01:00' NOT IN (date'2023-01-01',timestamp'2023-01-01 01:01:00');
???
0
(1 row)
OCTO> select timestamp'2023-01-01 01:01:00' NOT IN (select date'2023-01-01');
???
1
(1 row)
[ERROR]: ERR_TYPE_MISMATCH: Type mismatch: left TIME, right TIMESTAMP
LINE 51:1: ...-01-01 01:01:00' NOT IN (time'01:01:00',timestamp'2023-01-01 01:...
                                       ^^^^^^^^^^^^^^
LINE 51:1: ...1:01:00' NOT IN (time'01:01:00',timestamp'2023-01-01 01:01:00');
                                              ^^^^^^^^^^^^^^^^^^^^^^^^^^^^^^
OCTO> select timestamp'2023-01-01 01:01:00' NOT IN (time'01:01:00',timestamp'2023-01-01 01:01:00');
[ERROR]: ERR_TYPE_MISMATCH: Type mismatch: left TIMESTAMP, right TIME
LINE 52:1: select timestamp'2023-01-01 01:01:00' NOT IN (select time'01:01:...
                  ^^^^^^^^^^^^^^^^^^^^^^^^^^^^^^
LINE 52:1: ...t timestamp'2023-01-01 01:01:00' NOT IN (select time'01:01:00');
                                                       ^^^^^^
OCTO> select timestamp'2023-01-01 01:01:00' NOT IN (select time'01:01:00');
OCTO> select timestamp'2023-01-01 01:01:00' NOT IN (timestamp'2023-01-01 01:01:00',timestamp'2023-01-01 01:01:00');
???
0
(1 row)
OCTO> select timestamp'2023-01-01 01:01:00' NOT IN (select timestamp'2023-01-01 01:01:00');
???
0
(1 row)
OCTO> select timestamp'2023-01-01 01:01:00' NOT IN (timestamp with time zone'2023-01-01 01:01:00-05:00',timestamp'2023-01-01 01:01:00');
???
1
(1 row)
OCTO> select timestamp'2023-01-01 01:01:00' NOT IN (select timestamp with time zone'2023-01-01 01:01:00-05:00');
???
0
(1 row)
OCTO> select timestamp'2023-01-01 01:01:00' NOT IN (n1.dob,timestamp'2023-01-01 01:01:00') from TDTT005date n1;
???
0
(1 row)
OCTO> select timestamp'2023-01-01 01:01:00' NOT IN (select n1.dob) from TDTT005date n1;
???
1
(1 row)
[ERROR]: ERR_TYPE_MISMATCH: Type mismatch: left TIME, right TIMESTAMP
LINE 59:1: ...2023-01-01 01:01:00' NOT IN (n1.dob,timestamp'2023-01-01 01:01:0...
                                           ^^^^^^
LINE 59:1: ...' NOT IN (n1.dob,timestamp'2023-01-01 01:01:00') from TDTT005tim...
                               ^^^^^^^^^^^^^^^^^^^^^^^^^^^^^^
OCTO> select timestamp'2023-01-01 01:01:00' NOT IN (n1.dob,timestamp'2023-01-01 01:01:00') from TDTT005time n1;
[ERROR]: ERR_TYPE_MISMATCH: Type mismatch: left TIMESTAMP, right TIME
LINE 60:1: select timestamp'2023-01-01 01:01:00' NOT IN (select n1.dob) fro...
                  ^^^^^^^^^^^^^^^^^^^^^^^^^^^^^^
LINE 60:1: ...2023-01-01 01:01:00' NOT IN (select n1.dob) from TDTT005time n1;
                                           ^^^^^^
OCTO> select timestamp'2023-01-01 01:01:00' NOT IN (select n1.dob) from TDTT005time n1;
OCTO> select timestamp'2023-01-01 01:01:00' NOT IN (n1.dob,timestamp'2023-01-01 01:01:00') from TDTT005timestamp n1;
???
0
(1 row)
OCTO> select timestamp'2023-01-01 01:01:00' NOT IN (select n1.dob) from TDTT005timestamp n1;
???
1
(1 row)
OCTO> select timestamp'2023-01-01 01:01:00' NOT IN (n1.dob,timestamp'2023-01-01 01:01:00') from TDTT005timestamptz n1;
???
1
(1 row)
OCTO> select timestamp'2023-01-01 01:01:00' NOT IN (select n1.dob) from TDTT005timestamptz n1;
???
1
(1 row)
[ERROR]: ERR_TYPE_MISMATCH: Type mismatch: left INTEGER, right TIMESTAMP
LINE 65:1: ...p'2023-01-01 01:01:00' NOT IN (3,timestamp'2023-01-01 01:01:00'...
                                             ^
LINE 65:1: ...'2023-01-01 01:01:00' NOT IN (3,timestamp'2023-01-01 01:01:00');
                                              ^^^^^^^^^^^^^^^^^^^^^^^^^^^^^^
OCTO> select timestamp'2023-01-01 01:01:00' NOT IN (3,timestamp'2023-01-01 01:01:00');
[ERROR]: ERR_TYPE_MISMATCH: Type mismatch: left TIMESTAMP, right INTEGER
LINE 66:1: select timestamp'2023-01-01 01:01:00' NOT IN (select 3);
                  ^^^^^^^^^^^^^^^^^^^^^^^^^^^^^^
LINE 66:1: select timestamp'2023-01-01 01:01:00' NOT IN (select 3);
                                                         ^^^^^^
OCTO> select timestamp'2023-01-01 01:01:00' NOT IN (select 3);
OCTO> select timestamp'2023-01-01 01:01:00' NOT IN ('sample string',timestamp'2023-01-01 01:01:00');
[ERROR]: ERR_INVALID_DATE_TIME_VALUE: "sample string" is invalid for type "TIMESTAMP", format "TEXT" and datestyle "ISO, YMD"
[ERROR]: ERR_TYPE_MISMATCH: Type mismatch: left TIMESTAMP, right VARCHAR
LINE 68:1: select timestamp'2023-01-01 01:01:00' NOT IN (select 'sample str...
                  ^^^^^^^^^^^^^^^^^^^^^^^^^^^^^^
LINE 68:1: ... timestamp'2023-01-01 01:01:00' NOT IN (select 'sample string');
                                                      ^^^^^^
OCTO> select timestamp'2023-01-01 01:01:00' NOT IN (select 'sample string');
[ERROR]: ERR_TYPE_MISMATCH: Type mismatch: left NUMERIC, right TIMESTAMP
LINE 69:1: ...'2023-01-01 01:01:00' NOT IN (3.3,timestamp'2023-01-01 01:01:00...
                                            ^^^
LINE 69:1: ...023-01-01 01:01:00' NOT IN (3.3,timestamp'2023-01-01 01:01:00');
                                              ^^^^^^^^^^^^^^^^^^^^^^^^^^^^^^
OCTO> select timestamp'2023-01-01 01:01:00' NOT IN (3.3,timestamp'2023-01-01 01:01:00');
[ERROR]: ERR_TYPE_MISMATCH: Type mismatch: left TIMESTAMP, right NUMERIC
LINE 70:1: select timestamp'2023-01-01 01:01:00' NOT IN (select 3.3);
                  ^^^^^^^^^^^^^^^^^^^^^^^^^^^^^^
LINE 70:1: select timestamp'2023-01-01 01:01:00' NOT IN (select 3.3);
                                                         ^^^^^^
OCTO> select timestamp'2023-01-01 01:01:00' NOT IN (select 3.3);
OCTO> select timestamp'2023-01-01 01:01:00' NOT IN (NULL,timestamp'2023-01-01 01:01:00');
???
0
(1 row)
OCTO> select timestamp'2023-01-01 01:01:00' NOT IN (select NULL);
???

(1 row)
OCTO> select timestamp with time zone'2023-01-01 01:01:00-05:00' NOT IN (date'2023-01-01',timestamp with time zone'2023-01-01 01:01:00-05:00');
???
0
(1 row)
OCTO> select timestamp with time zone'2023-01-01 01:01:00-05:00' NOT IN (select date'2023-01-01');
???
1
(1 row)
[ERROR]: ERR_TYPE_MISMATCH: Type mismatch: left TIME, right TIMESTAMP WITH TIME ZONE
LINE 75:1: ... 01:01:00-05:00' NOT IN (time'01:01:00',timestamp with time zone...
                                       ^^^^^^^^^^^^^^
LINE 75:1: ...01:01:00',timestamp with time zone'2023-01-01 01:01:00-05:00');
                        ^^^^^^^^^^^^^^^^^^^^^^^^^^^^^^^^^^^^^^^^^^^^^^^^^^^
OCTO> select timestamp with time zone'2023-01-01 01:01:00-05:00' NOT IN (time'01:01:00',timestamp with time zone'2023-01-01 01:01:00-05:00');
[ERROR]: ERR_TYPE_MISMATCH: Type mismatch: left TIMESTAMP WITH TIME ZONE, right TIME
LINE 76:1: ...elect timestamp with time zone'2023-01-01 01:01:00-05:00' NOT I...
                    ^^^^^^^^^^^^^^^^^^^^^^^^^^^^^^^^^^^^^^^^^^^^^^^^^^^
LINE 76:1: ... zone'2023-01-01 01:01:00-05:00' NOT IN (select time'01:01:00');
                                                       ^^^^^^
OCTO> select timestamp with time zone'2023-01-01 01:01:00-05:00' NOT IN (select time'01:01:00');
OCTO> select timestamp with time zone'2023-01-01 01:01:00-05:00' NOT IN (timestamp'2023-01-01 01:01:00',timestamp with time zone'2023-01-01 01:01:00-05:00');
???
0
(1 row)
OCTO> select timestamp with time zone'2023-01-01 01:01:00-05:00' NOT IN (select timestamp'2023-01-01 01:01:00');
???
0
(1 row)
OCTO> select timestamp with time zone'2023-01-01 01:01:00-05:00' NOT IN (timestamp with time zone'2023-01-01 01:01:00-05:00',timestamp with time zone'2023-01-01 01:01:00-05:00');
???
0
(1 row)
OCTO> select timestamp with time zone'2023-01-01 01:01:00-05:00' NOT IN (select timestamp with time zone'2023-01-01 01:01:00-05:00');
???
0
(1 row)
OCTO> select timestamp with time zone'2023-01-01 01:01:00-05:00' NOT IN (n1.dob,timestamp with time zone'2023-01-01 01:01:00-05:00') from TDTT005date n1;
???
0
(1 row)
OCTO> select timestamp with time zone'2023-01-01 01:01:00-05:00' NOT IN (select n1.dob) from TDTT005date n1;
???
1
(1 row)
[ERROR]: ERR_TYPE_MISMATCH: Type mismatch: left TIME, right TIMESTAMP WITH TIME ZONE
LINE 83:1: ...1-01 01:01:00-05:00' NOT IN (n1.dob,timestamp with time zone'202...
                                           ^^^^^^
LINE 83:1: ...1.dob,timestamp with time zone'2023-01-01 01:01:00-05:00') from...
                    ^^^^^^^^^^^^^^^^^^^^^^^^^^^^^^^^^^^^^^^^^^^^^^^^^^^
OCTO> select timestamp with time zone'2023-01-01 01:01:00-05:00' NOT IN (n1.dob,timestamp with time zone'2023-01-01 01:01:00-05:00') from TDTT005time n1;
[ERROR]: ERR_TYPE_MISMATCH: Type mismatch: left TIMESTAMP WITH TIME ZONE, right TIME
LINE 84:1: ...elect timestamp with time zone'2023-01-01 01:01:00-05:00' NOT I...
                    ^^^^^^^^^^^^^^^^^^^^^^^^^^^^^^^^^^^^^^^^^^^^^^^^^^^
LINE 84:1: ...1-01 01:01:00-05:00' NOT IN (select n1.dob) from TDTT005time n1;
                                           ^^^^^^
OCTO> select timestamp with time zone'2023-01-01 01:01:00-05:00' NOT IN (select n1.dob) from TDTT005time n1;
OCTO> select timestamp with time zone'2023-01-01 01:01:00-05:00' NOT IN (n1.dob,timestamp with time zone'2023-01-01 01:01:00-05:00') from TDTT005timestamp n1;
???
0
(1 row)
OCTO> select timestamp with time zone'2023-01-01 01:01:00-05:00' NOT IN (select n1.dob) from TDTT005timestamp n1;
???
1
(1 row)
OCTO> select timestamp with time zone'2023-01-01 01:01:00-05:00' NOT IN (n1.dob,timestamp with time zone'2023-01-01 01:01:00-05:00') from TDTT005timestamptz n1;
???
0
(1 row)
OCTO> select timestamp with time zone'2023-01-01 01:01:00-05:00' NOT IN (select n1.dob) from TDTT005timestamptz n1;
???
1
(1 row)
[ERROR]: ERR_TYPE_MISMATCH: Type mismatch: left INTEGER, right TIMESTAMP WITH TIME ZONE
LINE 89:1: ...-01-01 01:01:00-05:00' NOT IN (3,timestamp with time zone'2023-...
                                             ^
LINE 89:1: ...NOT IN (3,timestamp with time zone'2023-01-01 01:01:00-05:00');
                        ^^^^^^^^^^^^^^^^^^^^^^^^^^^^^^^^^^^^^^^^^^^^^^^^^^^
OCTO> select timestamp with time zone'2023-01-01 01:01:00-05:00' NOT IN (3,timestamp with time zone'2023-01-01 01:01:00-05:00');
[ERROR]: ERR_TYPE_MISMATCH: Type mismatch: left TIMESTAMP WITH TIME ZONE, right INTEGER
LINE 90:1: ...elect timestamp with time zone'2023-01-01 01:01:00-05:00' NOT I...
                    ^^^^^^^^^^^^^^^^^^^^^^^^^^^^^^^^^^^^^^^^^^^^^^^^^^^
LINE 90:1: ...amp with time zone'2023-01-01 01:01:00-05:00' NOT IN (select 3);
                                                                    ^^^^^^
OCTO> select timestamp with time zone'2023-01-01 01:01:00-05:00' NOT IN (select 3);
OCTO> select timestamp with time zone'2023-01-01 01:01:00-05:00' NOT IN ('sample string',timestamp with time zone'2023-01-01 01:01:00-05:00');
[ERROR]: ERR_INVALID_DATE_TIME_VALUE: "sample string" is invalid for type "TIMESTAMP WITH TIME ZONE", format "TEXT" and datestyle "ISO, YMD"
[ERROR]: ERR_TYPE_MISMATCH: Type mismatch: left TIMESTAMP WITH TIME ZONE, right VARCHAR
LINE 92:1: ...elect timestamp with time zone'2023-01-01 01:01:00-05:00' NOT I...
                    ^^^^^^^^^^^^^^^^^^^^^^^^^^^^^^^^^^^^^^^^^^^^^^^^^^^
LINE 92:1: ...zone'2023-01-01 01:01:00-05:00' NOT IN (select 'sample string');
                                                      ^^^^^^
OCTO> select timestamp with time zone'2023-01-01 01:01:00-05:00' NOT IN (select 'sample string');
[ERROR]: ERR_TYPE_MISMATCH: Type mismatch: left NUMERIC, right TIMESTAMP WITH TIME ZONE
LINE 93:1: ...01-01 01:01:00-05:00' NOT IN (3.3,timestamp with time zone'2023...
                                            ^^^
LINE 93:1: ...T IN (3.3,timestamp with time zone'2023-01-01 01:01:00-05:00');
                        ^^^^^^^^^^^^^^^^^^^^^^^^^^^^^^^^^^^^^^^^^^^^^^^^^^^
OCTO> select timestamp with time zone'2023-01-01 01:01:00-05:00' NOT IN (3.3,timestamp with time zone'2023-01-01 01:01:00-05:00');
[ERROR]: ERR_TYPE_MISMATCH: Type mismatch: left TIMESTAMP WITH TIME ZONE, right NUMERIC
LINE 94:1: ...elect timestamp with time zone'2023-01-01 01:01:00-05:00' NOT I...
                    ^^^^^^^^^^^^^^^^^^^^^^^^^^^^^^^^^^^^^^^^^^^^^^^^^^^
LINE 94:1: ...p with time zone'2023-01-01 01:01:00-05:00' NOT IN (select 3.3);
                                                                  ^^^^^^
OCTO> select timestamp with time zone'2023-01-01 01:01:00-05:00' NOT IN (select 3.3);
OCTO> select timestamp with time zone'2023-01-01 01:01:00-05:00' NOT IN (NULL,timestamp with time zone'2023-01-01 01:01:00-05:00');
???
0
(1 row)
OCTO> select timestamp with time zone'2023-01-01 01:01:00-05:00' NOT IN (select NULL);
???

(1 row)
OCTO> select n1.dob NOT IN (date'2023-01-01',n1.dob) from TDTT005date n1;
???
0
(1 row)
OCTO> select n1.dob NOT IN (select date'2023-01-01') from TDTT005date n1;
???
0
(1 row)
[ERROR]: ERR_TYPE_MISMATCH: Type mismatch: left TIME, right DATE
LINE 99:1: select n1.dob NOT IN (time'01:01:00',n1.dob) from TDTT005date n1...
                                 ^^^^^^^^^^^^^^
LINE 99:1: ...elect n1.dob NOT IN (time'01:01:00',n1.dob) from TDTT005date n1;
                                                  ^^^^^^
OCTO> select n1.dob NOT IN (time'01:01:00',n1.dob) from TDTT005date n1;
[ERROR]: ERR_TYPE_MISMATCH: Type mismatch: left DATE, right TIME
LINE 100:1: select n1.dob NOT IN (select time'01:01:00') from TDTT005date n1...
                   ^^^^^^
LINE 100:1: select n1.dob NOT IN (select time'01:01:00') from TDTT005date n1...
                                  ^^^^^^
OCTO> select n1.dob NOT IN (select time'01:01:00') from TDTT005date n1;
OCTO> select n1.dob NOT IN (timestamp'2023-01-01 01:01:00',n1.dob) from TDTT005date n1;
???
0
(1 row)
OCTO> select n1.dob NOT IN (select timestamp'2023-01-01 01:01:00') from TDTT005date n1;
???
1
(1 row)
OCTO> select n1.dob NOT IN (timestamp with time zone'2023-01-01 01:01:00-05:00',n1.dob) from TDTT005date n1;
???
0
(1 row)
OCTO> select n1.dob NOT IN (select timestamp with time zone'2023-01-01 01:01:00-05:00') from TDTT005date n1;
???
1
(1 row)
OCTO> select n1.dob NOT IN (n2.dob,n1.dob) from TDTT005date n1, TDTT005date n2;
???
0
(1 row)
OCTO> select n1.dob NOT IN (select n2.dob) from TDTT005date n1, TDTT005date n2;
???
0
(1 row)
[ERROR]: ERR_TYPE_MISMATCH: Type mismatch: left TIME, right DATE
LINE 107:1: select n1.dob NOT IN (n2.dob,n1.dob) from TDTT005date n1, TDTT00...
                                  ^^^^^^
LINE 107:1: select n1.dob NOT IN (n2.dob,n1.dob) from TDTT005date n1, TDTT00...
                                         ^^^^^^
OCTO> select n1.dob NOT IN (n2.dob,n1.dob) from TDTT005date n1, TDTT005time n2;
[ERROR]: ERR_TYPE_MISMATCH: Type mismatch: left DATE, right TIME
LINE 108:1: select n1.dob NOT IN (select n2.dob) from TDTT005date n1, TDTT00...
                   ^^^^^^
LINE 108:1: select n1.dob NOT IN (select n2.dob) from TDTT005date n1, TDTT00...
                                  ^^^^^^
OCTO> select n1.dob NOT IN (select n2.dob) from TDTT005date n1, TDTT005time n2;
OCTO> select n1.dob NOT IN (n2.dob,n1.dob) from TDTT005date n1, TDTT005timestamp n2;
???
0
(1 row)
OCTO> select n1.dob NOT IN (select n2.dob) from TDTT005date n1, TDTT005timestamp n2;
???
1
(1 row)
OCTO> select n1.dob NOT IN (n2.dob,n1.dob) from TDTT005date n1, TDTT005timestamptz n2;
???
0
(1 row)
OCTO> select n1.dob NOT IN (select n2.dob) from TDTT005date n1, TDTT005timestamptz n2;
???
1
(1 row)
[ERROR]: ERR_TYPE_MISMATCH: Type mismatch: left INTEGER, right DATE
LINE 113:1: select n1.dob NOT IN (3,n1.dob) from TDTT005date n1;
                                  ^
LINE 113:1: select n1.dob NOT IN (3,n1.dob) from TDTT005date n1;
                                    ^^^^^^
OCTO> select n1.dob NOT IN (3,n1.dob) from TDTT005date n1;
[ERROR]: ERR_TYPE_MISMATCH: Type mismatch: left DATE, right INTEGER
LINE 114:1: select n1.dob NOT IN (select 3) from TDTT005date n1;
                   ^^^^^^
LINE 114:1: select n1.dob NOT IN (select 3) from TDTT005date n1;
                                  ^^^^^^
OCTO> select n1.dob NOT IN (select 3) from TDTT005date n1;
OCTO> select n1.dob NOT IN ('sample string',n1.dob) from TDTT005date n1;
[ERROR]: ERR_INVALID_DATE_TIME_VALUE: "sample string" is invalid for type "DATE", format "TEXT" and datestyle "ISO, YMD"
[ERROR]: ERR_TYPE_MISMATCH: Type mismatch: left DATE, right VARCHAR
LINE 116:1: select n1.dob NOT IN (select 'sample string') from TDTT005date n...
                   ^^^^^^
LINE 116:1: select n1.dob NOT IN (select 'sample string') from TDTT005date n...
                                  ^^^^^^
OCTO> select n1.dob NOT IN (select 'sample string') from TDTT005date n1;
[ERROR]: ERR_TYPE_MISMATCH: Type mismatch: left NUMERIC, right DATE
LINE 117:1: select n1.dob NOT IN (3.3,n1.dob) from TDTT005date n1;
                                  ^^^
LINE 117:1: select n1.dob NOT IN (3.3,n1.dob) from TDTT005date n1;
                                      ^^^^^^
OCTO> select n1.dob NOT IN (3.3,n1.dob) from TDTT005date n1;
[ERROR]: ERR_TYPE_MISMATCH: Type mismatch: left DATE, right NUMERIC
LINE 118:1: select n1.dob NOT IN (select 3.3) from TDTT005date n1;
                   ^^^^^^
LINE 118:1: select n1.dob NOT IN (select 3.3) from TDTT005date n1;
                                  ^^^^^^
OCTO> select n1.dob NOT IN (select 3.3) from TDTT005date n1;
OCTO> select n1.dob NOT IN (NULL,n1.dob) from TDTT005date n1;
???
0
(1 row)
OCTO> select n1.dob NOT IN (select NULL) from TDTT005date n1;
???

(1 row)
[ERROR]: ERR_TYPE_MISMATCH: Type mismatch: left DATE, right TIME
LINE 121:1: select n1.dob NOT IN (date'2023-01-01',n1.dob) from TDTT005time ...
                                  ^^^^^^^^^^^^^^^^
LINE 121:1: ...ect n1.dob NOT IN (date'2023-01-01',n1.dob) from TDTT005time n1;
                                                   ^^^^^^
OCTO> select n1.dob NOT IN (date'2023-01-01',n1.dob) from TDTT005time n1;
[ERROR]: ERR_TYPE_MISMATCH: Type mismatch: left TIME, right DATE
LINE 122:1: select n1.dob NOT IN (select date'2023-01-01') from TDTT005time ...
                   ^^^^^^
LINE 122:1: select n1.dob NOT IN (select date'2023-01-01') from TDTT005time ...
                                  ^^^^^^
OCTO> select n1.dob NOT IN (select date'2023-01-01') from TDTT005time n1;
OCTO> select n1.dob NOT IN (time'01:01:00',n1.dob) from TDTT005time n1;
???
0
(1 row)
OCTO> select n1.dob NOT IN (select time'01:01:00') from TDTT005time n1;
???
1
(1 row)
[ERROR]: ERR_TYPE_MISMATCH: Type mismatch: left TIMESTAMP, right TIME
LINE 125:1: ...t n1.dob NOT IN (timestamp'2023-01-01 01:01:00',n1.dob) from TDT...
                                ^^^^^^^^^^^^^^^^^^^^^^^^^^^^^^
LINE 125:1: ... IN (timestamp'2023-01-01 01:01:00',n1.dob) from TDTT005time n1;
                                                   ^^^^^^
OCTO> select n1.dob NOT IN (timestamp'2023-01-01 01:01:00',n1.dob) from TDTT005time n1;
[ERROR]: ERR_TYPE_MISMATCH: Type mismatch: left TIME, right TIMESTAMP
LINE 126:1: select n1.dob NOT IN (select timestamp'2023-01-01 01:01:00') fro...
                   ^^^^^^
LINE 126:1: select n1.dob NOT IN (select timestamp'2023-01-01 01:01:00') fro...
                                  ^^^^^^
OCTO> select n1.dob NOT IN (select timestamp'2023-01-01 01:01:00') from TDTT005time n1;
[ERROR]: ERR_TYPE_MISMATCH: Type mismatch: left TIMESTAMP WITH TIME ZONE, right TIME
LINE 127:1: ...T IN (timestamp with time zone'2023-01-01 01:01:00-05:00',n1.do...
                     ^^^^^^^^^^^^^^^^^^^^^^^^^^^^^^^^^^^^^^^^^^^^^^^^^^^
LINE 127:1: ...ime zone'2023-01-01 01:01:00-05:00',n1.dob) from TDTT005time n1;
                                                   ^^^^^^
OCTO> select n1.dob NOT IN (timestamp with time zone'2023-01-01 01:01:00-05:00',n1.dob) from TDTT005time n1;
[ERROR]: ERR_TYPE_MISMATCH: Type mismatch: left TIME, right TIMESTAMP WITH TIME ZONE
LINE 128:1: select n1.dob NOT IN (select timestamp with time zone'2023-01-01...
                   ^^^^^^
LINE 128:1: select n1.dob NOT IN (select timestamp with time zone'2023-01-01...
                                  ^^^^^^
OCTO> select n1.dob NOT IN (select timestamp with time zone'2023-01-01 01:01:00-05:00') from TDTT005time n1;
[ERROR]: ERR_TYPE_MISMATCH: Type mismatch: left DATE, right TIME
LINE 129:1: select n1.dob NOT IN (n2.dob,n1.dob) from TDTT005time n1, TDTT00...
                                  ^^^^^^
LINE 129:1: select n1.dob NOT IN (n2.dob,n1.dob) from TDTT005time n1, TDTT00...
                                         ^^^^^^
OCTO> select n1.dob NOT IN (n2.dob,n1.dob) from TDTT005time n1, TDTT005date n2;
[ERROR]: ERR_TYPE_MISMATCH: Type mismatch: left TIME, right DATE
LINE 130:1: select n1.dob NOT IN (select n2.dob) from TDTT005time n1, TDTT00...
                   ^^^^^^
LINE 130:1: select n1.dob NOT IN (select n2.dob) from TDTT005time n1, TDTT00...
                                  ^^^^^^
OCTO> select n1.dob NOT IN (select n2.dob) from TDTT005time n1, TDTT005date n2;
OCTO> select n1.dob NOT IN (n2.dob,n1.dob) from TDTT005time n1, TDTT005time n2;
???
0
(1 row)
OCTO> select n1.dob NOT IN (select n2.dob) from TDTT005time n1, TDTT005time n2;
???
0
(1 row)
[ERROR]: ERR_TYPE_MISMATCH: Type mismatch: left TIMESTAMP, right TIME
LINE 133:1: select n1.dob NOT IN (n2.dob,n1.dob) from TDTT005time n1, TDTT00...
                                  ^^^^^^
LINE 133:1: select n1.dob NOT IN (n2.dob,n1.dob) from TDTT005time n1, TDTT00...
                                         ^^^^^^
OCTO> select n1.dob NOT IN (n2.dob,n1.dob) from TDTT005time n1, TDTT005timestamp n2;
[ERROR]: ERR_TYPE_MISMATCH: Type mismatch: left TIME, right TIMESTAMP
LINE 134:1: select n1.dob NOT IN (select n2.dob) from TDTT005time n1, TDTT00...
                   ^^^^^^
LINE 134:1: select n1.dob NOT IN (select n2.dob) from TDTT005time n1, TDTT00...
                                  ^^^^^^
OCTO> select n1.dob NOT IN (select n2.dob) from TDTT005time n1, TDTT005timestamp n2;
[ERROR]: ERR_TYPE_MISMATCH: Type mismatch: left TIMESTAMP WITH TIME ZONE, right TIME
LINE 135:1: select n1.dob NOT IN (n2.dob,n1.dob) from TDTT005time n1, TDTT00...
                                  ^^^^^^
LINE 135:1: select n1.dob NOT IN (n2.dob,n1.dob) from TDTT005time n1, TDTT00...
                                         ^^^^^^
OCTO> select n1.dob NOT IN (n2.dob,n1.dob) from TDTT005time n1, TDTT005timestamptz n2;
[ERROR]: ERR_TYPE_MISMATCH: Type mismatch: left TIME, right TIMESTAMP WITH TIME ZONE
LINE 136:1: select n1.dob NOT IN (select n2.dob) from TDTT005time n1, TDTT00...
                   ^^^^^^
LINE 136:1: select n1.dob NOT IN (select n2.dob) from TDTT005time n1, TDTT00...
                                  ^^^^^^
OCTO> select n1.dob NOT IN (select n2.dob) from TDTT005time n1, TDTT005timestamptz n2;
[ERROR]: ERR_TYPE_MISMATCH: Type mismatch: left INTEGER, right TIME
LINE 137:1: select n1.dob NOT IN (3,n1.dob) from TDTT005time n1;
                                  ^
LINE 137:1: select n1.dob NOT IN (3,n1.dob) from TDTT005time n1;
                                    ^^^^^^
OCTO> select n1.dob NOT IN (3,n1.dob) from TDTT005time n1;
[ERROR]: ERR_TYPE_MISMATCH: Type mismatch: left TIME, right INTEGER
LINE 138:1: select n1.dob NOT IN (select 3) from TDTT005time n1;
                   ^^^^^^
LINE 138:1: select n1.dob NOT IN (select 3) from TDTT005time n1;
                                  ^^^^^^
OCTO> select n1.dob NOT IN (select 3) from TDTT005time n1;
OCTO> select n1.dob NOT IN ('sample string',n1.dob) from TDTT005time n1;
[ERROR]: ERR_INVALID_DATE_TIME_VALUE: "sample string" is invalid for type "TIME", format "TEXT" and datestyle "ISO, YMD"
[ERROR]: ERR_TYPE_MISMATCH: Type mismatch: left TIME, right VARCHAR
LINE 140:1: select n1.dob NOT IN (select 'sample string') from TDTT005time n...
                   ^^^^^^
LINE 140:1: select n1.dob NOT IN (select 'sample string') from TDTT005time n...
                                  ^^^^^^
OCTO> select n1.dob NOT IN (select 'sample string') from TDTT005time n1;
[ERROR]: ERR_TYPE_MISMATCH: Type mismatch: left NUMERIC, right TIME
LINE 141:1: select n1.dob NOT IN (3.3,n1.dob) from TDTT005time n1;
                                  ^^^
LINE 141:1: select n1.dob NOT IN (3.3,n1.dob) from TDTT005time n1;
                                      ^^^^^^
OCTO> select n1.dob NOT IN (3.3,n1.dob) from TDTT005time n1;
[ERROR]: ERR_TYPE_MISMATCH: Type mismatch: left TIME, right NUMERIC
LINE 142:1: select n1.dob NOT IN (select 3.3) from TDTT005time n1;
                   ^^^^^^
LINE 142:1: select n1.dob NOT IN (select 3.3) from TDTT005time n1;
                                  ^^^^^^
OCTO> select n1.dob NOT IN (select 3.3) from TDTT005time n1;
OCTO> select n1.dob NOT IN (NULL,n1.dob) from TDTT005time n1;
???
0
(1 row)
OCTO> select n1.dob NOT IN (select NULL) from TDTT005time n1;
???

(1 row)
OCTO> select n1.dob NOT IN (date'2023-01-01',n1.dob) from TDTT005timestamp n1;
???
0
(1 row)
OCTO> select n1.dob NOT IN (select date'2023-01-01') from TDTT005timestamp n1;
???
1
(1 row)
[ERROR]: ERR_TYPE_MISMATCH: Type mismatch: left TIME, right TIMESTAMP
LINE 147:1: select n1.dob NOT IN (time'01:01:00',n1.dob) from TDTT005timesta...
                                  ^^^^^^^^^^^^^^
LINE 147:1: ... n1.dob NOT IN (time'01:01:00',n1.dob) from TDTT005timestamp n1;
                                              ^^^^^^
OCTO> select n1.dob NOT IN (time'01:01:00',n1.dob) from TDTT005timestamp n1;
[ERROR]: ERR_TYPE_MISMATCH: Type mismatch: left TIMESTAMP, right TIME
LINE 148:1: select n1.dob NOT IN (select time'01:01:00') from TDTT005timesta...
                   ^^^^^^
LINE 148:1: select n1.dob NOT IN (select time'01:01:00') from TDTT005timesta...
                                  ^^^^^^
OCTO> select n1.dob NOT IN (select time'01:01:00') from TDTT005timestamp n1;
OCTO> select n1.dob NOT IN (timestamp'2023-01-01 01:01:00',n1.dob) from TDTT005timestamp n1;
???
0
(1 row)
OCTO> select n1.dob NOT IN (select timestamp'2023-01-01 01:01:00') from TDTT005timestamp n1;
???
1
(1 row)
OCTO> select n1.dob NOT IN (timestamp with time zone'2023-01-01 01:01:00-05:00',n1.dob) from TDTT005timestamp n1;
???
1
(1 row)
OCTO> select n1.dob NOT IN (select timestamp with time zone'2023-01-01 01:01:00-05:00') from TDTT005timestamp n1;
???
1
(1 row)
OCTO> select n1.dob NOT IN (n2.dob,n1.dob) from TDTT005timestamp n1, TDTT005date n2;
???
0
(1 row)
OCTO> select n1.dob NOT IN (select n2.dob) from TDTT005timestamp n1, TDTT005date n2;
???
1
(1 row)
[ERROR]: ERR_TYPE_MISMATCH: Type mismatch: left TIME, right TIMESTAMP
LINE 155:1: select n1.dob NOT IN (n2.dob,n1.dob) from TDTT005timestamp n1, T...
                                  ^^^^^^
LINE 155:1: select n1.dob NOT IN (n2.dob,n1.dob) from TDTT005timestamp n1, T...
                                         ^^^^^^
OCTO> select n1.dob NOT IN (n2.dob,n1.dob) from TDTT005timestamp n1, TDTT005time n2;
[ERROR]: ERR_TYPE_MISMATCH: Type mismatch: left TIMESTAMP, right TIME
LINE 156:1: select n1.dob NOT IN (select n2.dob) from TDTT005timestamp n1, T...
                   ^^^^^^
LINE 156:1: select n1.dob NOT IN (select n2.dob) from TDTT005timestamp n1, T...
                                  ^^^^^^
OCTO> select n1.dob NOT IN (select n2.dob) from TDTT005timestamp n1, TDTT005time n2;
OCTO> select n1.dob NOT IN (n2.dob,n1.dob) from TDTT005timestamp n1, TDTT005timestamp n2;
???
0
(1 row)
OCTO> select n1.dob NOT IN (select n2.dob) from TDTT005timestamp n1, TDTT005timestamp n2;
???
0
(1 row)
OCTO> select n1.dob NOT IN (n2.dob,n1.dob) from TDTT005timestamp n1, TDTT005timestamptz n2;
???
1
(1 row)
OCTO> select n1.dob NOT IN (select n2.dob) from TDTT005timestamp n1, TDTT005timestamptz n2;
???
1
(1 row)
[ERROR]: ERR_TYPE_MISMATCH: Type mismatch: left INTEGER, right TIMESTAMP
LINE 161:1: select n1.dob NOT IN (3,n1.dob) from TDTT005timestamp n1;
                                  ^
LINE 161:1: select n1.dob NOT IN (3,n1.dob) from TDTT005timestamp n1;
                                    ^^^^^^
OCTO> select n1.dob NOT IN (3,n1.dob) from TDTT005timestamp n1;
[ERROR]: ERR_TYPE_MISMATCH: Type mismatch: left TIMESTAMP, right INTEGER
LINE 162:1: select n1.dob NOT IN (select 3) from TDTT005timestamp n1;
                   ^^^^^^
LINE 162:1: select n1.dob NOT IN (select 3) from TDTT005timestamp n1;
                                  ^^^^^^
OCTO> select n1.dob NOT IN (select 3) from TDTT005timestamp n1;
OCTO> select n1.dob NOT IN ('sample string',n1.dob) from TDTT005timestamp n1;
[ERROR]: ERR_INVALID_DATE_TIME_VALUE: "sample string" is invalid for type "TIMESTAMP", format "TEXT" and datestyle "ISO, YMD"
[ERROR]: ERR_TYPE_MISMATCH: Type mismatch: left TIMESTAMP, right VARCHAR
LINE 164:1: select n1.dob NOT IN (select 'sample string') from TDTT005timest...
                   ^^^^^^
LINE 164:1: select n1.dob NOT IN (select 'sample string') from TDTT005timest...
                                  ^^^^^^
OCTO> select n1.dob NOT IN (select 'sample string') from TDTT005timestamp n1;
[ERROR]: ERR_TYPE_MISMATCH: Type mismatch: left NUMERIC, right TIMESTAMP
LINE 165:1: select n1.dob NOT IN (3.3,n1.dob) from TDTT005timestamp n1;
                                  ^^^
LINE 165:1: select n1.dob NOT IN (3.3,n1.dob) from TDTT005timestamp n1;
                                      ^^^^^^
OCTO> select n1.dob NOT IN (3.3,n1.dob) from TDTT005timestamp n1;
[ERROR]: ERR_TYPE_MISMATCH: Type mismatch: left TIMESTAMP, right NUMERIC
LINE 166:1: select n1.dob NOT IN (select 3.3) from TDTT005timestamp n1;
                   ^^^^^^
LINE 166:1: select n1.dob NOT IN (select 3.3) from TDTT005timestamp n1;
                                  ^^^^^^
OCTO> select n1.dob NOT IN (select 3.3) from TDTT005timestamp n1;
OCTO> select n1.dob NOT IN (NULL,n1.dob) from TDTT005timestamp n1;
???
0
(1 row)
OCTO> select n1.dob NOT IN (select NULL) from TDTT005timestamp n1;
???

(1 row)
OCTO> select n1.dob NOT IN (date'2023-01-01',n1.dob) from TDTT005timestamptz n1;
???
0
(1 row)
OCTO> select n1.dob NOT IN (select date'2023-01-01') from TDTT005timestamptz n1;
???
1
(1 row)
[ERROR]: ERR_TYPE_MISMATCH: Type mismatch: left TIME, right TIMESTAMP WITH TIME ZONE
LINE 171:1: select n1.dob NOT IN (time'01:01:00',n1.dob) from TDTT005timesta...
                                  ^^^^^^^^^^^^^^
LINE 171:1: ...1.dob NOT IN (time'01:01:00',n1.dob) from TDTT005timestamptz n1;
                                            ^^^^^^
OCTO> select n1.dob NOT IN (time'01:01:00',n1.dob) from TDTT005timestamptz n1;
[ERROR]: ERR_TYPE_MISMATCH: Type mismatch: left TIMESTAMP WITH TIME ZONE, right TIME
LINE 172:1: select n1.dob NOT IN (select time'01:01:00') from TDTT005timesta...
                   ^^^^^^
LINE 172:1: select n1.dob NOT IN (select time'01:01:00') from TDTT005timesta...
                                  ^^^^^^
OCTO> select n1.dob NOT IN (select time'01:01:00') from TDTT005timestamptz n1;
OCTO> select n1.dob NOT IN (timestamp'2023-01-01 01:01:00',n1.dob) from TDTT005timestamptz n1;
???
0
(1 row)
OCTO> select n1.dob NOT IN (select timestamp'2023-01-01 01:01:00') from TDTT005timestamptz n1;
???
1
(1 row)
OCTO> select n1.dob NOT IN (timestamp with time zone'2023-01-01 01:01:00-05:00',n1.dob) from TDTT005timestamptz n1;
???
0
(1 row)
OCTO> select n1.dob NOT IN (select timestamp with time zone'2023-01-01 01:01:00-05:00') from TDTT005timestamptz n1;
???
1
(1 row)
OCTO> select n1.dob NOT IN (n2.dob,n1.dob) from TDTT005timestamptz n1, TDTT005date n2;
???
0
(1 row)
OCTO> select n1.dob NOT IN (select n2.dob) from TDTT005timestamptz n1, TDTT005date n2;
???
1
(1 row)
[ERROR]: ERR_TYPE_MISMATCH: Type mismatch: left TIME, right TIMESTAMP WITH TIME ZONE
LINE 179:1: select n1.dob NOT IN (n2.dob,n1.dob) from TDTT005timestamptz n1,...
                                  ^^^^^^
LINE 179:1: select n1.dob NOT IN (n2.dob,n1.dob) from TDTT005timestamptz n1,...
                                         ^^^^^^
OCTO> select n1.dob NOT IN (n2.dob,n1.dob) from TDTT005timestamptz n1, TDTT005time n2;
[ERROR]: ERR_TYPE_MISMATCH: Type mismatch: left TIMESTAMP WITH TIME ZONE, right TIME
LINE 180:1: select n1.dob NOT IN (select n2.dob) from TDTT005timestamptz n1,...
                   ^^^^^^
LINE 180:1: select n1.dob NOT IN (select n2.dob) from TDTT005timestamptz n1,...
                                  ^^^^^^
OCTO> select n1.dob NOT IN (select n2.dob) from TDTT005timestamptz n1, TDTT005time n2;
OCTO> select n1.dob NOT IN (n2.dob,n1.dob) from TDTT005timestamptz n1, TDTT005timestamp n2;
???
0
(1 row)
OCTO> select n1.dob NOT IN (select n2.dob) from TDTT005timestamptz n1, TDTT005timestamp n2;
???
1
(1 row)
OCTO> select n1.dob NOT IN (n2.dob,n1.dob) from TDTT005timestamptz n1, TDTT005timestamptz n2;
???
0
(1 row)
OCTO> select n1.dob NOT IN (select n2.dob) from TDTT005timestamptz n1, TDTT005timestamptz n2;
???
0
(1 row)
[ERROR]: ERR_TYPE_MISMATCH: Type mismatch: left INTEGER, right TIMESTAMP WITH TIME ZONE
LINE 185:1: select n1.dob NOT IN (3,n1.dob) from TDTT005timestamptz n1;
                                  ^
LINE 185:1: select n1.dob NOT IN (3,n1.dob) from TDTT005timestamptz n1;
                                    ^^^^^^
OCTO> select n1.dob NOT IN (3,n1.dob) from TDTT005timestamptz n1;
[ERROR]: ERR_TYPE_MISMATCH: Type mismatch: left TIMESTAMP WITH TIME ZONE, right INTEGER
LINE 186:1: select n1.dob NOT IN (select 3) from TDTT005timestamptz n1;
                   ^^^^^^
LINE 186:1: select n1.dob NOT IN (select 3) from TDTT005timestamptz n1;
                                  ^^^^^^
OCTO> select n1.dob NOT IN (select 3) from TDTT005timestamptz n1;
OCTO> select n1.dob NOT IN ('sample string',n1.dob) from TDTT005timestamptz n1;
[ERROR]: ERR_INVALID_DATE_TIME_VALUE: "sample string" is invalid for type "TIMESTAMP WITH TIME ZONE", format "TEXT" and datestyle "ISO, YMD"
[ERROR]: ERR_TYPE_MISMATCH: Type mismatch: left TIMESTAMP WITH TIME ZONE, right VARCHAR
LINE 188:1: select n1.dob NOT IN (select 'sample string') from TDTT005timest...
                   ^^^^^^
LINE 188:1: select n1.dob NOT IN (select 'sample string') from TDTT005timest...
                                  ^^^^^^
OCTO> select n1.dob NOT IN (select 'sample string') from TDTT005timestamptz n1;
[ERROR]: ERR_TYPE_MISMATCH: Type mismatch: left NUMERIC, right TIMESTAMP WITH TIME ZONE
LINE 189:1: select n1.dob NOT IN (3.3,n1.dob) from TDTT005timestamptz n1;
                                  ^^^
LINE 189:1: select n1.dob NOT IN (3.3,n1.dob) from TDTT005timestamptz n1;
                                      ^^^^^^
OCTO> select n1.dob NOT IN (3.3,n1.dob) from TDTT005timestamptz n1;
[ERROR]: ERR_TYPE_MISMATCH: Type mismatch: left TIMESTAMP WITH TIME ZONE, right NUMERIC
LINE 190:1: select n1.dob NOT IN (select 3.3) from TDTT005timestamptz n1;
                   ^^^^^^
LINE 190:1: select n1.dob NOT IN (select 3.3) from TDTT005timestamptz n1;
                                  ^^^^^^
OCTO> select n1.dob NOT IN (select 3.3) from TDTT005timestamptz n1;
OCTO> select n1.dob NOT IN (NULL,n1.dob) from TDTT005timestamptz n1;
???
0
(1 row)
OCTO> select n1.dob NOT IN (select NULL) from TDTT005timestamptz n1;
???

(1 row)
OCTO> 
