OCTO> select date'2023-01-01' NOT BETWEEN date'2023-01-01' AND date'2023-01-01';
???
f
(1 row)
[ERROR]: ERR_TYPE_MISMATCH: Type mismatch: left DATE, right TIME
LINE 2:1: select date'2023-01-01' NOT BETWEEN time'01:01:00' AND date'2023...
                 ^^^^^^^^^^^^^^^^
LINE 2:1: ...ate'2023-01-01' NOT BETWEEN time'01:01:00' AND date'2023-01-01';
                                         ^^^^^^^^^^^^^^
OCTO> select date'2023-01-01' NOT BETWEEN time'01:01:00' AND date'2023-01-01';
OCTO> select date'2023-01-01' NOT BETWEEN timestamp'2023-01-01 01:01:00' AND date'2023-01-01';
???
t
(1 row)
OCTO> select date'2023-01-01' NOT BETWEEN timestamp with time zone'2023-01-01 01:01:00-05:00' AND date'2023-01-01';
???
t
(1 row)
OCTO> select date'2023-01-01' NOT BETWEEN n1.dob AND date'2023-01-01' from TDTT005date n1;
???
f
(1 row)
[ERROR]: ERR_TYPE_MISMATCH: Type mismatch: left DATE, right TIME
LINE 6:1: select date'2023-01-01' NOT BETWEEN n1.dob AND date'2023-01-01' ...
                 ^^^^^^^^^^^^^^^^
LINE 6:1: ...date'2023-01-01' NOT BETWEEN n1.dob AND date'2023-01-01' from TD...
                                          ^^^^^^
OCTO> select date'2023-01-01' NOT BETWEEN n1.dob AND date'2023-01-01' from TDTT005time n1;
OCTO> select date'2023-01-01' NOT BETWEEN n1.dob AND date'2023-01-01' from TDTT005timestamp n1;
???
t
(1 row)
OCTO> select date'2023-01-01' NOT BETWEEN n1.dob AND date'2023-01-01' from TDTT005timestamptz n1;
???
f
(1 row)
[ERROR]: ERR_TYPE_MISMATCH: Type mismatch: left DATE, right INTEGER
LINE 9:1: select date'2023-01-01' NOT BETWEEN 3 AND date'2023-01-01';
                 ^^^^^^^^^^^^^^^^
LINE 9:1: select date'2023-01-01' NOT BETWEEN 3 AND date'2023-01-01';
                                              ^
OCTO> select date'2023-01-01' NOT BETWEEN 3 AND date'2023-01-01';
[ERROR]: ERR_TYPE_MISMATCH: Type mismatch: left DATE, right VARCHAR
LINE 10:1: select date'2023-01-01' NOT BETWEEN 'sample string' AND date'202...
                  ^^^^^^^^^^^^^^^^
LINE 10:1: ...e'2023-01-01' NOT BETWEEN 'sample string' AND date'2023-01-01';
                                        ^^^^^^^^^^^^^^^
OCTO> select date'2023-01-01' NOT BETWEEN 'sample string' AND date'2023-01-01';
[ERROR]: ERR_TYPE_MISMATCH: Type mismatch: left DATE, right NUMERIC
LINE 11:1: select date'2023-01-01' NOT BETWEEN 3.3 AND date'2023-01-01';
                  ^^^^^^^^^^^^^^^^
LINE 11:1: select date'2023-01-01' NOT BETWEEN 3.3 AND date'2023-01-01';
                                               ^^^
OCTO> select date'2023-01-01' NOT BETWEEN 3.3 AND date'2023-01-01';
OCTO> select date'2023-01-01' NOT BETWEEN NULL AND date'2023-01-01';
???

(1 row)
[ERROR]: ERR_TYPE_MISMATCH: Type mismatch: left TIME, right DATE
LINE 13:1: select time'01:01:00' NOT BETWEEN date'2023-01-01' AND time'01:0...
                  ^^^^^^^^^^^^^^
LINE 13:1: ... time'01:01:00' NOT BETWEEN date'2023-01-01' AND time'01:01:00';
                                          ^^^^^^^^^^^^^^^^
OCTO> select time'01:01:00' NOT BETWEEN date'2023-01-01' AND time'01:01:00';
OCTO> select time'01:01:00' NOT BETWEEN time'01:01:00' AND time'01:01:00';
???
f
(1 row)
[ERROR]: ERR_TYPE_MISMATCH: Type mismatch: left TIME, right TIMESTAMP
LINE 15:1: select time'01:01:00' NOT BETWEEN timestamp'2023-01-01 01:01:00'...
                  ^^^^^^^^^^^^^^
LINE 15:1: ...:00' NOT BETWEEN timestamp'2023-01-01 01:01:00' AND time'01:01:0...
                               ^^^^^^^^^^^^^^^^^^^^^^^^^^^^^^
OCTO> select time'01:01:00' NOT BETWEEN timestamp'2023-01-01 01:01:00' AND time'01:01:00';
[ERROR]: ERR_TYPE_MISMATCH: Type mismatch: left TIME, right TIMESTAMP WITH TIME ZONE
LINE 16:1: select time'01:01:00' NOT BETWEEN timestamp with time zone'2023-...
                  ^^^^^^^^^^^^^^
LINE 16:1: ...TWEEN timestamp with time zone'2023-01-01 01:01:00-05:00' AND t...
                    ^^^^^^^^^^^^^^^^^^^^^^^^^^^^^^^^^^^^^^^^^^^^^^^^^^^
OCTO> select time'01:01:00' NOT BETWEEN timestamp with time zone'2023-01-01 01:01:00-05:00' AND time'01:01:00';
[ERROR]: ERR_TYPE_MISMATCH: Type mismatch: left TIME, right DATE
LINE 17:1: select time'01:01:00' NOT BETWEEN n1.dob AND time'01:01:00' from...
                  ^^^^^^^^^^^^^^
LINE 17:1: ...t time'01:01:00' NOT BETWEEN n1.dob AND time'01:01:00' from TDTT...
                                           ^^^^^^
OCTO> select time'01:01:00' NOT BETWEEN n1.dob AND time'01:01:00' from TDTT005date n1;
OCTO> select time'01:01:00' NOT BETWEEN n1.dob AND time'01:01:00' from TDTT005time n1;
???
t
(1 row)
[ERROR]: ERR_TYPE_MISMATCH: Type mismatch: left TIME, right TIMESTAMP
LINE 19:1: select time'01:01:00' NOT BETWEEN n1.dob AND time'01:01:00' from...
                  ^^^^^^^^^^^^^^
LINE 19:1: ...t time'01:01:00' NOT BETWEEN n1.dob AND time'01:01:00' from TDTT...
                                           ^^^^^^
OCTO> select time'01:01:00' NOT BETWEEN n1.dob AND time'01:01:00' from TDTT005timestamp n1;
[ERROR]: ERR_TYPE_MISMATCH: Type mismatch: left TIME, right TIMESTAMP WITH TIME ZONE
LINE 20:1: select time'01:01:00' NOT BETWEEN n1.dob AND time'01:01:00' from...
                  ^^^^^^^^^^^^^^
LINE 20:1: ...t time'01:01:00' NOT BETWEEN n1.dob AND time'01:01:00' from TDTT...
                                           ^^^^^^
OCTO> select time'01:01:00' NOT BETWEEN n1.dob AND time'01:01:00' from TDTT005timestamptz n1;
[ERROR]: ERR_TYPE_MISMATCH: Type mismatch: left TIME, right INTEGER
LINE 21:1: select time'01:01:00' NOT BETWEEN 3 AND time'01:01:00';
                  ^^^^^^^^^^^^^^
LINE 21:1: select time'01:01:00' NOT BETWEEN 3 AND time'01:01:00';
                                             ^
OCTO> select time'01:01:00' NOT BETWEEN 3 AND time'01:01:00';
[ERROR]: ERR_TYPE_MISMATCH: Type mismatch: left TIME, right VARCHAR
LINE 22:1: select time'01:01:00' NOT BETWEEN 'sample string' AND time'01:01...
                  ^^^^^^^^^^^^^^
LINE 22:1: ... time'01:01:00' NOT BETWEEN 'sample string' AND time'01:01:00';
                                          ^^^^^^^^^^^^^^^
OCTO> select time'01:01:00' NOT BETWEEN 'sample string' AND time'01:01:00';
[ERROR]: ERR_TYPE_MISMATCH: Type mismatch: left TIME, right NUMERIC
LINE 23:1: select time'01:01:00' NOT BETWEEN 3.3 AND time'01:01:00';
                  ^^^^^^^^^^^^^^
LINE 23:1: select time'01:01:00' NOT BETWEEN 3.3 AND time'01:01:00';
                                             ^^^
OCTO> select time'01:01:00' NOT BETWEEN 3.3 AND time'01:01:00';
OCTO> select time'01:01:00' NOT BETWEEN NULL AND time'01:01:00';
???

(1 row)
OCTO> select timestamp'2023-01-01 01:01:00' NOT BETWEEN date'2023-01-01' AND timestamp'2023-01-01 01:01:00';
???
f
(1 row)
[ERROR]: ERR_TYPE_MISMATCH: Type mismatch: left TIMESTAMP, right TIME
LINE 26:1: select timestamp'2023-01-01 01:01:00' NOT BETWEEN time'01:01:00'...
                  ^^^^^^^^^^^^^^^^^^^^^^^^^^^^^^
LINE 26:1: ...01 01:01:00' NOT BETWEEN time'01:01:00' AND timestamp'2023-01-01...
                                       ^^^^^^^^^^^^^^
OCTO> select timestamp'2023-01-01 01:01:00' NOT BETWEEN time'01:01:00' AND timestamp'2023-01-01 01:01:00';
OCTO> select timestamp'2023-01-01 01:01:00' NOT BETWEEN timestamp'2023-01-01 01:01:00' AND timestamp'2023-01-01 01:01:00';
???
f
(1 row)
OCTO> select timestamp'2023-01-01 01:01:00' NOT BETWEEN timestamp with time zone'2023-01-01 01:01:00-05:00' AND timestamp'2023-01-01 01:01:00';
???
f
(1 row)
OCTO> select timestamp'2023-01-01 01:01:00' NOT BETWEEN n1.dob AND timestamp'2023-01-01 01:01:00' from TDTT005date n1;
???
f
(1 row)
[ERROR]: ERR_TYPE_MISMATCH: Type mismatch: left TIMESTAMP, right TIME
LINE 30:1: select timestamp'2023-01-01 01:01:00' NOT BETWEEN n1.dob AND tim...
                  ^^^^^^^^^^^^^^^^^^^^^^^^^^^^^^
LINE 30:1: ...-01-01 01:01:00' NOT BETWEEN n1.dob AND timestamp'2023-01-01 01:...
                                           ^^^^^^
OCTO> select timestamp'2023-01-01 01:01:00' NOT BETWEEN n1.dob AND timestamp'2023-01-01 01:01:00' from TDTT005time n1;
OCTO> select timestamp'2023-01-01 01:01:00' NOT BETWEEN n1.dob AND timestamp'2023-01-01 01:01:00' from TDTT005timestamp n1;
???
t
(1 row)
OCTO> select timestamp'2023-01-01 01:01:00' NOT BETWEEN n1.dob AND timestamp'2023-01-01 01:01:00' from TDTT005timestamptz n1;
???
f
(1 row)
[ERROR]: ERR_TYPE_MISMATCH: Type mismatch: left TIMESTAMP, right INTEGER
LINE 33:1: select timestamp'2023-01-01 01:01:00' NOT BETWEEN 3 AND timestam...
                  ^^^^^^^^^^^^^^^^^^^^^^^^^^^^^^
LINE 33:1: ...23-01-01 01:01:00' NOT BETWEEN 3 AND timestamp'2023-01-01 01:01...
                                             ^
OCTO> select timestamp'2023-01-01 01:01:00' NOT BETWEEN 3 AND timestamp'2023-01-01 01:01:00';
[ERROR]: ERR_TYPE_MISMATCH: Type mismatch: left TIMESTAMP, right VARCHAR
LINE 34:1: select timestamp'2023-01-01 01:01:00' NOT BETWEEN 'sample string...
                  ^^^^^^^^^^^^^^^^^^^^^^^^^^^^^^
LINE 34:1: ...1 01:01:00' NOT BETWEEN 'sample string' AND timestamp'2023-01-0...
                                      ^^^^^^^^^^^^^^^
OCTO> select timestamp'2023-01-01 01:01:00' NOT BETWEEN 'sample string' AND timestamp'2023-01-01 01:01:00';
[ERROR]: ERR_TYPE_MISMATCH: Type mismatch: left TIMESTAMP, right NUMERIC
LINE 35:1: select timestamp'2023-01-01 01:01:00' NOT BETWEEN 3.3 AND timest...
                  ^^^^^^^^^^^^^^^^^^^^^^^^^^^^^^
LINE 35:1: ...3-01-01 01:01:00' NOT BETWEEN 3.3 AND timestamp'2023-01-01 01:0...
                                            ^^^
OCTO> select timestamp'2023-01-01 01:01:00' NOT BETWEEN 3.3 AND timestamp'2023-01-01 01:01:00';
OCTO> select timestamp'2023-01-01 01:01:00' NOT BETWEEN NULL AND timestamp'2023-01-01 01:01:00';
???

(1 row)
OCTO> select timestamp with time zone'2023-01-01 01:01:00-05:00' NOT BETWEEN date'2023-01-01' AND timestamp with time zone'2023-01-01 01:01:00-05:00';
???
f
(1 row)
[ERROR]: ERR_TYPE_MISMATCH: Type mismatch: left TIMESTAMP WITH TIME ZONE, right TIME
LINE 38:1: ...elect timestamp with time zone'2023-01-01 01:01:00-05:00' NOT B...
                    ^^^^^^^^^^^^^^^^^^^^^^^^^^^^^^^^^^^^^^^^^^^^^^^^^^^
LINE 38:1: ...01:00-05:00' NOT BETWEEN time'01:01:00' AND timestamp with time ...
                                       ^^^^^^^^^^^^^^
OCTO> select timestamp with time zone'2023-01-01 01:01:00-05:00' NOT BETWEEN time'01:01:00' AND timestamp with time zone'2023-01-01 01:01:00-05:00';
OCTO> select timestamp with time zone'2023-01-01 01:01:00-05:00' NOT BETWEEN timestamp'2023-01-01 01:01:00' AND timestamp with time zone'2023-01-01 01:01:00-05:00';
???
f
(1 row)
OCTO> select timestamp with time zone'2023-01-01 01:01:00-05:00' NOT BETWEEN timestamp with time zone'2023-01-01 01:01:00-05:00' AND timestamp with time zone'2023-01-01 01:01:00-05:00';
???
f
(1 row)
OCTO> select timestamp with time zone'2023-01-01 01:01:00-05:00' NOT BETWEEN n1.dob AND timestamp with time zone'2023-01-01 01:01:00-05:00' from TDTT005date n1;
???
f
(1 row)
[ERROR]: ERR_TYPE_MISMATCH: Type mismatch: left TIMESTAMP WITH TIME ZONE, right TIME
LINE 42:1: ...elect timestamp with time zone'2023-01-01 01:01:00-05:00' NOT B...
                    ^^^^^^^^^^^^^^^^^^^^^^^^^^^^^^^^^^^^^^^^^^^^^^^^^^^
LINE 42:1: ... 01:01:00-05:00' NOT BETWEEN n1.dob AND timestamp with time zone...
                                           ^^^^^^
OCTO> select timestamp with time zone'2023-01-01 01:01:00-05:00' NOT BETWEEN n1.dob AND timestamp with time zone'2023-01-01 01:01:00-05:00' from TDTT005time n1;
OCTO> select timestamp with time zone'2023-01-01 01:01:00-05:00' NOT BETWEEN n1.dob AND timestamp with time zone'2023-01-01 01:01:00-05:00' from TDTT005timestamp n1;
???
t
(1 row)
OCTO> select timestamp with time zone'2023-01-01 01:01:00-05:00' NOT BETWEEN n1.dob AND timestamp with time zone'2023-01-01 01:01:00-05:00' from TDTT005timestamptz n1;
???
f
(1 row)
[ERROR]: ERR_TYPE_MISMATCH: Type mismatch: left TIMESTAMP WITH TIME ZONE, right INTEGER
LINE 45:1: ...elect timestamp with time zone'2023-01-01 01:01:00-05:00' NOT B...
                    ^^^^^^^^^^^^^^^^^^^^^^^^^^^^^^^^^^^^^^^^^^^^^^^^^^^
LINE 45:1: ...01 01:01:00-05:00' NOT BETWEEN 3 AND timestamp with time zone'2...
                                             ^
OCTO> select timestamp with time zone'2023-01-01 01:01:00-05:00' NOT BETWEEN 3 AND timestamp with time zone'2023-01-01 01:01:00-05:00';
[ERROR]: ERR_TYPE_MISMATCH: Type mismatch: left TIMESTAMP WITH TIME ZONE, right VARCHAR
LINE 46:1: ...elect timestamp with time zone'2023-01-01 01:01:00-05:00' NOT B...
                    ^^^^^^^^^^^^^^^^^^^^^^^^^^^^^^^^^^^^^^^^^^^^^^^^^^^
LINE 46:1: ...1:00-05:00' NOT BETWEEN 'sample string' AND timestamp with time...
                                      ^^^^^^^^^^^^^^^
OCTO> select timestamp with time zone'2023-01-01 01:01:00-05:00' NOT BETWEEN 'sample string' AND timestamp with time zone'2023-01-01 01:01:00-05:00';
[ERROR]: ERR_TYPE_MISMATCH: Type mismatch: left TIMESTAMP WITH TIME ZONE, right NUMERIC
LINE 47:1: ...elect timestamp with time zone'2023-01-01 01:01:00-05:00' NOT B...
                    ^^^^^^^^^^^^^^^^^^^^^^^^^^^^^^^^^^^^^^^^^^^^^^^^^^^
LINE 47:1: ...1 01:01:00-05:00' NOT BETWEEN 3.3 AND timestamp with time zone'...
                                            ^^^
OCTO> select timestamp with time zone'2023-01-01 01:01:00-05:00' NOT BETWEEN 3.3 AND timestamp with time zone'2023-01-01 01:01:00-05:00';
OCTO> select timestamp with time zone'2023-01-01 01:01:00-05:00' NOT BETWEEN NULL AND timestamp with time zone'2023-01-01 01:01:00-05:00';
???

(1 row)
OCTO> select n1.dob NOT BETWEEN date'2023-01-01' AND n1.dob from TDTT005date n1;
???
f
(1 row)
[ERROR]: ERR_TYPE_MISMATCH: Type mismatch: left DATE, right TIME
LINE 50:1: select n1.dob NOT BETWEEN time'01:01:00' AND n1.dob from TDTT005...
                  ^^^^^^
LINE 50:1: ...elect n1.dob NOT BETWEEN time'01:01:00' AND n1.dob from TDTT005d...
                                       ^^^^^^^^^^^^^^
OCTO> select n1.dob NOT BETWEEN time'01:01:00' AND n1.dob from TDTT005date n1;
OCTO> select n1.dob NOT BETWEEN timestamp'2023-01-01 01:01:00' AND n1.dob from TDTT005date n1;
???
t
(1 row)
OCTO> select n1.dob NOT BETWEEN timestamp with time zone'2023-01-01 01:01:00-05:00' AND n1.dob from TDTT005date n1;
???
t
(1 row)
OCTO> select n1.dob NOT BETWEEN n2.dob AND n1.dob from TDTT005date n1, TDTT005date n2;
???
f
(1 row)
[ERROR]: ERR_TYPE_MISMATCH: Type mismatch: left DATE, right TIME
LINE 54:1: select n1.dob NOT BETWEEN n2.dob AND n1.dob from TDTT005date n1,...
                  ^^^^^^
LINE 54:1: select n1.dob NOT BETWEEN n2.dob AND n1.dob from TDTT005date n1,...
                                     ^^^^^^
OCTO> select n1.dob NOT BETWEEN n2.dob AND n1.dob from TDTT005date n1, TDTT005time n2;
OCTO> select n1.dob NOT BETWEEN n2.dob AND n1.dob from TDTT005date n1, TDTT005timestamp n2;
???
t
(1 row)
OCTO> select n1.dob NOT BETWEEN n2.dob AND n1.dob from TDTT005date n1, TDTT005timestamptz n2;
???
f
(1 row)
[ERROR]: ERR_TYPE_MISMATCH: Type mismatch: left DATE, right INTEGER
LINE 57:1: select n1.dob NOT BETWEEN 3 AND n1.dob from TDTT005date n1;
                  ^^^^^^
LINE 57:1: select n1.dob NOT BETWEEN 3 AND n1.dob from TDTT005date n1;
                                     ^
OCTO> select n1.dob NOT BETWEEN 3 AND n1.dob from TDTT005date n1;
[ERROR]: ERR_TYPE_MISMATCH: Type mismatch: left DATE, right VARCHAR
LINE 58:1: select n1.dob NOT BETWEEN 'sample string' AND n1.dob from TDTT00...
                  ^^^^^^
LINE 58:1: ...lect n1.dob NOT BETWEEN 'sample string' AND n1.dob from TDTT005...
                                      ^^^^^^^^^^^^^^^
OCTO> select n1.dob NOT BETWEEN 'sample string' AND n1.dob from TDTT005date n1;
[ERROR]: ERR_TYPE_MISMATCH: Type mismatch: left DATE, right NUMERIC
LINE 59:1: select n1.dob NOT BETWEEN 3.3 AND n1.dob from TDTT005date n1;
                  ^^^^^^
LINE 59:1: select n1.dob NOT BETWEEN 3.3 AND n1.dob from TDTT005date n1;
                                     ^^^
OCTO> select n1.dob NOT BETWEEN 3.3 AND n1.dob from TDTT005date n1;
OCTO> select n1.dob NOT BETWEEN NULL AND n1.dob from TDTT005date n1;
???

(1 row)
[ERROR]: ERR_TYPE_MISMATCH: Type mismatch: left TIME, right DATE
LINE 61:1: select n1.dob NOT BETWEEN date'2023-01-01' AND n1.dob from TDTT0...
                  ^^^^^^
LINE 61:1: ...lect n1.dob NOT BETWEEN date'2023-01-01' AND n1.dob from TDTT005...
                                      ^^^^^^^^^^^^^^^^
OCTO> select n1.dob NOT BETWEEN date'2023-01-01' AND n1.dob from TDTT005time n1;
OCTO> select n1.dob NOT BETWEEN time'01:01:00' AND n1.dob from TDTT005time n1;
???
f
(1 row)
[ERROR]: ERR_TYPE_MISMATCH: Type mismatch: left TIME, right TIMESTAMP
LINE 63:1: select n1.dob NOT BETWEEN timestamp'2023-01-01 01:01:00' AND n1....
                  ^^^^^^
LINE 63:1: ....dob NOT BETWEEN timestamp'2023-01-01 01:01:00' AND n1.dob from ...
                               ^^^^^^^^^^^^^^^^^^^^^^^^^^^^^^
OCTO> select n1.dob NOT BETWEEN timestamp'2023-01-01 01:01:00' AND n1.dob from TDTT005time n1;
[ERROR]: ERR_TYPE_MISMATCH: Type mismatch: left TIME, right TIMESTAMP WITH TIME ZONE
LINE 64:1: select n1.dob NOT BETWEEN timestamp with time zone'2023-01-01 01...
                  ^^^^^^
LINE 64:1: ...TWEEN timestamp with time zone'2023-01-01 01:01:00-05:00' AND n...
                    ^^^^^^^^^^^^^^^^^^^^^^^^^^^^^^^^^^^^^^^^^^^^^^^^^^^
OCTO> select n1.dob NOT BETWEEN timestamp with time zone'2023-01-01 01:01:00-05:00' AND n1.dob from TDTT005time n1;
[ERROR]: ERR_TYPE_MISMATCH: Type mismatch: left TIME, right DATE
LINE 65:1: select n1.dob NOT BETWEEN n2.dob AND n1.dob from TDTT005time n1,...
                  ^^^^^^
LINE 65:1: select n1.dob NOT BETWEEN n2.dob AND n1.dob from TDTT005time n1,...
                                     ^^^^^^
OCTO> select n1.dob NOT BETWEEN n2.dob AND n1.dob from TDTT005time n1, TDTT005date n2;
OCTO> select n1.dob NOT BETWEEN n2.dob AND n1.dob from TDTT005time n1, TDTT005time n2;
???
f
(1 row)
[ERROR]: ERR_TYPE_MISMATCH: Type mismatch: left TIME, right TIMESTAMP
LINE 67:1: select n1.dob NOT BETWEEN n2.dob AND n1.dob from TDTT005time n1,...
                  ^^^^^^
LINE 67:1: select n1.dob NOT BETWEEN n2.dob AND n1.dob from TDTT005time n1,...
                                     ^^^^^^
OCTO> select n1.dob NOT BETWEEN n2.dob AND n1.dob from TDTT005time n1, TDTT005timestamp n2;
[ERROR]: ERR_TYPE_MISMATCH: Type mismatch: left TIME, right TIMESTAMP WITH TIME ZONE
LINE 68:1: select n1.dob NOT BETWEEN n2.dob AND n1.dob from TDTT005time n1,...
                  ^^^^^^
LINE 68:1: select n1.dob NOT BETWEEN n2.dob AND n1.dob from TDTT005time n1,...
                                     ^^^^^^
OCTO> select n1.dob NOT BETWEEN n2.dob AND n1.dob from TDTT005time n1, TDTT005timestamptz n2;
[ERROR]: ERR_TYPE_MISMATCH: Type mismatch: left TIME, right INTEGER
LINE 69:1: select n1.dob NOT BETWEEN 3 AND n1.dob from TDTT005time n1;
                  ^^^^^^
LINE 69:1: select n1.dob NOT BETWEEN 3 AND n1.dob from TDTT005time n1;
                                     ^
OCTO> select n1.dob NOT BETWEEN 3 AND n1.dob from TDTT005time n1;
[ERROR]: ERR_TYPE_MISMATCH: Type mismatch: left TIME, right VARCHAR
LINE 70:1: select n1.dob NOT BETWEEN 'sample string' AND n1.dob from TDTT00...
                  ^^^^^^
LINE 70:1: ...lect n1.dob NOT BETWEEN 'sample string' AND n1.dob from TDTT005...
                                      ^^^^^^^^^^^^^^^
OCTO> select n1.dob NOT BETWEEN 'sample string' AND n1.dob from TDTT005time n1;
[ERROR]: ERR_TYPE_MISMATCH: Type mismatch: left TIME, right NUMERIC
LINE 71:1: select n1.dob NOT BETWEEN 3.3 AND n1.dob from TDTT005time n1;
                  ^^^^^^
LINE 71:1: select n1.dob NOT BETWEEN 3.3 AND n1.dob from TDTT005time n1;
                                     ^^^
OCTO> select n1.dob NOT BETWEEN 3.3 AND n1.dob from TDTT005time n1;
OCTO> select n1.dob NOT BETWEEN NULL AND n1.dob from TDTT005time n1;
???

(1 row)
OCTO> select n1.dob NOT BETWEEN date'2023-01-01' AND n1.dob from TDTT005timestamp n1;
???
f
(1 row)
[ERROR]: ERR_TYPE_MISMATCH: Type mismatch: left TIMESTAMP, right TIME
LINE 74:1: select n1.dob NOT BETWEEN time'01:01:00' AND n1.dob from TDTT005...
                  ^^^^^^
LINE 74:1: ...elect n1.dob NOT BETWEEN time'01:01:00' AND n1.dob from TDTT005t...
                                       ^^^^^^^^^^^^^^
OCTO> select n1.dob NOT BETWEEN time'01:01:00' AND n1.dob from TDTT005timestamp n1;
OCTO> select n1.dob NOT BETWEEN timestamp'2023-01-01 01:01:00' AND n1.dob from TDTT005timestamp n1;
???
f
(1 row)
OCTO> select n1.dob NOT BETWEEN timestamp with time zone'2023-01-01 01:01:00-05:00' AND n1.dob from TDTT005timestamp n1;
???
f
(1 row)
OCTO> select n1.dob NOT BETWEEN n2.dob AND n1.dob from TDTT005timestamp n1, TDTT005date n2;
???
f
(1 row)
[ERROR]: ERR_TYPE_MISMATCH: Type mismatch: left TIMESTAMP, right TIME
LINE 78:1: select n1.dob NOT BETWEEN n2.dob AND n1.dob from TDTT005timestam...
                  ^^^^^^
LINE 78:1: select n1.dob NOT BETWEEN n2.dob AND n1.dob from TDTT005timestam...
                                     ^^^^^^
OCTO> select n1.dob NOT BETWEEN n2.dob AND n1.dob from TDTT005timestamp n1, TDTT005time n2;
OCTO> select n1.dob NOT BETWEEN n2.dob AND n1.dob from TDTT005timestamp n1, TDTT005timestamp n2;
???
f
(1 row)
OCTO> select n1.dob NOT BETWEEN n2.dob AND n1.dob from TDTT005timestamp n1, TDTT005timestamptz n2;
???
f
(1 row)
[ERROR]: ERR_TYPE_MISMATCH: Type mismatch: left TIMESTAMP, right INTEGER
LINE 81:1: select n1.dob NOT BETWEEN 3 AND n1.dob from TDTT005timestamp n1;
                  ^^^^^^
LINE 81:1: select n1.dob NOT BETWEEN 3 AND n1.dob from TDTT005timestamp n1;
                                     ^
OCTO> select n1.dob NOT BETWEEN 3 AND n1.dob from TDTT005timestamp n1;
[ERROR]: ERR_TYPE_MISMATCH: Type mismatch: left TIMESTAMP, right VARCHAR
LINE 82:1: select n1.dob NOT BETWEEN 'sample string' AND n1.dob from TDTT00...
                  ^^^^^^
LINE 82:1: ...lect n1.dob NOT BETWEEN 'sample string' AND n1.dob from TDTT005...
                                      ^^^^^^^^^^^^^^^
OCTO> select n1.dob NOT BETWEEN 'sample string' AND n1.dob from TDTT005timestamp n1;
[ERROR]: ERR_TYPE_MISMATCH: Type mismatch: left TIMESTAMP, right NUMERIC
LINE 83:1: select n1.dob NOT BETWEEN 3.3 AND n1.dob from TDTT005timestamp n...
                  ^^^^^^
LINE 83:1: select n1.dob NOT BETWEEN 3.3 AND n1.dob from TDTT005timestamp ...
                                     ^^^
OCTO> select n1.dob NOT BETWEEN 3.3 AND n1.dob from TDTT005timestamp n1;
OCTO> select n1.dob NOT BETWEEN NULL AND n1.dob from TDTT005timestamp n1;
???

(1 row)
OCTO> select n1.dob NOT BETWEEN date'2023-01-01' AND n1.dob from TDTT005timestamptz n1;
???
t
(1 row)
[ERROR]: ERR_TYPE_MISMATCH: Type mismatch: left TIMESTAMP WITH TIME ZONE, right TIME
LINE 86:1: select n1.dob NOT BETWEEN time'01:01:00' AND n1.dob from TDTT005...
                  ^^^^^^
LINE 86:1: ...elect n1.dob NOT BETWEEN time'01:01:00' AND n1.dob from TDTT005t...
                                       ^^^^^^^^^^^^^^
OCTO> select n1.dob NOT BETWEEN time'01:01:00' AND n1.dob from TDTT005timestamptz n1;
OCTO> select n1.dob NOT BETWEEN timestamp'2023-01-01 01:01:00' AND n1.dob from TDTT005timestamptz n1;
???
t
(1 row)
OCTO> select n1.dob NOT BETWEEN timestamp with time zone'2023-01-01 01:01:00-05:00' AND n1.dob from TDTT005timestamptz n1;
???
t
(1 row)
OCTO> select n1.dob NOT BETWEEN n2.dob AND n1.dob from TDTT005timestamptz n1, TDTT005date n2;
???
t
(1 row)
[ERROR]: ERR_TYPE_MISMATCH: Type mismatch: left TIMESTAMP WITH TIME ZONE, right TIME
LINE 90:1: select n1.dob NOT BETWEEN n2.dob AND n1.dob from TDTT005timestam...
                  ^^^^^^
LINE 90:1: select n1.dob NOT BETWEEN n2.dob AND n1.dob from TDTT005timestam...
                                     ^^^^^^
OCTO> select n1.dob NOT BETWEEN n2.dob AND n1.dob from TDTT005timestamptz n1, TDTT005time n2;
OCTO> select n1.dob NOT BETWEEN n2.dob AND n1.dob from TDTT005timestamptz n1, TDTT005timestamp n2;
???
t
(1 row)
OCTO> select n1.dob NOT BETWEEN n2.dob AND n1.dob from TDTT005timestamptz n1, TDTT005timestamptz n2;
???
f
(1 row)
[ERROR]: ERR_TYPE_MISMATCH: Type mismatch: left TIMESTAMP WITH TIME ZONE, right INTEGER
LINE 93:1: select n1.dob NOT BETWEEN 3 AND n1.dob from TDTT005timestamptz n...
                  ^^^^^^
LINE 93:1: select n1.dob NOT BETWEEN 3 AND n1.dob from TDTT005timestamptz ...
                                     ^
OCTO> select n1.dob NOT BETWEEN 3 AND n1.dob from TDTT005timestamptz n1;
[ERROR]: ERR_TYPE_MISMATCH: Type mismatch: left TIMESTAMP WITH TIME ZONE, right VARCHAR
LINE 94:1: select n1.dob NOT BETWEEN 'sample string' AND n1.dob from TDTT00...
                  ^^^^^^
LINE 94:1: ...lect n1.dob NOT BETWEEN 'sample string' AND n1.dob from TDTT005...
                                      ^^^^^^^^^^^^^^^
OCTO> select n1.dob NOT BETWEEN 'sample string' AND n1.dob from TDTT005timestamptz n1;
[ERROR]: ERR_TYPE_MISMATCH: Type mismatch: left TIMESTAMP WITH TIME ZONE, right NUMERIC
LINE 95:1: select n1.dob NOT BETWEEN 3.3 AND n1.dob from TDTT005timestamptz...
                  ^^^^^^
LINE 95:1: select n1.dob NOT BETWEEN 3.3 AND n1.dob from TDTT005timestampt...
                                     ^^^
OCTO> select n1.dob NOT BETWEEN 3.3 AND n1.dob from TDTT005timestamptz n1;
OCTO> select n1.dob NOT BETWEEN NULL AND n1.dob from TDTT005timestamptz n1;
???

(1 row)
OCTO> 
