
select date'2023-01-01 01:01:01';
select date(fileman)'3230101.010101';
select date(horolog)'67011,41907';
select date(zhorolog)'67011,41921,909140,14400';
select date(zut)'1718897933845272';

create table datef(id integer primary key, dob date(fileman)) global "^datef(keys(""id""))" readonly;
select * from datef;

create table dateh(id integer primary key, dob date(horolog)) global "^dateh(keys(""id""))" readonly;
select * from dateh;

create table datet(id integer primary key, dob date) global "^datet(keys(""id""))" readonly;
select * from datet;

select date(fileman)'3020730.11164601';
OCTO> select date'2023-01-01 01:01:01';
???
2023-01-01
(1 row)
OCTO> select date(fileman)'3230101.010101';
???
2023-01-01
(1 row)
OCTO> select date(horolog)'67011,41907';
???
2024-06-20
(1 row)
OCTO> select date(zhorolog)'67011,41921,909140,14400';
???
2024-06-20
(1 row)
OCTO> select date(zut)'1718897933845272';
???
2024-06-20
(1 row)
OCTO> create table datef(id integer primary key, dob date(fileman)) global "^datef(keys(""id""))" readonly;
CREATE TABLE
OCTO> select * from datef;
id|dob
0|2023-02-01
1|
2|2023-02-01
3|2002-07-30
4|
(5 rows)
OCTO> create table dateh(id integer primary key, dob date(horolog)) global "^dateh(keys(""id""))" readonly;
CREATE TABLE
OCTO> select * from dateh;
id|dob
0|2024-06-20
1|2024-06-20
(2 rows)
OCTO> create table datet(id integer primary key, dob date) global "^datet(keys(""id""))" readonly;
CREATE TABLE
OCTO> select * from datet;
id|dob
0|2023-01-01
1|2023-01-01
(2 rows)
OCTO> select date(fileman)'3020730.11164601';
???
2002-07-30
(1 row)
OCTO> 
