
-- create readonly table definition with date/time types in it and constraints
create table tdtt060 (id int primary key, dob date, dot time, dots timestamp, totstz timestamp with time zone) global "^tdtt060" readonly;
-- Perform select on it
select * from tdtt060;
-- create table definition with date/time types in it and constraints
create table tdtt060_1 (id int primary key, dob date, dot time, dots timestamp, totstz timestamp with time zone);
-- Perform select on it
select * from tdtt060_1;
-- Add values to it
insert into tdtt060_1 values(1,date'2023-01-01', time'01:01:01',timestamp'2023-01-01 01:01:01', timestamp with time zone'2023-01-01 01:01:01-05');
insert into tdtt060_1 values(2,date'2023-04-04', time'01:01:01',timestamp'2023-04-04 01:01:01', timestamp with time zone'2023-01-04 01:01:01-04');
-- Perform select on it
select * from tdtt060_1;
-- create view definition with date/time types in it
create view tdtt060v as select date'2023-01-01';
create view tdtt060v1 as select time'01:01:01';
create view tdtt060v2 as select timestamp'2023-01-01 01:01:01';
create view tdtt060v3 as select timestamp with time zone'2023-01-01 01:01:01-05';
create view tdtt060v4 as select timestamp with time zone'2023-04-01 01:01:01-04';
create view tdtt060v5 as select * from tdtt060;
create view tdtt060v6 as select * from tdtt060_1;
-- Perform select on it
select * from tdtt060v;
select * from tdtt060v1;
select * from tdtt060v2;
select * from tdtt060v3;
select * from tdtt060v4;
select * from tdtt060v5;
select * from tdtt060v6;
-- create function definition with date/time types as parameters and return types
create function tdtt060fd(date) returns date as $$samevalue^functions;
create function tdtt060ft(time) returns time as $$samevalue^functions;
create function tdtt060fts(timestamp) returns timestamp as $$samevalue^functions;
create function tdtt060ftstz(timestamp with time zone) returns timestamp with time zone as $$samevalue^functions;
-- Perform select on it
select tdtt060fd(date'2023-01-01');
select tdtt060ft(time'01:01:01');
select tdtt060fts(timestamp'2023-01-01 01:01:01');
select tdtt060ftstz(timestamp with time zone'2023-01-01 01:01:01-05');
select tdtt060ftstz(timestamp with time zone'2023-04-04 01:01:01-04');
-- extract test
-- TODO: Uncomment the following after extract issue with auto-upgrade is fixed
-- CREATE TABLE tdtt060extract (id integer PRIMARY KEY, dob numeric extract date_to_fileman(date'2023-01-01')) global "^tdtt060extract(keys(""id""))";
-- select * from tdtt060extract;
create table tdtt060constraint(id integer primary key, dob date check(dob > date'2023-01-01'));
insert into tdtt060constraint values(1,date'2023-02-01');
insert into tdtt060constraint values(2,date'2023-01-01');
select * from tdtt060constraint;

OCTO> create table tdtt060 (id int primary key, dob date, dot time, dots timestamp, totstz timestamp with time zone) global "^tdtt060" readonly;
CREATE TABLE
OCTO> select * from tdtt060;
id|dob|dot|dots|totstz
1|2023-01-01|01:01:01|2023-01-01 01:01:01|2023-01-01 01:01:01-05
2|2023-01-01|01:01:01|2023-01-01 01:01:01|2023-04-01 01:01:01-04
3|2023-01-01||2023-01-01 01:01:01|2023-01-01 04:01:01-05
(3 rows)
OCTO> create table tdtt060_1 (id int primary key, dob date, dot time, dots timestamp, totstz timestamp with time zone);
CREATE TABLE
OCTO> select * from tdtt060_1;
id|dob|dot|dots|totstz
(0 rows)
OCTO> insert into tdtt060_1 values(1,date'2023-01-01', time'01:01:01',timestamp'2023-01-01 01:01:01', timestamp with time zone'2023-01-01 01:01:01-05');
INSERT 0 1
OCTO> insert into tdtt060_1 values(2,date'2023-04-04', time'01:01:01',timestamp'2023-04-04 01:01:01', timestamp with time zone'2023-01-04 01:01:01-04');
INSERT 0 1
OCTO> select * from tdtt060_1;
id|dob|dot|dots|totstz
1|2023-01-01|01:01:01|2023-01-01 01:01:01|2023-01-01 01:01:01-05
2|2023-04-04|01:01:01|2023-04-04 01:01:01|2023-01-04 00:01:01-05
(2 rows)
OCTO> create view tdtt060v as select date'2023-01-01';
CREATE VIEW
OCTO> create view tdtt060v1 as select time'01:01:01';
CREATE VIEW
OCTO> create view tdtt060v2 as select timestamp'2023-01-01 01:01:01';
CREATE VIEW
OCTO> create view tdtt060v3 as select timestamp with time zone'2023-01-01 01:01:01-05';
CREATE VIEW
OCTO> create view tdtt060v4 as select timestamp with time zone'2023-04-01 01:01:01-04';
CREATE VIEW
OCTO> create view tdtt060v5 as select * from tdtt060;
CREATE VIEW
OCTO> create view tdtt060v6 as select * from tdtt060_1;
CREATE VIEW
OCTO> select * from tdtt060v;
???
2023-01-01
(1 row)
OCTO> select * from tdtt060v1;
???
01:01:01
(1 row)
OCTO> select * from tdtt060v2;
???
2023-01-01 01:01:01
(1 row)
OCTO> select * from tdtt060v3;
???
2023-01-01 01:01:01-05
(1 row)
OCTO> select * from tdtt060v4;
???
2023-04-01 01:01:01-04
(1 row)
OCTO> select * from tdtt060v5;
id|dob|dot|dots|totstz
1|2023-01-01|01:01:01|2023-01-01 01:01:01|2023-01-01 01:01:01-05
2|2023-01-01|01:01:01|2023-01-01 01:01:01|2023-04-01 01:01:01-04
3|2023-01-01||2023-01-01 01:01:01|2023-01-01 04:01:01-05
(3 rows)
OCTO> select * from tdtt060v6;
id|dob|dot|dots|totstz
1|2023-01-01|01:01:01|2023-01-01 01:01:01|2023-01-01 01:01:01-05
2|2023-04-04|01:01:01|2023-04-04 01:01:01|2023-01-04 00:01:01-05
(2 rows)
OCTO> create function tdtt060fd(date) returns date as $$samevalue^functions;
CREATE FUNCTION
OCTO> create function tdtt060ft(time) returns time as $$samevalue^functions;
CREATE FUNCTION
OCTO> create function tdtt060fts(timestamp) returns timestamp as $$samevalue^functions;
CREATE FUNCTION
OCTO> create function tdtt060ftstz(timestamp with time zone) returns timestamp with time zone as $$samevalue^functions;
CREATE FUNCTION
OCTO> select tdtt060fd(date'2023-01-01');
tdtt060fd
2023-01-01
(1 row)
OCTO> select tdtt060ft(time'01:01:01');
tdtt060ft
01:01:01
(1 row)
OCTO> select tdtt060fts(timestamp'2023-01-01 01:01:01');
tdtt060fts
2023-01-01 01:01:01
(1 row)
OCTO> select tdtt060ftstz(timestamp with time zone'2023-01-01 01:01:01-05');
tdtt060ftstz
2023-01-01 01:01:01-05
(1 row)
OCTO> select tdtt060ftstz(timestamp with time zone'2023-04-04 01:01:01-04');
tdtt060ftstz
2023-04-04 01:01:01-04
(1 row)
OCTO> create table tdtt060constraint(id integer primary key, dob date check(dob > date'2023-01-01'));
CREATE TABLE
OCTO> insert into tdtt060constraint values(1,date'2023-02-01');
INSERT 0 1
OCTO> insert into tdtt060constraint values(2,date'2023-01-01');
[ERROR]: ERR_CHECK_CONSTRAINT_VIOLATION: New row for table tdtt060constraint violates CHECK constraint tdtt060constraint_dob_check : Failing row contains (2, 2023-01-01)
OCTO> select * from tdtt060constraint;
id|dob
1|2023-02-01
(1 row)
OCTO> 

select * from tdtt060;
select * from tdtt060_1;
select * from tdtt060_1;
select * from tdtt060v;
select * from tdtt060v1;
select * from tdtt060v2;
select * from tdtt060v3;
select * from tdtt060v4;
select * from tdtt060v5;
select * from tdtt060v6;
select tdtt060fd(date'2023-01-01');
select tdtt060ft(time'01:01:01');
select tdtt060fts(timestamp'2023-01-01 01:01:01');
select tdtt060ftstz(timestamp with time zone'2023-01-01 01:01:01-05');
select tdtt060ftstz(timestamp with time zone'2023-04-04 01:01:01-04');
-- select * from tdtt060extract;
insert into tdtt060constraint values(2,date'2023-01-01');
select * from tdtt060constraint;
OCTO> select * from tdtt060;
id|dob|dot|dots|totstz
1|2023-01-01|01:01:01|2023-01-01 01:01:01|2023-01-01 01:01:01-05
2|2023-01-01|01:01:01|2023-01-01 01:01:01|2023-04-01 01:01:01-04
3|2023-01-01||2023-01-01 01:01:01|2023-01-01 04:01:01-05
(3 rows)
OCTO> select * from tdtt060_1;
id|dob|dot|dots|totstz
1|2023-01-01|01:01:01|2023-01-01 01:01:01|2023-01-01 01:01:01-05
2|2023-04-04|01:01:01|2023-04-04 01:01:01|2023-01-04 00:01:01-05
(2 rows)
OCTO> select * from tdtt060_1;
id|dob|dot|dots|totstz
1|2023-01-01|01:01:01|2023-01-01 01:01:01|2023-01-01 01:01:01-05
2|2023-04-04|01:01:01|2023-04-04 01:01:01|2023-01-04 00:01:01-05
(2 rows)
OCTO> select * from tdtt060v;
???
2023-01-01
(1 row)
OCTO> select * from tdtt060v1;
???
01:01:01
(1 row)
OCTO> select * from tdtt060v2;
???
2023-01-01 01:01:01
(1 row)
OCTO> select * from tdtt060v3;
???
2023-01-01 01:01:01-05
(1 row)
OCTO> select * from tdtt060v4;
???
2023-04-01 01:01:01-04
(1 row)
OCTO> select * from tdtt060v5;
id|dob|dot|dots|totstz
1|2023-01-01|01:01:01|2023-01-01 01:01:01|2023-01-01 01:01:01-05
2|2023-01-01|01:01:01|2023-01-01 01:01:01|2023-04-01 01:01:01-04
3|2023-01-01||2023-01-01 01:01:01|2023-01-01 04:01:01-05
(3 rows)
OCTO> select * from tdtt060v6;
id|dob|dot|dots|totstz
1|2023-01-01|01:01:01|2023-01-01 01:01:01|2023-01-01 01:01:01-05
2|2023-04-04|01:01:01|2023-04-04 01:01:01|2023-01-04 00:01:01-05
(2 rows)
OCTO> select tdtt060fd(date'2023-01-01');
tdtt060fd
2023-01-01
(1 row)
OCTO> select tdtt060ft(time'01:01:01');
tdtt060ft
01:01:01
(1 row)
OCTO> select tdtt060fts(timestamp'2023-01-01 01:01:01');
tdtt060fts
2023-01-01 01:01:01
(1 row)
OCTO> select tdtt060ftstz(timestamp with time zone'2023-01-01 01:01:01-05');
tdtt060ftstz
2023-01-01 01:01:01-05
(1 row)
OCTO> select tdtt060ftstz(timestamp with time zone'2023-04-04 01:01:01-04');
tdtt060ftstz
2023-04-04 01:01:01-04
(1 row)
OCTO> insert into tdtt060constraint values(2,date'2023-01-01');
[ERROR]: ERR_CHECK_CONSTRAINT_VIOLATION: New row for table tdtt060constraint violates CHECK constraint tdtt060constraint_dob_check : Failing row contains (2, 2023-01-01)
OCTO> select * from tdtt060constraint;
id|dob
1|2023-02-01
(1 row)
OCTO> 
Diff between before and after upgrade
7c7,9
< (0 rows)
---
> 1|2023-01-01|01:01:01|2023-01-01 01:01:01|2023-01-01 01:01:01-05
> 2|2023-04-04|01:01:01|2023-04-04 01:01:01|2023-01-04 00:01:01-05
> (2 rows)
