
-- type:date format:
drop table if exists test;
create table test (id integer, dob date );
\d test;
insert into test values(1,date'2023-01-01');
insert into test values(2,date'2023-01-02');
select * from test;

-- type:date format:fileman
drop table if exists test;
create table test (id integer, dob date(fileman));
\d test;
insert into test values(1,date'2023-01-01');
insert into test values(2,date'2023-01-02');
select * from test;

-- type:date format:horolog
drop table if exists test;
create table test (id integer, dob date(horolog));
\d test;
insert into test values(1,date'2023-01-01');
insert into test values(2,date'2023-01-02');
select * from test;

-- type:date format:zhorolog
drop table if exists test;
create table test (id integer, dob date(zhorolog));
\d test;
insert into test values(1,date'2023-01-01');
insert into test values(2,date'2023-01-02');
select * from test;

-- type:date format:zut
drop table if exists test;
create table test (id integer, dob date(zut));
\d test;
insert into test values(1,date'2023-01-01');
insert into test values(2,date'2023-01-02');
select * from test;


-- type:time format:
drop table if exists test;
create table test (id integer, dob time );
\d test;
insert into test values(1,time'01:01:01');
insert into test values(2,time'01:02:01');
select * from test;

-- type:time format:fileman
drop table if exists test;
create table test (id integer, dob time(fileman));
\d test;
insert into test values(1,time'01:01:01');
insert into test values(2,time'01:02:01');
select * from test;

-- type:time format:horolog
drop table if exists test;
create table test (id integer, dob time(horolog));
\d test;
insert into test values(1,time'01:01:01');
insert into test values(2,time'01:02:01');
select * from test;

-- type:time format:zhorolog
drop table if exists test;
create table test (id integer, dob time(zhorolog));
\d test;
insert into test values(1,time'01:01:01');
insert into test values(2,time'01:02:01');
select * from test;

-- type:time format:zut
drop table if exists test;
create table test (id integer, dob time(zut));
\d test;
insert into test values(1,time'01:01:01');
insert into test values(2,time'01:02:01');
select * from test;

-- type:timestamp format:
drop table if exists test;
create table test (id integer, dob timestamp );
\d test;
insert into test values(1,timestamp'2023-01-01 01:01:01');
insert into test values(2,timestamp'2023-01-02 01:01:01');
select * from test;

-- type:timestamp format:fileman
drop table if exists test;
create table test (id integer, dob timestamp(fileman));
\d test;
insert into test values(1,timestamp'2023-01-01 01:01:01');
insert into test values(2,timestamp'2023-01-02 01:01:01');
select * from test;

-- type:timestamp format:horolog
drop table if exists test;
create table test (id integer, dob timestamp(horolog));
\d test;
insert into test values(1,timestamp'2023-01-01 01:01:01');
insert into test values(2,timestamp'2023-01-02 01:01:01');
select * from test;

-- type:timestamp format:zhorolog
drop table if exists test;
create table test (id integer, dob timestamp(zhorolog));
\d test;
insert into test values(1,timestamp'2023-01-01 01:01:01');
insert into test values(2,timestamp'2023-01-02 01:01:01');
select * from test;

-- type:timestamp format:zut
drop table if exists test;
create table test (id integer, dob timestamp(zut));
\d test;
insert into test values(1,timestamp'2023-01-01 01:01:01');
insert into test values(2,timestamp'2023-01-02 01:01:01');
select * from test;


-- type:timestamp with time zone format:
drop table if exists test;
create table test (id integer, dob timestamp with time zone );
\d test;
insert into test values(1,timestamp with time zone'2023-01-01 01:01:01-05:00');
insert into test values(2,timestamp with time zone'2023-01-02 01:01:01-05:00');
select * from test;

-- type:timestamp with time zone format:fileman
drop table if exists test;
create table test (id integer, dob timestamp(fileman) with time zone);
\d test;
insert into test values(1,timestamp with time zone'2023-01-01 01:01:01-05:00');
insert into test values(2,timestamp with time zone'2023-01-02 01:01:01-05:00');
select * from test;

-- type:timestamp with time zone format:horolog
drop table if exists test;
create table test (id integer, dob timestamp(horolog) with time zone);
\d test;
insert into test values(1,timestamp with time zone'2023-01-01 01:01:01-05:00');
insert into test values(2,timestamp with time zone'2023-01-02 01:01:01-05:00');
select * from test;

-- type:timestamp with time zone format:zhorolog
drop table if exists test;
create table test (id integer, dob timestamp(zhorolog) with time zone);
\d test;
insert into test values(1,timestamp with time zone'2023-01-01 01:01:01-05:00');
insert into test values(2,timestamp with time zone'2023-01-02 01:01:01-05:00');
select * from test;

-- type:timestamp with time zone format:zut
drop table if exists test;
create table test (id integer, dob timestamp(zut) with time zone);
\d test;
insert into test values(1,timestamp with time zone'2023-01-01 01:01:01-05:00');
insert into test values(2,timestamp with time zone'2023-01-02 01:01:01-05:00');
select * from test;


OCTO> drop table if exists test;
DROP TABLE
OCTO> create table test (id integer, dob date );
CREATE TABLE
OCTO> \d test;
Table "test" stored in Global: ^%ydboctoD5wMIlvjjFxqqShZd97oEED : Type = READWRITE
Column|Type|Collation|Nullable|Default
id|INTEGER|||
dob|DATE|||
OCTO> insert into test values(1,date'2023-01-01');
INSERT 0 1
OCTO> insert into test values(2,date'2023-01-02');
INSERT 0 1
OCTO> select * from test;
id|dob
1|2023-01-01
2|2023-01-02
(2 rows)
OCTO> drop table if exists test;
DROP TABLE
OCTO> create table test (id integer, dob date(fileman));
CREATE TABLE
OCTO> \d test;
Table "test" stored in Global: ^%ydboctoD5wMIlvjjFxqqShZd97oEED : Type = READWRITE
Column|Type|Collation|Nullable|Default
id|INTEGER|||
dob|DATE(FILEMAN)|||
OCTO> insert into test values(1,date'2023-01-01');
INSERT 0 1
OCTO> insert into test values(2,date'2023-01-02');
INSERT 0 1
OCTO> select * from test;
id|dob
1|2023-01-01
2|2023-01-02
(2 rows)
OCTO> drop table if exists test;
DROP TABLE
OCTO> create table test (id integer, dob date(horolog));
CREATE TABLE
OCTO> \d test;
Table "test" stored in Global: ^%ydboctoD5wMIlvjjFxqqShZd97oEED : Type = READWRITE
Column|Type|Collation|Nullable|Default
id|INTEGER|||
dob|DATE(HOROLOG)|||
OCTO> insert into test values(1,date'2023-01-01');
INSERT 0 1
OCTO> insert into test values(2,date'2023-01-02');
INSERT 0 1
OCTO> select * from test;
id|dob
1|2023-01-01
2|2023-01-02
(2 rows)
OCTO> drop table if exists test;
DROP TABLE
OCTO> create table test (id integer, dob date(zhorolog));
CREATE TABLE
OCTO> \d test;
Table "test" stored in Global: ^%ydboctoD5wMIlvjjFxqqShZd97oEED : Type = READWRITE
Column|Type|Collation|Nullable|Default
id|INTEGER|||
dob|DATE(ZHOROLOG)|||
OCTO> insert into test values(1,date'2023-01-01');
INSERT 0 1
OCTO> insert into test values(2,date'2023-01-02');
INSERT 0 1
OCTO> select * from test;
id|dob
1|2023-01-01
2|2023-01-02
(2 rows)
OCTO> drop table if exists test;
DROP TABLE
OCTO> create table test (id integer, dob date(zut));
CREATE TABLE
OCTO> \d test;
Table "test" stored in Global: ^%ydboctoD5wMIlvjjFxqqShZd97oEED : Type = READWRITE
Column|Type|Collation|Nullable|Default
id|INTEGER|||
dob|DATE(ZUT)|||
OCTO> insert into test values(1,date'2023-01-01');
INSERT 0 1
OCTO> insert into test values(2,date'2023-01-02');
INSERT 0 1
OCTO> select * from test;
id|dob
1|2023-01-01
2|2023-01-02
(2 rows)
OCTO> drop table if exists test;
DROP TABLE
OCTO> create table test (id integer, dob time );
CREATE TABLE
OCTO> \d test;
Table "test" stored in Global: ^%ydboctoD5wMIlvjjFxqqShZd97oEED : Type = READWRITE
Column|Type|Collation|Nullable|Default
id|INTEGER|||
dob|TIME|||
OCTO> insert into test values(1,time'01:01:01');
INSERT 0 1
OCTO> insert into test values(2,time'01:02:01');
INSERT 0 1
OCTO> select * from test;
id|dob
1|01:01:01
2|01:02:01
(2 rows)
OCTO> drop table if exists test;
DROP TABLE
[ERROR]: ERR_INVALID_DATE_TIME_TYPE_FORMAT: The given type and format is invalid
LINE 46:1: create table test (id integer, dob time(fileman));
                                              ^^^^^^^^^^^^^
OCTO> create table test (id integer, dob time(fileman));
OCTO> \d test;
[ERROR]: ERR_UNKNOWN_TABLE: Unknown table: test
[ERROR]: ERR_UNKNOWN_TABLE: Unknown table: test
LINE 48:1: insert into test values(1,time'01:01:01');
                       ^^^^
OCTO> insert into test values(1,time'01:01:01');
[ERROR]: ERR_UNKNOWN_TABLE: Unknown table: test
LINE 49:1: insert into test values(2,time'01:02:01');
                       ^^^^
OCTO> insert into test values(2,time'01:02:01');
[ERROR]: ERR_UNKNOWN_TABLE: Unknown table: test
LINE 50:1: select * from test;
                         ^^^^
OCTO> select * from test;
OCTO> drop table if exists test;
DROP TABLE
OCTO> create table test (id integer, dob time(horolog));
CREATE TABLE
OCTO> \d test;
Table "test" stored in Global: ^%ydboctoD5wMIlvjjFxqqShZd97oEED : Type = READWRITE
Column|Type|Collation|Nullable|Default
id|INTEGER|||
dob|TIME(HOROLOG)|||
OCTO> insert into test values(1,time'01:01:01');
INSERT 0 1
OCTO> insert into test values(2,time'01:02:01');
INSERT 0 1
OCTO> select * from test;
id|dob
1|01:01:01
2|01:02:01
(2 rows)
OCTO> drop table if exists test;
DROP TABLE
OCTO> create table test (id integer, dob time(zhorolog));
CREATE TABLE
OCTO> \d test;
Table "test" stored in Global: ^%ydboctoD5wMIlvjjFxqqShZd97oEED : Type = READWRITE
Column|Type|Collation|Nullable|Default
id|INTEGER|||
dob|TIME(ZHOROLOG)|||
OCTO> insert into test values(1,time'01:01:01');
INSERT 0 1
OCTO> insert into test values(2,time'01:02:01');
INSERT 0 1
OCTO> select * from test;
id|dob
1|01:01:01
2|01:02:01
(2 rows)
OCTO> drop table if exists test;
DROP TABLE
[ERROR]: ERR_INVALID_DATE_TIME_TYPE_FORMAT: The given type and format is invalid
LINE 67:1: create table test (id integer, dob time(zut));
                                              ^^^^^^^^^
OCTO> create table test (id integer, dob time(zut));
OCTO> \d test;
[ERROR]: ERR_UNKNOWN_TABLE: Unknown table: test
[ERROR]: ERR_UNKNOWN_TABLE: Unknown table: test
LINE 69:1: insert into test values(1,time'01:01:01');
                       ^^^^
OCTO> insert into test values(1,time'01:01:01');
[ERROR]: ERR_UNKNOWN_TABLE: Unknown table: test
LINE 70:1: insert into test values(2,time'01:02:01');
                       ^^^^
OCTO> insert into test values(2,time'01:02:01');
[ERROR]: ERR_UNKNOWN_TABLE: Unknown table: test
LINE 71:1: select * from test;
                         ^^^^
OCTO> select * from test;
OCTO> drop table if exists test;
DROP TABLE
OCTO> create table test (id integer, dob timestamp );
CREATE TABLE
OCTO> \d test;
Table "test" stored in Global: ^%ydboctoD5wMIlvjjFxqqShZd97oEED : Type = READWRITE
Column|Type|Collation|Nullable|Default
id|INTEGER|||
dob|TIMESTAMP|||
OCTO> insert into test values(1,timestamp'2023-01-01 01:01:01');
INSERT 0 1
OCTO> insert into test values(2,timestamp'2023-01-02 01:01:01');
INSERT 0 1
OCTO> select * from test;
id|dob
1|2023-01-01 01:01:01
2|2023-01-02 01:01:01
(2 rows)
OCTO> drop table if exists test;
DROP TABLE
OCTO> create table test (id integer, dob timestamp(fileman));
CREATE TABLE
OCTO> \d test;
Table "test" stored in Global: ^%ydboctoD5wMIlvjjFxqqShZd97oEED : Type = READWRITE
Column|Type|Collation|Nullable|Default
id|INTEGER|||
dob|TIMESTAMP(FILEMAN)|||
OCTO> insert into test values(1,timestamp'2023-01-01 01:01:01');
INSERT 0 1
OCTO> insert into test values(2,timestamp'2023-01-02 01:01:01');
INSERT 0 1
OCTO> select * from test;
id|dob
1|2023-01-01 01:01:01
2|2023-01-02 01:01:01
(2 rows)
OCTO> drop table if exists test;
DROP TABLE
OCTO> create table test (id integer, dob timestamp(horolog));
CREATE TABLE
OCTO> \d test;
Table "test" stored in Global: ^%ydboctoD5wMIlvjjFxqqShZd97oEED : Type = READWRITE
Column|Type|Collation|Nullable|Default
id|INTEGER|||
dob|TIMESTAMP(HOROLOG)|||
OCTO> insert into test values(1,timestamp'2023-01-01 01:01:01');
INSERT 0 1
OCTO> insert into test values(2,timestamp'2023-01-02 01:01:01');
INSERT 0 1
OCTO> select * from test;
id|dob
1|2023-01-01 01:01:01
2|2023-01-02 01:01:01
(2 rows)
OCTO> drop table if exists test;
DROP TABLE
OCTO> create table test (id integer, dob timestamp(zhorolog));
CREATE TABLE
OCTO> \d test;
Table "test" stored in Global: ^%ydboctoD5wMIlvjjFxqqShZd97oEED : Type = READWRITE
Column|Type|Collation|Nullable|Default
id|INTEGER|||
dob|TIMESTAMP(ZHOROLOG)|||
OCTO> insert into test values(1,timestamp'2023-01-01 01:01:01');
INSERT 0 1
OCTO> insert into test values(2,timestamp'2023-01-02 01:01:01');
INSERT 0 1
OCTO> select * from test;
id|dob
1|2023-01-01 01:01:01
2|2023-01-02 01:01:01
(2 rows)
OCTO> drop table if exists test;
DROP TABLE
OCTO> create table test (id integer, dob timestamp(zut));
CREATE TABLE
OCTO> \d test;
Table "test" stored in Global: ^%ydboctoD5wMIlvjjFxqqShZd97oEED : Type = READWRITE
Column|Type|Collation|Nullable|Default
id|INTEGER|||
dob|TIMESTAMP(ZUT)|||
OCTO> insert into test values(1,timestamp'2023-01-01 01:01:01');
INSERT 0 1
OCTO> insert into test values(2,timestamp'2023-01-02 01:01:01');
INSERT 0 1
OCTO> select * from test;
id|dob
1|2023-01-01 01:01:01
2|2023-01-02 01:01:01
(2 rows)
OCTO> drop table if exists test;
DROP TABLE
OCTO> create table test (id integer, dob timestamp with time zone );
CREATE TABLE
OCTO> \d test;
Table "test" stored in Global: ^%ydboctoD5wMIlvjjFxqqShZd97oEED : Type = READWRITE
Column|Type|Collation|Nullable|Default
id|INTEGER|||
dob|TIMESTAMP WITH TIME ZONE|||
OCTO> insert into test values(1,timestamp with time zone'2023-01-01 01:01:01-05:00');
INSERT 0 1
OCTO> insert into test values(2,timestamp with time zone'2023-01-02 01:01:01-05:00');
INSERT 0 1
OCTO> select * from test;
id|dob
1|2023-01-01 01:01:01-05
2|2023-01-02 01:01:01-05
(2 rows)
OCTO> drop table if exists test;
DROP TABLE
OCTO> create table test (id integer, dob timestamp(fileman) with time zone);
CREATE TABLE
OCTO> \d test;
Table "test" stored in Global: ^%ydboctoD5wMIlvjjFxqqShZd97oEED : Type = READWRITE
Column|Type|Collation|Nullable|Default
id|INTEGER|||
dob|TIMESTAMP(FILEMAN) WITH TIME ZONE|||
OCTO> insert into test values(1,timestamp with time zone'2023-01-01 01:01:01-05:00');
INSERT 0 1
OCTO> insert into test values(2,timestamp with time zone'2023-01-02 01:01:01-05:00');
INSERT 0 1
OCTO> select * from test;
id|dob
1|2023-01-01 01:01:01-05
2|2023-01-02 01:01:01-05
(2 rows)
OCTO> drop table if exists test;
DROP TABLE
OCTO> create table test (id integer, dob timestamp(horolog) with time zone);
CREATE TABLE
OCTO> \d test;
Table "test" stored in Global: ^%ydboctoD5wMIlvjjFxqqShZd97oEED : Type = READWRITE
Column|Type|Collation|Nullable|Default
id|INTEGER|||
dob|TIMESTAMP(HOROLOG) WITH TIME ZONE|||
OCTO> insert into test values(1,timestamp with time zone'2023-01-01 01:01:01-05:00');
INSERT 0 1
OCTO> insert into test values(2,timestamp with time zone'2023-01-02 01:01:01-05:00');
INSERT 0 1
OCTO> select * from test;
id|dob
1|2023-01-01 01:01:01-05
2|2023-01-02 01:01:01-05
(2 rows)
OCTO> drop table if exists test;
DROP TABLE
OCTO> create table test (id integer, dob timestamp(zhorolog) with time zone);
CREATE TABLE
OCTO> \d test;
Table "test" stored in Global: ^%ydboctoD5wMIlvjjFxqqShZd97oEED : Type = READWRITE
Column|Type|Collation|Nullable|Default
id|INTEGER|||
dob|TIMESTAMP(ZHOROLOG) WITH TIME ZONE|||
OCTO> insert into test values(1,timestamp with time zone'2023-01-01 01:01:01-05:00');
INSERT 0 1
OCTO> insert into test values(2,timestamp with time zone'2023-01-02 01:01:01-05:00');
INSERT 0 1
OCTO> select * from test;
id|dob
1|2023-01-01 01:01:01-05
2|2023-01-02 01:01:01-05
(2 rows)
OCTO> drop table if exists test;
DROP TABLE
[ERROR]: ERR_INVALID_DATE_TIME_TYPE_FORMAT: The given type and format is invalid
LINE 138:1: ...ate table test (id integer, dob timestamp(zut) with time zone);
                                               ^^^^^^^^^^^^^^^^^^^^^^^^^^^^^
OCTO> create table test (id integer, dob timestamp(zut) with time zone);
OCTO> \d test;
[ERROR]: ERR_UNKNOWN_TABLE: Unknown table: test
[ERROR]: ERR_UNKNOWN_TABLE: Unknown table: test
LINE 140:1: insert into test values(1,timestamp with time zone'2023-01-01 01...
                        ^^^^
OCTO> insert into test values(1,timestamp with time zone'2023-01-01 01:01:01-05:00');
[ERROR]: ERR_UNKNOWN_TABLE: Unknown table: test
LINE 141:1: insert into test values(2,timestamp with time zone'2023-01-02 01...
                        ^^^^
OCTO> insert into test values(2,timestamp with time zone'2023-01-02 01:01:01-05:00');
[ERROR]: ERR_UNKNOWN_TABLE: Unknown table: test
LINE 142:1: select * from test;
                          ^^^^
OCTO> select * from test;
OCTO> 
