OCTO> select date'2023-01-01' IN (date'2023-01-01',date'2023-01-01');
???
t
(1 row)
OCTO> select date'2023-01-01' IN (select date'2023-01-01');
???
t
(1 row)
[ERROR]: ERR_TYPE_MISMATCH: Type mismatch: left TIME, right DATE
LINE 3:1: select date'2023-01-01' IN (time'01:01:00',date'2023-01-01');
                                      ^^^^^^^^^^^^^^
LINE 3:1: select date'2023-01-01' IN (time'01:01:00',date'2023-01-01');
                                                     ^^^^^^^^^^^^^^^^
OCTO> select date'2023-01-01' IN (time'01:01:00',date'2023-01-01');
[ERROR]: ERR_TYPE_MISMATCH: Type mismatch: left DATE, right TIME
LINE 4:1: select date'2023-01-01' IN (select time'01:01:00');
                 ^^^^^^^^^^^^^^^^
LINE 4:1: select date'2023-01-01' IN (select time'01:01:00');
                                      ^^^^^^
OCTO> select date'2023-01-01' IN (select time'01:01:00');
OCTO> select date'2023-01-01' IN (timestamp'2023-01-01 01:01:00',date'2023-01-01');
???
t
(1 row)
OCTO> select date'2023-01-01' IN (select timestamp'2023-01-01 01:01:00');
???
f
(1 row)
OCTO> select date'2023-01-01' IN (timestamp with time zone'2023-01-01 01:01:00-05:00',date'2023-01-01');
???
t
(1 row)
OCTO> select date'2023-01-01' IN (select timestamp with time zone'2023-01-01 01:01:00-05:00');
???
f
(1 row)
OCTO> select date'2023-01-01' IN (n1.dob,date'2023-01-01') from TDTT005date n1;
???
t
(1 row)
OCTO> select date'2023-01-01' IN (select n1.dob) from TDTT005date n1;
???
t
(1 row)
[ERROR]: ERR_TYPE_MISMATCH: Type mismatch: left TIME, right DATE
LINE 11:1: select date'2023-01-01' IN (n1.dob,date'2023-01-01') from TDTT00...
                                       ^^^^^^
LINE 11:1: ...te'2023-01-01' IN (n1.dob,date'2023-01-01') from TDTT005time n1;
                                        ^^^^^^^^^^^^^^^^
OCTO> select date'2023-01-01' IN (n1.dob,date'2023-01-01') from TDTT005time n1;
[ERROR]: ERR_TYPE_MISMATCH: Type mismatch: left DATE, right TIME
LINE 12:1: select date'2023-01-01' IN (select n1.dob) from TDTT005time n1;
                  ^^^^^^^^^^^^^^^^
LINE 12:1: select date'2023-01-01' IN (select n1.dob) from TDTT005time n1;
                                       ^^^^^^
OCTO> select date'2023-01-01' IN (select n1.dob) from TDTT005time n1;
OCTO> select date'2023-01-01' IN (n1.dob,date'2023-01-01') from TDTT005timestamp n1;
???
t
(1 row)
OCTO> select date'2023-01-01' IN (select n1.dob) from TDTT005timestamp n1;
???
f
(1 row)
OCTO> select date'2023-01-01' IN (n1.dob,date'2023-01-01') from TDTT005timestamptz n1;
???
t
(1 row)
OCTO> select date'2023-01-01' IN (select n1.dob) from TDTT005timestamptz n1;
???
f
(1 row)
[ERROR]: ERR_TYPE_MISMATCH: Type mismatch: left INTEGER, right DATE
LINE 17:1: select date'2023-01-01' IN (3,date'2023-01-01');
                                       ^
LINE 17:1: select date'2023-01-01' IN (3,date'2023-01-01');
                                         ^^^^^^^^^^^^^^^^
OCTO> select date'2023-01-01' IN (3,date'2023-01-01');
[ERROR]: ERR_TYPE_MISMATCH: Type mismatch: left DATE, right INTEGER
LINE 18:1: select date'2023-01-01' IN (select 3);
                  ^^^^^^^^^^^^^^^^
LINE 18:1: select date'2023-01-01' IN (select 3);
                                       ^^^^^^
OCTO> select date'2023-01-01' IN (select 3);
OCTO> select date'2023-01-01' IN ('sample string',date'2023-01-01');
[ERROR]: ERR_INVALID_DATE_TIME_VALUE: "sample string" is invalid for type "DATE", format "TEXT" and datestyle "ISO, YMD"
[ERROR]: ERR_TYPE_MISMATCH: Type mismatch: left DATE, right VARCHAR
LINE 20:1: select date'2023-01-01' IN (select 'sample string');
                  ^^^^^^^^^^^^^^^^
LINE 20:1: select date'2023-01-01' IN (select 'sample string');
                                       ^^^^^^
OCTO> select date'2023-01-01' IN (select 'sample string');
[ERROR]: ERR_TYPE_MISMATCH: Type mismatch: left NUMERIC, right DATE
LINE 21:1: select date'2023-01-01' IN (3.3,date'2023-01-01');
                                       ^^^
LINE 21:1: select date'2023-01-01' IN (3.3,date'2023-01-01');
                                           ^^^^^^^^^^^^^^^^
OCTO> select date'2023-01-01' IN (3.3,date'2023-01-01');
[ERROR]: ERR_TYPE_MISMATCH: Type mismatch: left DATE, right NUMERIC
LINE 22:1: select date'2023-01-01' IN (select 3.3);
                  ^^^^^^^^^^^^^^^^
LINE 22:1: select date'2023-01-01' IN (select 3.3);
                                       ^^^^^^
OCTO> select date'2023-01-01' IN (select 3.3);
OCTO> select date'2023-01-01' IN (NULL,date'2023-01-01');
???
t
(1 row)
OCTO> select date'2023-01-01' IN (select NULL);
???

(1 row)
[ERROR]: ERR_TYPE_MISMATCH: Type mismatch: left DATE, right TIME
LINE 25:1: select time'01:01:00' IN (date'2023-01-01',time'01:01:00');
                                     ^^^^^^^^^^^^^^^^
LINE 25:1: select time'01:01:00' IN (date'2023-01-01',time'01:01:00');
                                                      ^^^^^^^^^^^^^^
OCTO> select time'01:01:00' IN (date'2023-01-01',time'01:01:00');
[ERROR]: ERR_TYPE_MISMATCH: Type mismatch: left TIME, right DATE
LINE 26:1: select time'01:01:00' IN (select date'2023-01-01');
                  ^^^^^^^^^^^^^^
LINE 26:1: select time'01:01:00' IN (select date'2023-01-01');
                                     ^^^^^^
OCTO> select time'01:01:00' IN (select date'2023-01-01');
OCTO> select time'01:01:00' IN (time'01:01:00',time'01:01:00');
???
t
(1 row)
OCTO> select time'01:01:00' IN (select time'01:01:00');
???
t
(1 row)
[ERROR]: ERR_TYPE_MISMATCH: Type mismatch: left TIMESTAMP, right TIME
LINE 29:1: ...me'01:01:00' IN (timestamp'2023-01-01 01:01:00',time'01:01:00');
                               ^^^^^^^^^^^^^^^^^^^^^^^^^^^^^^
LINE 29:1: ...me'01:01:00' IN (timestamp'2023-01-01 01:01:00',time'01:01:00');
                                                              ^^^^^^^^^^^^^^
OCTO> select time'01:01:00' IN (timestamp'2023-01-01 01:01:00',time'01:01:00');
[ERROR]: ERR_TYPE_MISMATCH: Type mismatch: left TIME, right TIMESTAMP
LINE 30:1: select time'01:01:00' IN (select timestamp'2023-01-01 01:01:00')...
                  ^^^^^^^^^^^^^^
LINE 30:1: select time'01:01:00' IN (select timestamp'2023-01-01 01:01:00')...
                                     ^^^^^^
OCTO> select time'01:01:00' IN (select timestamp'2023-01-01 01:01:00');
[ERROR]: ERR_TYPE_MISMATCH: Type mismatch: left TIMESTAMP WITH TIME ZONE, right TIME
LINE 31:1: ...' IN (timestamp with time zone'2023-01-01 01:01:00-05:00',time'...
                    ^^^^^^^^^^^^^^^^^^^^^^^^^^^^^^^^^^^^^^^^^^^^^^^^^^^
LINE 31:1: ...stamp with time zone'2023-01-01 01:01:00-05:00',time'01:01:00');
                                                              ^^^^^^^^^^^^^^
OCTO> select time'01:01:00' IN (timestamp with time zone'2023-01-01 01:01:00-05:00',time'01:01:00');
[ERROR]: ERR_TYPE_MISMATCH: Type mismatch: left TIME, right TIMESTAMP WITH TIME ZONE
LINE 32:1: select time'01:01:00' IN (select timestamp with time zone'2023-0...
                  ^^^^^^^^^^^^^^
LINE 32:1: select time'01:01:00' IN (select timestamp with time zone'2023-0...
                                     ^^^^^^
OCTO> select time'01:01:00' IN (select timestamp with time zone'2023-01-01 01:01:00-05:00');
[ERROR]: ERR_TYPE_MISMATCH: Type mismatch: left DATE, right TIME
LINE 33:1: select time'01:01:00' IN (n1.dob,time'01:01:00') from TDTT005dat...
                                     ^^^^^^
LINE 33:1: ...t time'01:01:00' IN (n1.dob,time'01:01:00') from TDTT005date n1;
                                          ^^^^^^^^^^^^^^
OCTO> select time'01:01:00' IN (n1.dob,time'01:01:00') from TDTT005date n1;
[ERROR]: ERR_TYPE_MISMATCH: Type mismatch: left TIME, right DATE
LINE 34:1: select time'01:01:00' IN (select n1.dob) from TDTT005date n1;
                  ^^^^^^^^^^^^^^
LINE 34:1: select time'01:01:00' IN (select n1.dob) from TDTT005date n1;
                                     ^^^^^^
OCTO> select time'01:01:00' IN (select n1.dob) from TDTT005date n1;
OCTO> select time'01:01:00' IN (n1.dob,time'01:01:00') from TDTT005time n1;
???
t
(1 row)
OCTO> select time'01:01:00' IN (select n1.dob) from TDTT005time n1;
???
f
(1 row)
[ERROR]: ERR_TYPE_MISMATCH: Type mismatch: left TIMESTAMP, right TIME
LINE 37:1: select time'01:01:00' IN (n1.dob,time'01:01:00') from TDTT005tim...
                                     ^^^^^^
LINE 37:1: ...ime'01:01:00' IN (n1.dob,time'01:01:00') from TDTT005timestamp n...
                                       ^^^^^^^^^^^^^^
OCTO> select time'01:01:00' IN (n1.dob,time'01:01:00') from TDTT005timestamp n1;
[ERROR]: ERR_TYPE_MISMATCH: Type mismatch: left TIME, right TIMESTAMP
LINE 38:1: select time'01:01:00' IN (select n1.dob) from TDTT005timestamp n...
                  ^^^^^^^^^^^^^^
LINE 38:1: select time'01:01:00' IN (select n1.dob) from TDTT005timestamp n...
                                     ^^^^^^
OCTO> select time'01:01:00' IN (select n1.dob) from TDTT005timestamp n1;
[ERROR]: ERR_TYPE_MISMATCH: Type mismatch: left TIMESTAMP WITH TIME ZONE, right TIME
LINE 39:1: select time'01:01:00' IN (n1.dob,time'01:01:00') from TDTT005tim...
                                     ^^^^^^
LINE 39:1: ...ime'01:01:00' IN (n1.dob,time'01:01:00') from TDTT005timestamptz...
                                       ^^^^^^^^^^^^^^
OCTO> select time'01:01:00' IN (n1.dob,time'01:01:00') from TDTT005timestamptz n1;
[ERROR]: ERR_TYPE_MISMATCH: Type mismatch: left TIME, right TIMESTAMP WITH TIME ZONE
LINE 40:1: select time'01:01:00' IN (select n1.dob) from TDTT005timestamptz...
                  ^^^^^^^^^^^^^^
LINE 40:1: select time'01:01:00' IN (select n1.dob) from TDTT005timestamptz...
                                     ^^^^^^
OCTO> select time'01:01:00' IN (select n1.dob) from TDTT005timestamptz n1;
[ERROR]: ERR_TYPE_MISMATCH: Type mismatch: left INTEGER, right TIME
LINE 41:1: select time'01:01:00' IN (3,time'01:01:00');
                                     ^
LINE 41:1: select time'01:01:00' IN (3,time'01:01:00');
                                       ^^^^^^^^^^^^^^
OCTO> select time'01:01:00' IN (3,time'01:01:00');
[ERROR]: ERR_TYPE_MISMATCH: Type mismatch: left TIME, right INTEGER
LINE 42:1: select time'01:01:00' IN (select 3);
                  ^^^^^^^^^^^^^^
LINE 42:1: select time'01:01:00' IN (select 3);
                                     ^^^^^^
OCTO> select time'01:01:00' IN (select 3);
OCTO> select time'01:01:00' IN ('sample string',time'01:01:00');
[ERROR]: ERR_INVALID_DATE_TIME_VALUE: "sample string" is invalid for type "TIME", format "TEXT" and datestyle "ISO, YMD"
[ERROR]: ERR_TYPE_MISMATCH: Type mismatch: left TIME, right VARCHAR
LINE 44:1: select time'01:01:00' IN (select 'sample string');
                  ^^^^^^^^^^^^^^
LINE 44:1: select time'01:01:00' IN (select 'sample string');
                                     ^^^^^^
OCTO> select time'01:01:00' IN (select 'sample string');
[ERROR]: ERR_TYPE_MISMATCH: Type mismatch: left NUMERIC, right TIME
LINE 45:1: select time'01:01:00' IN (3.3,time'01:01:00');
                                     ^^^
LINE 45:1: select time'01:01:00' IN (3.3,time'01:01:00');
                                         ^^^^^^^^^^^^^^
OCTO> select time'01:01:00' IN (3.3,time'01:01:00');
[ERROR]: ERR_TYPE_MISMATCH: Type mismatch: left TIME, right NUMERIC
LINE 46:1: select time'01:01:00' IN (select 3.3);
                  ^^^^^^^^^^^^^^
LINE 46:1: select time'01:01:00' IN (select 3.3);
                                     ^^^^^^
OCTO> select time'01:01:00' IN (select 3.3);
OCTO> select time'01:01:00' IN (NULL,time'01:01:00');
???
t
(1 row)
OCTO> select time'01:01:00' IN (select NULL);
???

(1 row)
OCTO> select timestamp'2023-01-01 01:01:00' IN (date'2023-01-01',timestamp'2023-01-01 01:01:00');
???
t
(1 row)
OCTO> select timestamp'2023-01-01 01:01:00' IN (select date'2023-01-01');
???
f
(1 row)
[ERROR]: ERR_TYPE_MISMATCH: Type mismatch: left TIME, right TIMESTAMP
LINE 51:1: ...2023-01-01 01:01:00' IN (time'01:01:00',timestamp'2023-01-01 01:...
                                       ^^^^^^^^^^^^^^
LINE 51:1: ...01 01:01:00' IN (time'01:01:00',timestamp'2023-01-01 01:01:00');
                                              ^^^^^^^^^^^^^^^^^^^^^^^^^^^^^^
OCTO> select timestamp'2023-01-01 01:01:00' IN (time'01:01:00',timestamp'2023-01-01 01:01:00');
[ERROR]: ERR_TYPE_MISMATCH: Type mismatch: left TIMESTAMP, right TIME
LINE 52:1: select timestamp'2023-01-01 01:01:00' IN (select time'01:01:00')...
                  ^^^^^^^^^^^^^^^^^^^^^^^^^^^^^^
LINE 52:1: ...elect timestamp'2023-01-01 01:01:00' IN (select time'01:01:00');
                                                       ^^^^^^
OCTO> select timestamp'2023-01-01 01:01:00' IN (select time'01:01:00');
OCTO> select timestamp'2023-01-01 01:01:00' IN (timestamp'2023-01-01 01:01:00',timestamp'2023-01-01 01:01:00');
???
t
(1 row)
OCTO> select timestamp'2023-01-01 01:01:00' IN (select timestamp'2023-01-01 01:01:00');
???
t
(1 row)
OCTO> select timestamp'2023-01-01 01:01:00' IN (timestamp with time zone'2023-01-01 01:01:00-05:00',timestamp'2023-01-01 01:01:00');
???
f
(1 row)
OCTO> select timestamp'2023-01-01 01:01:00' IN (select timestamp with time zone'2023-01-01 01:01:00-05:00');
???
t
(1 row)
OCTO> select timestamp'2023-01-01 01:01:00' IN (n1.dob,timestamp'2023-01-01 01:01:00') from TDTT005date n1;
???
t
(1 row)
OCTO> select timestamp'2023-01-01 01:01:00' IN (select n1.dob) from TDTT005date n1;
???
f
(1 row)
[ERROR]: ERR_TYPE_MISMATCH: Type mismatch: left TIME, right TIMESTAMP
LINE 59:1: ...amp'2023-01-01 01:01:00' IN (n1.dob,timestamp'2023-01-01 01:01:0...
                                           ^^^^^^
LINE 59:1: ...1:00' IN (n1.dob,timestamp'2023-01-01 01:01:00') from TDTT005tim...
                               ^^^^^^^^^^^^^^^^^^^^^^^^^^^^^^
OCTO> select timestamp'2023-01-01 01:01:00' IN (n1.dob,timestamp'2023-01-01 01:01:00') from TDTT005time n1;
[ERROR]: ERR_TYPE_MISMATCH: Type mismatch: left TIMESTAMP, right TIME
LINE 60:1: select timestamp'2023-01-01 01:01:00' IN (select n1.dob) from TD...
                  ^^^^^^^^^^^^^^^^^^^^^^^^^^^^^^
LINE 60:1: ...amp'2023-01-01 01:01:00' IN (select n1.dob) from TDTT005time n1;
                                           ^^^^^^
OCTO> select timestamp'2023-01-01 01:01:00' IN (select n1.dob) from TDTT005time n1;
OCTO> select timestamp'2023-01-01 01:01:00' IN (n1.dob,timestamp'2023-01-01 01:01:00') from TDTT005timestamp n1;
???
t
(1 row)
OCTO> select timestamp'2023-01-01 01:01:00' IN (select n1.dob) from TDTT005timestamp n1;
???
f
(1 row)
OCTO> select timestamp'2023-01-01 01:01:00' IN (n1.dob,timestamp'2023-01-01 01:01:00') from TDTT005timestamptz n1;
???
f
(1 row)
OCTO> select timestamp'2023-01-01 01:01:00' IN (select n1.dob) from TDTT005timestamptz n1;
???
f
(1 row)
[ERROR]: ERR_TYPE_MISMATCH: Type mismatch: left INTEGER, right TIMESTAMP
LINE 65:1: ...stamp'2023-01-01 01:01:00' IN (3,timestamp'2023-01-01 01:01:00'...
                                             ^
LINE 65:1: ...tamp'2023-01-01 01:01:00' IN (3,timestamp'2023-01-01 01:01:00');
                                              ^^^^^^^^^^^^^^^^^^^^^^^^^^^^^^
OCTO> select timestamp'2023-01-01 01:01:00' IN (3,timestamp'2023-01-01 01:01:00');
[ERROR]: ERR_TYPE_MISMATCH: Type mismatch: left TIMESTAMP, right INTEGER
LINE 66:1: select timestamp'2023-01-01 01:01:00' IN (select 3);
                  ^^^^^^^^^^^^^^^^^^^^^^^^^^^^^^
LINE 66:1: select timestamp'2023-01-01 01:01:00' IN (select 3);
                                                     ^^^^^^
OCTO> select timestamp'2023-01-01 01:01:00' IN (select 3);
OCTO> select timestamp'2023-01-01 01:01:00' IN ('sample string',timestamp'2023-01-01 01:01:00');
[ERROR]: ERR_INVALID_DATE_TIME_VALUE: "sample string" is invalid for type "TIMESTAMP", format "TEXT" and datestyle "ISO, YMD"
[ERROR]: ERR_TYPE_MISMATCH: Type mismatch: left TIMESTAMP, right VARCHAR
LINE 68:1: select timestamp'2023-01-01 01:01:00' IN (select 'sample string'...
                  ^^^^^^^^^^^^^^^^^^^^^^^^^^^^^^
LINE 68:1: ...lect timestamp'2023-01-01 01:01:00' IN (select 'sample string');
                                                      ^^^^^^
OCTO> select timestamp'2023-01-01 01:01:00' IN (select 'sample string');
[ERROR]: ERR_TYPE_MISMATCH: Type mismatch: left NUMERIC, right TIMESTAMP
LINE 69:1: ...tamp'2023-01-01 01:01:00' IN (3.3,timestamp'2023-01-01 01:01:00...
                                            ^^^
LINE 69:1: ...mp'2023-01-01 01:01:00' IN (3.3,timestamp'2023-01-01 01:01:00');
                                              ^^^^^^^^^^^^^^^^^^^^^^^^^^^^^^
OCTO> select timestamp'2023-01-01 01:01:00' IN (3.3,timestamp'2023-01-01 01:01:00');
[ERROR]: ERR_TYPE_MISMATCH: Type mismatch: left TIMESTAMP, right NUMERIC
LINE 70:1: select timestamp'2023-01-01 01:01:00' IN (select 3.3);
                  ^^^^^^^^^^^^^^^^^^^^^^^^^^^^^^
LINE 70:1: select timestamp'2023-01-01 01:01:00' IN (select 3.3);
                                                     ^^^^^^
OCTO> select timestamp'2023-01-01 01:01:00' IN (select 3.3);
OCTO> select timestamp'2023-01-01 01:01:00' IN (NULL,timestamp'2023-01-01 01:01:00');
???
t
(1 row)
OCTO> select timestamp'2023-01-01 01:01:00' IN (select NULL);
???

(1 row)
OCTO> select timestamp with time zone'2023-01-01 01:01:00-05:00' IN (date'2023-01-01',timestamp with time zone'2023-01-01 01:01:00-05:00');
???
t
(1 row)
OCTO> select timestamp with time zone'2023-01-01 01:01:00-05:00' IN (select date'2023-01-01');
???
f
(1 row)
[ERROR]: ERR_TYPE_MISMATCH: Type mismatch: left TIME, right TIMESTAMP WITH TIME ZONE
LINE 75:1: ...1-01 01:01:00-05:00' IN (time'01:01:00',timestamp with time zone...
                                       ^^^^^^^^^^^^^^
LINE 75:1: ...01:01:00',timestamp with time zone'2023-01-01 01:01:00-05:00');
                        ^^^^^^^^^^^^^^^^^^^^^^^^^^^^^^^^^^^^^^^^^^^^^^^^^^^
OCTO> select timestamp with time zone'2023-01-01 01:01:00-05:00' IN (time'01:01:00',timestamp with time zone'2023-01-01 01:01:00-05:00');
[ERROR]: ERR_TYPE_MISMATCH: Type mismatch: left TIMESTAMP WITH TIME ZONE, right TIME
LINE 76:1: ...elect timestamp with time zone'2023-01-01 01:01:00-05:00' IN (s...
                    ^^^^^^^^^^^^^^^^^^^^^^^^^^^^^^^^^^^^^^^^^^^^^^^^^^^
LINE 76:1: ...time zone'2023-01-01 01:01:00-05:00' IN (select time'01:01:00');
                                                       ^^^^^^
OCTO> select timestamp with time zone'2023-01-01 01:01:00-05:00' IN (select time'01:01:00');
OCTO> select timestamp with time zone'2023-01-01 01:01:00-05:00' IN (timestamp'2023-01-01 01:01:00',timestamp with time zone'2023-01-01 01:01:00-05:00');
???
t
(1 row)
OCTO> select timestamp with time zone'2023-01-01 01:01:00-05:00' IN (select timestamp'2023-01-01 01:01:00');
???
t
(1 row)
OCTO> select timestamp with time zone'2023-01-01 01:01:00-05:00' IN (timestamp with time zone'2023-01-01 01:01:00-05:00',timestamp with time zone'2023-01-01 01:01:00-05:00');
???
t
(1 row)
OCTO> select timestamp with time zone'2023-01-01 01:01:00-05:00' IN (select timestamp with time zone'2023-01-01 01:01:00-05:00');
???
t
(1 row)
OCTO> select timestamp with time zone'2023-01-01 01:01:00-05:00' IN (n1.dob,timestamp with time zone'2023-01-01 01:01:00-05:00') from TDTT005date n1;
???
t
(1 row)
OCTO> select timestamp with time zone'2023-01-01 01:01:00-05:00' IN (select n1.dob) from TDTT005date n1;
???
f
(1 row)
[ERROR]: ERR_TYPE_MISMATCH: Type mismatch: left TIME, right TIMESTAMP WITH TIME ZONE
LINE 83:1: ...23-01-01 01:01:00-05:00' IN (n1.dob,timestamp with time zone'202...
                                           ^^^^^^
LINE 83:1: ...1.dob,timestamp with time zone'2023-01-01 01:01:00-05:00') from...
                    ^^^^^^^^^^^^^^^^^^^^^^^^^^^^^^^^^^^^^^^^^^^^^^^^^^^
OCTO> select timestamp with time zone'2023-01-01 01:01:00-05:00' IN (n1.dob,timestamp with time zone'2023-01-01 01:01:00-05:00') from TDTT005time n1;
[ERROR]: ERR_TYPE_MISMATCH: Type mismatch: left TIMESTAMP WITH TIME ZONE, right TIME
LINE 84:1: ...elect timestamp with time zone'2023-01-01 01:01:00-05:00' IN (s...
                    ^^^^^^^^^^^^^^^^^^^^^^^^^^^^^^^^^^^^^^^^^^^^^^^^^^^
LINE 84:1: ...23-01-01 01:01:00-05:00' IN (select n1.dob) from TDTT005time n1;
                                           ^^^^^^
OCTO> select timestamp with time zone'2023-01-01 01:01:00-05:00' IN (select n1.dob) from TDTT005time n1;
OCTO> select timestamp with time zone'2023-01-01 01:01:00-05:00' IN (n1.dob,timestamp with time zone'2023-01-01 01:01:00-05:00') from TDTT005timestamp n1;
???
t
(1 row)
OCTO> select timestamp with time zone'2023-01-01 01:01:00-05:00' IN (select n1.dob) from TDTT005timestamp n1;
???
f
(1 row)
OCTO> select timestamp with time zone'2023-01-01 01:01:00-05:00' IN (n1.dob,timestamp with time zone'2023-01-01 01:01:00-05:00') from TDTT005timestamptz n1;
???
t
(1 row)
OCTO> select timestamp with time zone'2023-01-01 01:01:00-05:00' IN (select n1.dob) from TDTT005timestamptz n1;
???
f
(1 row)
[ERROR]: ERR_TYPE_MISMATCH: Type mismatch: left INTEGER, right TIMESTAMP WITH TIME ZONE
LINE 89:1: ...2023-01-01 01:01:00-05:00' IN (3,timestamp with time zone'2023-...
                                             ^
LINE 89:1: ...00' IN (3,timestamp with time zone'2023-01-01 01:01:00-05:00');
                        ^^^^^^^^^^^^^^^^^^^^^^^^^^^^^^^^^^^^^^^^^^^^^^^^^^^
OCTO> select timestamp with time zone'2023-01-01 01:01:00-05:00' IN (3,timestamp with time zone'2023-01-01 01:01:00-05:00');
[ERROR]: ERR_TYPE_MISMATCH: Type mismatch: left TIMESTAMP WITH TIME ZONE, right INTEGER
LINE 90:1: ...elect timestamp with time zone'2023-01-01 01:01:00-05:00' IN (s...
                    ^^^^^^^^^^^^^^^^^^^^^^^^^^^^^^^^^^^^^^^^^^^^^^^^^^^
LINE 90:1: ...mestamp with time zone'2023-01-01 01:01:00-05:00' IN (select 3);
                                                                    ^^^^^^
OCTO> select timestamp with time zone'2023-01-01 01:01:00-05:00' IN (select 3);
OCTO> select timestamp with time zone'2023-01-01 01:01:00-05:00' IN ('sample string',timestamp with time zone'2023-01-01 01:01:00-05:00');
[ERROR]: ERR_INVALID_DATE_TIME_VALUE: "sample string" is invalid for type "TIMESTAMP WITH TIME ZONE", format "TEXT" and datestyle "ISO, YMD"
[ERROR]: ERR_TYPE_MISMATCH: Type mismatch: left TIMESTAMP WITH TIME ZONE, right VARCHAR
LINE 92:1: ...elect timestamp with time zone'2023-01-01 01:01:00-05:00' IN (s...
                    ^^^^^^^^^^^^^^^^^^^^^^^^^^^^^^^^^^^^^^^^^^^^^^^^^^^
LINE 92:1: ...ime zone'2023-01-01 01:01:00-05:00' IN (select 'sample string');
                                                      ^^^^^^
OCTO> select timestamp with time zone'2023-01-01 01:01:00-05:00' IN (select 'sample string');
[ERROR]: ERR_TYPE_MISMATCH: Type mismatch: left NUMERIC, right TIMESTAMP WITH TIME ZONE
LINE 93:1: ...023-01-01 01:01:00-05:00' IN (3.3,timestamp with time zone'2023...
                                            ^^^
LINE 93:1: ...' IN (3.3,timestamp with time zone'2023-01-01 01:01:00-05:00');
                        ^^^^^^^^^^^^^^^^^^^^^^^^^^^^^^^^^^^^^^^^^^^^^^^^^^^
OCTO> select timestamp with time zone'2023-01-01 01:01:00-05:00' IN (3.3,timestamp with time zone'2023-01-01 01:01:00-05:00');
[ERROR]: ERR_TYPE_MISMATCH: Type mismatch: left TIMESTAMP WITH TIME ZONE, right NUMERIC
LINE 94:1: ...elect timestamp with time zone'2023-01-01 01:01:00-05:00' IN (s...
                    ^^^^^^^^^^^^^^^^^^^^^^^^^^^^^^^^^^^^^^^^^^^^^^^^^^^
LINE 94:1: ...stamp with time zone'2023-01-01 01:01:00-05:00' IN (select 3.3);
                                                                  ^^^^^^
OCTO> select timestamp with time zone'2023-01-01 01:01:00-05:00' IN (select 3.3);
OCTO> select timestamp with time zone'2023-01-01 01:01:00-05:00' IN (NULL,timestamp with time zone'2023-01-01 01:01:00-05:00');
???
t
(1 row)
OCTO> select timestamp with time zone'2023-01-01 01:01:00-05:00' IN (select NULL);
???

(1 row)
OCTO> select n1.dob IN (date'2023-01-01',n1.dob) from TDTT005date n1;
???
t
(1 row)
OCTO> select n1.dob IN (select date'2023-01-01') from TDTT005date n1;
???
t
(1 row)
[ERROR]: ERR_TYPE_MISMATCH: Type mismatch: left TIME, right DATE
LINE 99:1: select n1.dob IN (time'01:01:00',n1.dob) from TDTT005date n1;
                             ^^^^^^^^^^^^^^
LINE 99:1: select n1.dob IN (time'01:01:00',n1.dob) from TDTT005date n1;
                                            ^^^^^^
OCTO> select n1.dob IN (time'01:01:00',n1.dob) from TDTT005date n1;
[ERROR]: ERR_TYPE_MISMATCH: Type mismatch: left DATE, right TIME
LINE 100:1: select n1.dob IN (select time'01:01:00') from TDTT005date n1;
                   ^^^^^^
LINE 100:1: select n1.dob IN (select time'01:01:00') from TDTT005date n1;
                              ^^^^^^
OCTO> select n1.dob IN (select time'01:01:00') from TDTT005date n1;
OCTO> select n1.dob IN (timestamp'2023-01-01 01:01:00',n1.dob) from TDTT005date n1;
???
t
(1 row)
OCTO> select n1.dob IN (select timestamp'2023-01-01 01:01:00') from TDTT005date n1;
???
f
(1 row)
OCTO> select n1.dob IN (timestamp with time zone'2023-01-01 01:01:00-05:00',n1.dob) from TDTT005date n1;
???
t
(1 row)
OCTO> select n1.dob IN (select timestamp with time zone'2023-01-01 01:01:00-05:00') from TDTT005date n1;
???
f
(1 row)
OCTO> select n1.dob IN (n2.dob,n1.dob) from TDTT005date n1, TDTT005date n2;
???
t
(1 row)
OCTO> select n1.dob IN (select n2.dob) from TDTT005date n1, TDTT005date n2;
???
t
(1 row)
[ERROR]: ERR_TYPE_MISMATCH: Type mismatch: left TIME, right DATE
LINE 107:1: select n1.dob IN (n2.dob,n1.dob) from TDTT005date n1, TDTT005tim...
                              ^^^^^^
LINE 107:1: select n1.dob IN (n2.dob,n1.dob) from TDTT005date n1, TDTT005tim...
                                     ^^^^^^
OCTO> select n1.dob IN (n2.dob,n1.dob) from TDTT005date n1, TDTT005time n2;
[ERROR]: ERR_TYPE_MISMATCH: Type mismatch: left DATE, right TIME
LINE 108:1: select n1.dob IN (select n2.dob) from TDTT005date n1, TDTT005tim...
                   ^^^^^^
LINE 108:1: select n1.dob IN (select n2.dob) from TDTT005date n1, TDTT005tim...
                              ^^^^^^
OCTO> select n1.dob IN (select n2.dob) from TDTT005date n1, TDTT005time n2;
OCTO> select n1.dob IN (n2.dob,n1.dob) from TDTT005date n1, TDTT005timestamp n2;
???
t
(1 row)
OCTO> select n1.dob IN (select n2.dob) from TDTT005date n1, TDTT005timestamp n2;
???
f
(1 row)
OCTO> select n1.dob IN (n2.dob,n1.dob) from TDTT005date n1, TDTT005timestamptz n2;
???
t
(1 row)
OCTO> select n1.dob IN (select n2.dob) from TDTT005date n1, TDTT005timestamptz n2;
???
f
(1 row)
[ERROR]: ERR_TYPE_MISMATCH: Type mismatch: left INTEGER, right DATE
LINE 113:1: select n1.dob IN (3,n1.dob) from TDTT005date n1;
                              ^
LINE 113:1: select n1.dob IN (3,n1.dob) from TDTT005date n1;
                                ^^^^^^
OCTO> select n1.dob IN (3,n1.dob) from TDTT005date n1;
[ERROR]: ERR_TYPE_MISMATCH: Type mismatch: left DATE, right INTEGER
LINE 114:1: select n1.dob IN (select 3) from TDTT005date n1;
                   ^^^^^^
LINE 114:1: select n1.dob IN (select 3) from TDTT005date n1;
                              ^^^^^^
OCTO> select n1.dob IN (select 3) from TDTT005date n1;
OCTO> select n1.dob IN ('sample string',n1.dob) from TDTT005date n1;
[ERROR]: ERR_INVALID_DATE_TIME_VALUE: "sample string" is invalid for type "DATE", format "TEXT" and datestyle "ISO, YMD"
[ERROR]: ERR_TYPE_MISMATCH: Type mismatch: left DATE, right VARCHAR
LINE 116:1: select n1.dob IN (select 'sample string') from TDTT005date n1;
                   ^^^^^^
LINE 116:1: select n1.dob IN (select 'sample string') from TDTT005date n1;
                              ^^^^^^
OCTO> select n1.dob IN (select 'sample string') from TDTT005date n1;
[ERROR]: ERR_TYPE_MISMATCH: Type mismatch: left NUMERIC, right DATE
LINE 117:1: select n1.dob IN (3.3,n1.dob) from TDTT005date n1;
                              ^^^
LINE 117:1: select n1.dob IN (3.3,n1.dob) from TDTT005date n1;
                                  ^^^^^^
OCTO> select n1.dob IN (3.3,n1.dob) from TDTT005date n1;
[ERROR]: ERR_TYPE_MISMATCH: Type mismatch: left DATE, right NUMERIC
LINE 118:1: select n1.dob IN (select 3.3) from TDTT005date n1;
                   ^^^^^^
LINE 118:1: select n1.dob IN (select 3.3) from TDTT005date n1;
                              ^^^^^^
OCTO> select n1.dob IN (select 3.3) from TDTT005date n1;
OCTO> select n1.dob IN (NULL,n1.dob) from TDTT005date n1;
???
t
(1 row)
OCTO> select n1.dob IN (select NULL) from TDTT005date n1;
???

(1 row)
[ERROR]: ERR_TYPE_MISMATCH: Type mismatch: left DATE, right TIME
LINE 121:1: select n1.dob IN (date'2023-01-01',n1.dob) from TDTT005time n1;
                              ^^^^^^^^^^^^^^^^
LINE 121:1: select n1.dob IN (date'2023-01-01',n1.dob) from TDTT005time n1;
                                               ^^^^^^
OCTO> select n1.dob IN (date'2023-01-01',n1.dob) from TDTT005time n1;
[ERROR]: ERR_TYPE_MISMATCH: Type mismatch: left TIME, right DATE
LINE 122:1: select n1.dob IN (select date'2023-01-01') from TDTT005time n1;
                   ^^^^^^
LINE 122:1: select n1.dob IN (select date'2023-01-01') from TDTT005time n1;
                              ^^^^^^
OCTO> select n1.dob IN (select date'2023-01-01') from TDTT005time n1;
OCTO> select n1.dob IN (time'01:01:00',n1.dob) from TDTT005time n1;
???
t
(1 row)
OCTO> select n1.dob IN (select time'01:01:00') from TDTT005time n1;
???
f
(1 row)
[ERROR]: ERR_TYPE_MISMATCH: Type mismatch: left TIMESTAMP, right TIME
LINE 125:1: ...elect n1.dob IN (timestamp'2023-01-01 01:01:00',n1.dob) from TDT...
                                ^^^^^^^^^^^^^^^^^^^^^^^^^^^^^^
LINE 125:1: ... IN (timestamp'2023-01-01 01:01:00',n1.dob) from TDTT005time n1;
                                                   ^^^^^^
OCTO> select n1.dob IN (timestamp'2023-01-01 01:01:00',n1.dob) from TDTT005time n1;
[ERROR]: ERR_TYPE_MISMATCH: Type mismatch: left TIME, right TIMESTAMP
LINE 126:1: select n1.dob IN (select timestamp'2023-01-01 01:01:00') from TD...
                   ^^^^^^
LINE 126:1: select n1.dob IN (select timestamp'2023-01-01 01:01:00') from TD...
                              ^^^^^^
OCTO> select n1.dob IN (select timestamp'2023-01-01 01:01:00') from TDTT005time n1;
[ERROR]: ERR_TYPE_MISMATCH: Type mismatch: left TIMESTAMP WITH TIME ZONE, right TIME
LINE 127:1: ...b IN (timestamp with time zone'2023-01-01 01:01:00-05:00',n1.do...
                     ^^^^^^^^^^^^^^^^^^^^^^^^^^^^^^^^^^^^^^^^^^^^^^^^^^^
LINE 127:1: ...ime zone'2023-01-01 01:01:00-05:00',n1.dob) from TDTT005time n1;
                                                   ^^^^^^
OCTO> select n1.dob IN (timestamp with time zone'2023-01-01 01:01:00-05:00',n1.dob) from TDTT005time n1;
[ERROR]: ERR_TYPE_MISMATCH: Type mismatch: left TIME, right TIMESTAMP WITH TIME ZONE
LINE 128:1: select n1.dob IN (select timestamp with time zone'2023-01-01 01:...
                   ^^^^^^
LINE 128:1: select n1.dob IN (select timestamp with time zone'2023-01-01 01:...
                              ^^^^^^
OCTO> select n1.dob IN (select timestamp with time zone'2023-01-01 01:01:00-05:00') from TDTT005time n1;
[ERROR]: ERR_TYPE_MISMATCH: Type mismatch: left DATE, right TIME
LINE 129:1: select n1.dob IN (n2.dob,n1.dob) from TDTT005time n1, TDTT005dat...
                              ^^^^^^
LINE 129:1: select n1.dob IN (n2.dob,n1.dob) from TDTT005time n1, TDTT005dat...
                                     ^^^^^^
OCTO> select n1.dob IN (n2.dob,n1.dob) from TDTT005time n1, TDTT005date n2;
[ERROR]: ERR_TYPE_MISMATCH: Type mismatch: left TIME, right DATE
LINE 130:1: select n1.dob IN (select n2.dob) from TDTT005time n1, TDTT005dat...
                   ^^^^^^
LINE 130:1: select n1.dob IN (select n2.dob) from TDTT005time n1, TDTT005dat...
                              ^^^^^^
OCTO> select n1.dob IN (select n2.dob) from TDTT005time n1, TDTT005date n2;
OCTO> select n1.dob IN (n2.dob,n1.dob) from TDTT005time n1, TDTT005time n2;
???
t
(1 row)
OCTO> select n1.dob IN (select n2.dob) from TDTT005time n1, TDTT005time n2;
???
t
(1 row)
[ERROR]: ERR_TYPE_MISMATCH: Type mismatch: left TIMESTAMP, right TIME
LINE 133:1: select n1.dob IN (n2.dob,n1.dob) from TDTT005time n1, TDTT005tim...
                              ^^^^^^
LINE 133:1: select n1.dob IN (n2.dob,n1.dob) from TDTT005time n1, TDTT005tim...
                                     ^^^^^^
OCTO> select n1.dob IN (n2.dob,n1.dob) from TDTT005time n1, TDTT005timestamp n2;
[ERROR]: ERR_TYPE_MISMATCH: Type mismatch: left TIME, right TIMESTAMP
LINE 134:1: select n1.dob IN (select n2.dob) from TDTT005time n1, TDTT005tim...
                   ^^^^^^
LINE 134:1: select n1.dob IN (select n2.dob) from TDTT005time n1, TDTT005tim...
                              ^^^^^^
OCTO> select n1.dob IN (select n2.dob) from TDTT005time n1, TDTT005timestamp n2;
[ERROR]: ERR_TYPE_MISMATCH: Type mismatch: left TIMESTAMP WITH TIME ZONE, right TIME
LINE 135:1: select n1.dob IN (n2.dob,n1.dob) from TDTT005time n1, TDTT005tim...
                              ^^^^^^
LINE 135:1: select n1.dob IN (n2.dob,n1.dob) from TDTT005time n1, TDTT005tim...
                                     ^^^^^^
OCTO> select n1.dob IN (n2.dob,n1.dob) from TDTT005time n1, TDTT005timestamptz n2;
[ERROR]: ERR_TYPE_MISMATCH: Type mismatch: left TIME, right TIMESTAMP WITH TIME ZONE
LINE 136:1: select n1.dob IN (select n2.dob) from TDTT005time n1, TDTT005tim...
                   ^^^^^^
LINE 136:1: select n1.dob IN (select n2.dob) from TDTT005time n1, TDTT005tim...
                              ^^^^^^
OCTO> select n1.dob IN (select n2.dob) from TDTT005time n1, TDTT005timestamptz n2;
[ERROR]: ERR_TYPE_MISMATCH: Type mismatch: left INTEGER, right TIME
LINE 137:1: select n1.dob IN (3,n1.dob) from TDTT005time n1;
                              ^
LINE 137:1: select n1.dob IN (3,n1.dob) from TDTT005time n1;
                                ^^^^^^
OCTO> select n1.dob IN (3,n1.dob) from TDTT005time n1;
[ERROR]: ERR_TYPE_MISMATCH: Type mismatch: left TIME, right INTEGER
LINE 138:1: select n1.dob IN (select 3) from TDTT005time n1;
                   ^^^^^^
LINE 138:1: select n1.dob IN (select 3) from TDTT005time n1;
                              ^^^^^^
OCTO> select n1.dob IN (select 3) from TDTT005time n1;
OCTO> select n1.dob IN ('sample string',n1.dob) from TDTT005time n1;
[ERROR]: ERR_INVALID_DATE_TIME_VALUE: "sample string" is invalid for type "TIME", format "TEXT" and datestyle "ISO, YMD"
[ERROR]: ERR_TYPE_MISMATCH: Type mismatch: left TIME, right VARCHAR
LINE 140:1: select n1.dob IN (select 'sample string') from TDTT005time n1;
                   ^^^^^^
LINE 140:1: select n1.dob IN (select 'sample string') from TDTT005time n1;
                              ^^^^^^
OCTO> select n1.dob IN (select 'sample string') from TDTT005time n1;
[ERROR]: ERR_TYPE_MISMATCH: Type mismatch: left NUMERIC, right TIME
LINE 141:1: select n1.dob IN (3.3,n1.dob) from TDTT005time n1;
                              ^^^
LINE 141:1: select n1.dob IN (3.3,n1.dob) from TDTT005time n1;
                                  ^^^^^^
OCTO> select n1.dob IN (3.3,n1.dob) from TDTT005time n1;
[ERROR]: ERR_TYPE_MISMATCH: Type mismatch: left TIME, right NUMERIC
LINE 142:1: select n1.dob IN (select 3.3) from TDTT005time n1;
                   ^^^^^^
LINE 142:1: select n1.dob IN (select 3.3) from TDTT005time n1;
                              ^^^^^^
OCTO> select n1.dob IN (select 3.3) from TDTT005time n1;
OCTO> select n1.dob IN (NULL,n1.dob) from TDTT005time n1;
???
t
(1 row)
OCTO> select n1.dob IN (select NULL) from TDTT005time n1;
???

(1 row)
OCTO> select n1.dob IN (date'2023-01-01',n1.dob) from TDTT005timestamp n1;
???
t
(1 row)
OCTO> select n1.dob IN (select date'2023-01-01') from TDTT005timestamp n1;
???
f
(1 row)
[ERROR]: ERR_TYPE_MISMATCH: Type mismatch: left TIME, right TIMESTAMP
LINE 147:1: select n1.dob IN (time'01:01:00',n1.dob) from TDTT005timestamp n...
                              ^^^^^^^^^^^^^^
LINE 147:1: ...lect n1.dob IN (time'01:01:00',n1.dob) from TDTT005timestamp n1;
                                              ^^^^^^
OCTO> select n1.dob IN (time'01:01:00',n1.dob) from TDTT005timestamp n1;
[ERROR]: ERR_TYPE_MISMATCH: Type mismatch: left TIMESTAMP, right TIME
LINE 148:1: select n1.dob IN (select time'01:01:00') from TDTT005timestamp n...
                   ^^^^^^
LINE 148:1: select n1.dob IN (select time'01:01:00') from TDTT005timestamp n...
                              ^^^^^^
OCTO> select n1.dob IN (select time'01:01:00') from TDTT005timestamp n1;
OCTO> select n1.dob IN (timestamp'2023-01-01 01:01:00',n1.dob) from TDTT005timestamp n1;
???
t
(1 row)
OCTO> select n1.dob IN (select timestamp'2023-01-01 01:01:00') from TDTT005timestamp n1;
???
f
(1 row)
OCTO> select n1.dob IN (timestamp with time zone'2023-01-01 01:01:00-05:00',n1.dob) from TDTT005timestamp n1;
???
f
(1 row)
OCTO> select n1.dob IN (select timestamp with time zone'2023-01-01 01:01:00-05:00') from TDTT005timestamp n1;
???
f
(1 row)
OCTO> select n1.dob IN (n2.dob,n1.dob) from TDTT005timestamp n1, TDTT005date n2;
???
t
(1 row)
OCTO> select n1.dob IN (select n2.dob) from TDTT005timestamp n1, TDTT005date n2;
???
f
(1 row)
[ERROR]: ERR_TYPE_MISMATCH: Type mismatch: left TIME, right TIMESTAMP
LINE 155:1: select n1.dob IN (n2.dob,n1.dob) from TDTT005timestamp n1, TDTT0...
                              ^^^^^^
LINE 155:1: select n1.dob IN (n2.dob,n1.dob) from TDTT005timestamp n1, TDTT0...
                                     ^^^^^^
OCTO> select n1.dob IN (n2.dob,n1.dob) from TDTT005timestamp n1, TDTT005time n2;
[ERROR]: ERR_TYPE_MISMATCH: Type mismatch: left TIMESTAMP, right TIME
LINE 156:1: select n1.dob IN (select n2.dob) from TDTT005timestamp n1, TDTT0...
                   ^^^^^^
LINE 156:1: select n1.dob IN (select n2.dob) from TDTT005timestamp n1, TDTT0...
                              ^^^^^^
OCTO> select n1.dob IN (select n2.dob) from TDTT005timestamp n1, TDTT005time n2;
OCTO> select n1.dob IN (n2.dob,n1.dob) from TDTT005timestamp n1, TDTT005timestamp n2;
???
t
(1 row)
OCTO> select n1.dob IN (select n2.dob) from TDTT005timestamp n1, TDTT005timestamp n2;
???
t
(1 row)
OCTO> select n1.dob IN (n2.dob,n1.dob) from TDTT005timestamp n1, TDTT005timestamptz n2;
???
f
(1 row)
OCTO> select n1.dob IN (select n2.dob) from TDTT005timestamp n1, TDTT005timestamptz n2;
???
f
(1 row)
[ERROR]: ERR_TYPE_MISMATCH: Type mismatch: left INTEGER, right TIMESTAMP
LINE 161:1: select n1.dob IN (3,n1.dob) from TDTT005timestamp n1;
                              ^
LINE 161:1: select n1.dob IN (3,n1.dob) from TDTT005timestamp n1;
                                ^^^^^^
OCTO> select n1.dob IN (3,n1.dob) from TDTT005timestamp n1;
[ERROR]: ERR_TYPE_MISMATCH: Type mismatch: left TIMESTAMP, right INTEGER
LINE 162:1: select n1.dob IN (select 3) from TDTT005timestamp n1;
                   ^^^^^^
LINE 162:1: select n1.dob IN (select 3) from TDTT005timestamp n1;
                              ^^^^^^
OCTO> select n1.dob IN (select 3) from TDTT005timestamp n1;
OCTO> select n1.dob IN ('sample string',n1.dob) from TDTT005timestamp n1;
[ERROR]: ERR_INVALID_DATE_TIME_VALUE: "sample string" is invalid for type "TIMESTAMP", format "TEXT" and datestyle "ISO, YMD"
[ERROR]: ERR_TYPE_MISMATCH: Type mismatch: left TIMESTAMP, right VARCHAR
LINE 164:1: select n1.dob IN (select 'sample string') from TDTT005timestamp ...
                   ^^^^^^
LINE 164:1: select n1.dob IN (select 'sample string') from TDTT005timestamp ...
                              ^^^^^^
OCTO> select n1.dob IN (select 'sample string') from TDTT005timestamp n1;
[ERROR]: ERR_TYPE_MISMATCH: Type mismatch: left NUMERIC, right TIMESTAMP
LINE 165:1: select n1.dob IN (3.3,n1.dob) from TDTT005timestamp n1;
                              ^^^
LINE 165:1: select n1.dob IN (3.3,n1.dob) from TDTT005timestamp n1;
                                  ^^^^^^
OCTO> select n1.dob IN (3.3,n1.dob) from TDTT005timestamp n1;
[ERROR]: ERR_TYPE_MISMATCH: Type mismatch: left TIMESTAMP, right NUMERIC
LINE 166:1: select n1.dob IN (select 3.3) from TDTT005timestamp n1;
                   ^^^^^^
LINE 166:1: select n1.dob IN (select 3.3) from TDTT005timestamp n1;
                              ^^^^^^
OCTO> select n1.dob IN (select 3.3) from TDTT005timestamp n1;
OCTO> select n1.dob IN (NULL,n1.dob) from TDTT005timestamp n1;
???
t
(1 row)
OCTO> select n1.dob IN (select NULL) from TDTT005timestamp n1;
???

(1 row)
OCTO> select n1.dob IN (date'2023-01-01',n1.dob) from TDTT005timestamptz n1;
???
t
(1 row)
OCTO> select n1.dob IN (select date'2023-01-01') from TDTT005timestamptz n1;
???
f
(1 row)
[ERROR]: ERR_TYPE_MISMATCH: Type mismatch: left TIME, right TIMESTAMP WITH TIME ZONE
LINE 171:1: select n1.dob IN (time'01:01:00',n1.dob) from TDTT005timestamptz...
                              ^^^^^^^^^^^^^^
LINE 171:1: ...ct n1.dob IN (time'01:01:00',n1.dob) from TDTT005timestamptz n1;
                                            ^^^^^^
OCTO> select n1.dob IN (time'01:01:00',n1.dob) from TDTT005timestamptz n1;
[ERROR]: ERR_TYPE_MISMATCH: Type mismatch: left TIMESTAMP WITH TIME ZONE, right TIME
LINE 172:1: select n1.dob IN (select time'01:01:00') from TDTT005timestamptz...
                   ^^^^^^
LINE 172:1: select n1.dob IN (select time'01:01:00') from TDTT005timestamptz...
                              ^^^^^^
OCTO> select n1.dob IN (select time'01:01:00') from TDTT005timestamptz n1;
OCTO> select n1.dob IN (timestamp'2023-01-01 01:01:00',n1.dob) from TDTT005timestamptz n1;
???
t
(1 row)
OCTO> select n1.dob IN (select timestamp'2023-01-01 01:01:00') from TDTT005timestamptz n1;
???
f
(1 row)
OCTO> select n1.dob IN (timestamp with time zone'2023-01-01 01:01:00-05:00',n1.dob) from TDTT005timestamptz n1;
???
t
(1 row)
OCTO> select n1.dob IN (select timestamp with time zone'2023-01-01 01:01:00-05:00') from TDTT005timestamptz n1;
???
f
(1 row)
OCTO> select n1.dob IN (n2.dob,n1.dob) from TDTT005timestamptz n1, TDTT005date n2;
???
t
(1 row)
OCTO> select n1.dob IN (select n2.dob) from TDTT005timestamptz n1, TDTT005date n2;
???
f
(1 row)
[ERROR]: ERR_TYPE_MISMATCH: Type mismatch: left TIME, right TIMESTAMP WITH TIME ZONE
LINE 179:1: select n1.dob IN (n2.dob,n1.dob) from TDTT005timestamptz n1, TDT...
                              ^^^^^^
LINE 179:1: select n1.dob IN (n2.dob,n1.dob) from TDTT005timestamptz n1, TDT...
                                     ^^^^^^
OCTO> select n1.dob IN (n2.dob,n1.dob) from TDTT005timestamptz n1, TDTT005time n2;
[ERROR]: ERR_TYPE_MISMATCH: Type mismatch: left TIMESTAMP WITH TIME ZONE, right TIME
LINE 180:1: select n1.dob IN (select n2.dob) from TDTT005timestamptz n1, TDT...
                   ^^^^^^
LINE 180:1: select n1.dob IN (select n2.dob) from TDTT005timestamptz n1, TDT...
                              ^^^^^^
OCTO> select n1.dob IN (select n2.dob) from TDTT005timestamptz n1, TDTT005time n2;
OCTO> select n1.dob IN (n2.dob,n1.dob) from TDTT005timestamptz n1, TDTT005timestamp n2;
???
t
(1 row)
OCTO> select n1.dob IN (select n2.dob) from TDTT005timestamptz n1, TDTT005timestamp n2;
???
f
(1 row)
OCTO> select n1.dob IN (n2.dob,n1.dob) from TDTT005timestamptz n1, TDTT005timestamptz n2;
???
t
(1 row)
OCTO> select n1.dob IN (select n2.dob) from TDTT005timestamptz n1, TDTT005timestamptz n2;
???
t
(1 row)
[ERROR]: ERR_TYPE_MISMATCH: Type mismatch: left INTEGER, right TIMESTAMP WITH TIME ZONE
LINE 185:1: select n1.dob IN (3,n1.dob) from TDTT005timestamptz n1;
                              ^
LINE 185:1: select n1.dob IN (3,n1.dob) from TDTT005timestamptz n1;
                                ^^^^^^
OCTO> select n1.dob IN (3,n1.dob) from TDTT005timestamptz n1;
[ERROR]: ERR_TYPE_MISMATCH: Type mismatch: left TIMESTAMP WITH TIME ZONE, right INTEGER
LINE 186:1: select n1.dob IN (select 3) from TDTT005timestamptz n1;
                   ^^^^^^
LINE 186:1: select n1.dob IN (select 3) from TDTT005timestamptz n1;
                              ^^^^^^
OCTO> select n1.dob IN (select 3) from TDTT005timestamptz n1;
OCTO> select n1.dob IN ('sample string',n1.dob) from TDTT005timestamptz n1;
[ERROR]: ERR_INVALID_DATE_TIME_VALUE: "sample string" is invalid for type "TIMESTAMP WITH TIME ZONE", format "TEXT" and datestyle "ISO, YMD"
[ERROR]: ERR_TYPE_MISMATCH: Type mismatch: left TIMESTAMP WITH TIME ZONE, right VARCHAR
LINE 188:1: select n1.dob IN (select 'sample string') from TDTT005timestampt...
                   ^^^^^^
LINE 188:1: select n1.dob IN (select 'sample string') from TDTT005timestampt...
                              ^^^^^^
OCTO> select n1.dob IN (select 'sample string') from TDTT005timestamptz n1;
[ERROR]: ERR_TYPE_MISMATCH: Type mismatch: left NUMERIC, right TIMESTAMP WITH TIME ZONE
LINE 189:1: select n1.dob IN (3.3,n1.dob) from TDTT005timestamptz n1;
                              ^^^
LINE 189:1: select n1.dob IN (3.3,n1.dob) from TDTT005timestamptz n1;
                                  ^^^^^^
OCTO> select n1.dob IN (3.3,n1.dob) from TDTT005timestamptz n1;
[ERROR]: ERR_TYPE_MISMATCH: Type mismatch: left TIMESTAMP WITH TIME ZONE, right NUMERIC
LINE 190:1: select n1.dob IN (select 3.3) from TDTT005timestamptz n1;
                   ^^^^^^
LINE 190:1: select n1.dob IN (select 3.3) from TDTT005timestamptz n1;
                              ^^^^^^
OCTO> select n1.dob IN (select 3.3) from TDTT005timestamptz n1;
OCTO> select n1.dob IN (NULL,n1.dob) from TDTT005timestamptz n1;
???
t
(1 row)
OCTO> select n1.dob IN (select NULL) from TDTT005timestamptz n1;
???

(1 row)
OCTO> 
