
-- Max literal length allowed is YDB_MAX_STR, following is just an example working of large sub-seconds values. Sub-second values after 6 decimal places are ignored.
select timestamp with time zone'2024-02-21T13:31:48.05098021111111111111111111111111111111111111111111111111111111111111111111111111111111111111111111+07:00';
select timestamp with time zone'2024-02-21T13:31:48.05098021111111111111111111111111111111111111111111111111111111111111111111111111111111111111111111111111111111111111111111111111111111111111111111111111111111111111111111111+07:00';
select timestamp with time zone'2024-02-21T13:31:48.0509802111111111111111111111111111111111111111111111111111111111111111111111111111111111111111111111111111111111111111111111111111111111111111111111111111111111111111111111111111111111111111111111111111111111111111111111111111111111111111111111111111111111111111111111111111111111111111111111111111+07:00';

create table TDTT068 (id integer primary key, dob timestamp with time zone) global "^TDTT068" readonly;
select * from TDTT068;

create table TDTT068rw(id integer primary key, dob timestamp with time zone);
insert into TDTT068rw values(1, timestamp with time zone'2024-02-21T13:31:48.05098021111111111111111111111111111111111111111111111111111111111111111111111111111111111111111111+07:00');
insert into TDTT068rw values(2, timestamp with time zone'2024-02-21T13:31:48.05098021111111111111111111111111111111111111111111111111111111111111111111111111111111111111111111111111111111111111111111111111111111111111111111111111111111111111111111111+07:00');
insert into TDTT068rw values(3, timestamp with time zone'2024-02-21T13:31:48.0509802111111111111111111111111111111111111111111111111111111111111111111111111111111111111111111111111111111111111111111111111111111111111111111111111111111111111111111111111111111111111111111111111111111111111111111111111111111111111111111111111111111111111111111111111111111111111111111111111111+07:00');
select * from TDTT068rw;
OCTO> select timestamp with time zone'2024-02-21T13:31:48.05098021111111111111111111111111111111111111111111111111111111111111111111111111111111111111111111+07:00';
???
2024-02-21 01:31:48.05098-05
(1 row)
OCTO> select timestamp with time zone'2024-02-21T13:31:48.05098021111111111111111111111111111111111111111111111111111111111111111111111111111111111111111111111111111111111111111111111111111111111111111111111111111111111111111111111+07:00';
???
2024-02-21 01:31:48.05098-05
(1 row)
OCTO> select timestamp with time zone'2024-02-21T13:31:48.0509802111111111111111111111111111111111111111111111111111111111111111111111111111111111111111111111111111111111111111111111111111111111111111111111111111111111111111111111111111111111111111111111111111111111111111111111111111111111111111111111111111111111111111111111111111111111111111111111111111+07:00';
???
2024-02-21 01:31:48.05098-05
(1 row)
OCTO> create table TDTT068 (id integer primary key, dob timestamp with time zone) global "^TDTT068" readonly;
CREATE TABLE
OCTO> select * from TDTT068;
id|dob
1|2024-02-21 13:31:48.05098-05
2|2024-02-21 01:31:48.05098-05
3|2024-02-21 01:31:48.05098-05
(3 rows)
OCTO> create table TDTT068rw(id integer primary key, dob timestamp with time zone);
CREATE TABLE
OCTO> insert into TDTT068rw values(1, timestamp with time zone'2024-02-21T13:31:48.05098021111111111111111111111111111111111111111111111111111111111111111111111111111111111111111111+07:00');
INSERT 0 1
OCTO> insert into TDTT068rw values(2, timestamp with time zone'2024-02-21T13:31:48.05098021111111111111111111111111111111111111111111111111111111111111111111111111111111111111111111111111111111111111111111111111111111111111111111111111111111111111111111111+07:00');
INSERT 0 1
OCTO> insert into TDTT068rw values(3, timestamp with time zone'2024-02-21T13:31:48.0509802111111111111111111111111111111111111111111111111111111111111111111111111111111111111111111111111111111111111111111111111111111111111111111111111111111111111111111111111111111111111111111111111111111111111111111111111111111111111111111111111111111111111111111111111111111111111111111111111111+07:00');
INSERT 0 1
OCTO> select * from TDTT068rw;
id|dob
1|2024-02-21 01:31:48.05098-05
2|2024-02-21 01:31:48.05098-05
3|2024-02-21 01:31:48.05098-05
(3 rows)
OCTO> 
