
select timestamp(zhorolog) with time zone '2980013,86399,999999,-50399';
select timestamp(zhorolog) with time zone '2980013,86399,999999,-50400';
select timestamp(zhorolog) with time zone '2980013,86399,999999,-50401';
-- [ERROR]: ERR_INVALID_DATE_TIME_FORMAT: Invalid date or time format 2980013,86399,999999,-50401
select timestamp(zhorolog) with time zone '2980013,86399,999999,-50340';
select timestamp(zhorolog) with time zone '2980013,86399,999999,-50339';
select timestamp(zhorolog) with time zone '2980013,86399,999999,-50338';
select timestamp(zhorolog) with time zone '-365,0,,43201';
-- [ERROR]: ERR_INVALID_DATE_TIME_FORMAT: Invalid date or time format -365,0,,43201
select timestamp(zhorolog) with time zone '-365,0,,43200';
select timestamp(zhorolog) with time zone '-365,0,,43199';
select timestamp(zhorolog) with time zone '-365,0,,43198';
select timestamp(horolog) '228893,65111' <= timestamp(zhorolog) with time zone '194240,17291,+43662,22739'; -- 0
OCTO> select timestamp(zhorolog) with time zone '2980013,86399,999999,-50399';
???
9999-12-31 05:00:00.999999-05
(1 row)
OCTO> select timestamp(zhorolog) with time zone '2980013,86399,999999,-50400';
???
9999-12-31 04:59:59.999999-05
(1 row)
[ERROR]: ERR_INVALID_DATE_TIME_VALUE: "2980013,86399,999999,-50401" is invalid for type TIMESTAMP WITH TIME ZONE and format ZHOROLOG
LINE 4:1: ...timestamp(zhorolog) with time zone '2980013,86399,999999,-50401'...
             ^^^^^^^^^^^^^^^^^^^^^^^^^^^^^^^^^^^^^^^^^^^^^^^^^^^^^^^^^^^^^^^^
OCTO> select timestamp(zhorolog) with time zone '2980013,86399,999999,-50401';
OCTO> select timestamp(zhorolog) with time zone '2980013,86399,999999,-50340';
???
9999-12-31 05:00:59.999999-05
(1 row)
OCTO> select timestamp(zhorolog) with time zone '2980013,86399,999999,-50339';
???
9999-12-31 05:01:00.999999-05
(1 row)
OCTO> select timestamp(zhorolog) with time zone '2980013,86399,999999,-50338';
???
9999-12-31 05:01:01.999999-05
(1 row)
[ERROR]: ERR_INVALID_DATE_TIME_VALUE: "-365,0,,43201" is invalid for type TIMESTAMP WITH TIME ZONE and format ZHOROLOG
LINE 8:1: select timestamp(zhorolog) with time zone '-365,0,,43201';
                 ^^^^^^^^^^^^^^^^^^^^^^^^^^^^^^^^^^^^^^^^^^^^^^^^^^
OCTO> select timestamp(zhorolog) with time zone '-365,0,,43201';
OCTO> select timestamp(zhorolog) with time zone '-365,0,,43200';
???
1840-01-01 07:03:58-04:56:02
(1 row)
OCTO> select timestamp(zhorolog) with time zone '-365,0,,43199';
???
1840-01-01 07:03:57-04:56:02
(1 row)
OCTO> select timestamp(zhorolog) with time zone '-365,0,,43198';
???
1840-01-01 07:03:56-04:56:02
(1 row)
OCTO> select timestamp(horolog) '228893,65111' <= timestamp(zhorolog) with time zone '194240,17291,+43662,22739';
???
0
(1 row)
OCTO> -- 0
