
select CASE date'2023-01-01' WHEN date'2023-01-01' THEN date'2023-01-02' ELSE date'2023-01-03' END;
select CASE WHEN date'2023-01-01' = date'2023-01-01' THEN date'2023-01-02' ELSE date'2023-01-03' END;

select CASE time'01:01:20' WHEN time'01:01:20' THEN time'01:02:20' ELSE time'01:03:20' END;
select CASE WHEN time'01:01:20' = time'01:01:20' THEN time'01:02:20' ELSE time'01:03:20' END;

select CASE timestamp'2023-01-01 00:00:00' WHEN timestamp'2023-01-01 00:00:00' THEN timestamp'2023-01-02 00:00:00' ELSE timestamp'2023-01-03 00:00:00' END;
select CASE WHEN timestamp'2023-01-01 00:00:00' = timestamp'2023-01-01 00:00:00' THEN timestamp'2023-01-02 00:00:00' ELSE timestamp'2023-01-03 00:00:00' END;
OCTO> select CASE date'2023-01-01' WHEN date'2023-01-01' THEN date'2023-01-02' ELSE date'2023-01-03' END;
CASE
2023-01-02
(1 row)
OCTO> select CASE WHEN date'2023-01-01' = date'2023-01-01' THEN date'2023-01-02' ELSE date'2023-01-03' END;
CASE
2023-01-02
(1 row)
OCTO> select CASE time'01:01:20' WHEN time'01:01:20' THEN time'01:02:20' ELSE time'01:03:20' END;
CASE
01:02:20
(1 row)
OCTO> select CASE WHEN time'01:01:20' = time'01:01:20' THEN time'01:02:20' ELSE time'01:03:20' END;
CASE
01:02:20
(1 row)
OCTO> select CASE timestamp'2023-01-01 00:00:00' WHEN timestamp'2023-01-01 00:00:00' THEN timestamp'2023-01-02 00:00:00' ELSE timestamp'2023-01-03 00:00:00' END;
CASE
2023-01-02 00:00:00
(1 row)
OCTO> select CASE WHEN timestamp'2023-01-01 00:00:00' = timestamp'2023-01-01 00:00:00' THEN timestamp'2023-01-02 00:00:00' ELSE timestamp'2023-01-03 00:00:00' END;
CASE
2023-01-02 00:00:00
(1 row)
OCTO> 
