
select column1 from (values(date(horolog)'66764')); -- expected 2023-10-17
select column1 from (values(date'2023-10-17')); -- expected 2023-10-17

OCTO> select column1 from (values(date(horolog)'66764'));
column1
2023-10-17
(1 row)
OCTO> -- expected 2023-10-17
select column1 from (values(date'2023-10-17'));
column1
2023-10-17
(1 row)
OCTO> -- expected 2023-10-17

