
select date(horolog)'66751';
select date(zut)'2023-01-01';
select date(zhorolog)'66751,,,';
select date'2023-01-01';
select date(fileman)'2970919';

select time(horolog)'56523';
select time(zut)'2023-01-01';
select time(zhorolog)',56611,,';
select time'2023-01-01';
select time(fileman)'082701';

--select time(horolog) with time zone'56523';
--select time(zut) with time zone'2023-01-01';
--select time(zhorolog) with time zone',56611,,14400'; -- time and timezone i.e. 2nd and 4th value of zhorolog
--select time with time zone'2023-01-01';
--select time(fileman) with time zone'082701';

select timestamp(horolog)'66751,56523';
select timestamp(zut)'2023-01-01';
select timestamp(zhorolog)'66751,56611,461835,14400';
select timestamp'2023-01-01';
select timestamp(fileman)'2970919.082701';

select timestamp(horolog) with time zone'66751,56523';
select timestamp(zut) with time zone'2023-01-01';
select timestamp(zhorolog) with time zone'66751,56611,461835,14400';
select timestamp with time zone'2023-01-01';
select timestamp(fileman) with time zone'2970919.082701';
OCTO> select date(horolog)'66751';
???
2023-10-04
(1 row)
[ERROR]: ERR_INVALID_DATE_TIME_VALUE: "2023-01-01" is invalid for type "DATE", format "ZUT" and datestyle "ISO, YMD"
LINE 3:1: select date(zut)'2023-01-01';
                 ^^^^^^^^^^^^^^^^^^^^^
OCTO> select date(zut)'2023-01-01';
OCTO> select date(zhorolog)'66751,,,';
???
2023-10-04
(1 row)
OCTO> select date'2023-01-01';
???
2023-01-01
(1 row)
OCTO> select date(fileman)'2970919';
???
1997-09-19
(1 row)
OCTO> select time(horolog)'56523';
???
15:42:03
(1 row)
[ERROR]: ERR_INVALID_DATE_TIME_TYPE_FORMAT: The given type and format is invalid
LINE 9:1: select time(zut)'2023-01-01';
                 ^^^^^^^^^
OCTO> select time(zut)'2023-01-01';
OCTO> select time(zhorolog)',56611,,';
???
15:43:31
(1 row)
[ERROR]: ERR_INVALID_DATE_TIME_VALUE: "2023-01-01" is invalid for type "TIME", format "TEXT" and datestyle "ISO, YMD"
LINE 11:1: select time'2023-01-01';
                  ^^^^^^^^^^^^^^^^
OCTO> select time'2023-01-01';
[ERROR]: ERR_INVALID_DATE_TIME_TYPE_FORMAT: The given type and format is invalid
LINE 12:1: select time(fileman)'082701';
                  ^^^^^^^^^^^^^
OCTO> select time(fileman)'082701';
OCTO> --select time(horolog) with time zone'56523';
--select time(zut) with time zone'2023-01-01';
--select time(zhorolog) with time zone',56611,,14400'; -- time and timezone i.e. 2nd and 4th value of zhorolog
--select time with time zone'2023-01-01';
--select time(fileman) with time zone'082701';

select timestamp(horolog)'66751,56523';
???
2023-10-04 15:42:03
(1 row)
[ERROR]: ERR_INVALID_DATE_TIME_VALUE: "2023-01-01" is invalid for type "TIMESTAMP", format "ZUT" and datestyle "ISO, YMD"
LINE 21:1: select timestamp(zut)'2023-01-01';
                  ^^^^^^^^^^^^^^^^^^^^^^^^^^
OCTO> select timestamp(zut)'2023-01-01';
OCTO> select timestamp(zhorolog)'66751,56611,461835,14400';
???
2023-10-04 15:43:31.461835
(1 row)
OCTO> select timestamp'2023-01-01';
???
2023-01-01 00:00:00
(1 row)
OCTO> select timestamp(fileman)'2970919.082701';
???
1997-09-19 08:27:01
(1 row)
OCTO> select timestamp(horolog) with time zone'66751,56523';
???
2023-10-04 15:42:03-04
(1 row)
[ERROR]: ERR_INVALID_DATE_TIME_TYPE_FORMAT: The given type and format is invalid
LINE 27:1: select timestamp(zut) with time zone'2023-01-01';
                  ^^^^^^^^^^^^^^^^^^^^^^^^^^^^^
OCTO> select timestamp(zut) with time zone'2023-01-01';
OCTO> select timestamp(zhorolog) with time zone'66751,56611,461835,14400';
???
2023-10-04 15:43:31.461835-04
(1 row)
OCTO> select timestamp with time zone'2023-01-01';
???
2023-01-01 00:00:00-05
(1 row)
OCTO> select timestamp(fileman) with time zone'2970919.082701';
???
1997-09-19 08:27:01-04
(1 row)
OCTO> 
