
--(horolog)
-- type:date
drop table if exists test keepdata;
create table test (id integer primary key, dob date(horolog)) global "^datehorolog" readonly;
select * from test;
-- type:time
drop table if exists test keepdata;
create table test (id integer primary key, dob time(horolog)) global "^timehorolog" readonly;
select * from test;
-- type:time with time zone
drop table if exists test keepdata;
create table test (id integer primary key, dob time(horolog)with time zone) global "^timewithtimezonehorolog" readonly;
select * from test;
-- type:timestamp with time zone
drop table if exists test keepdata;
create table test (id integer primary key, dob timestamp(horolog)with time zone) global "^timestampwithtimezonehorolog" readonly;
select * from test;
-- type:timestamp
drop table if exists test keepdata;
create table test (id integer primary key, dob timestamp(horolog)) global "^timestamphorolog" readonly;
select * from test;

--zhorolog
-- type:date
drop table if exists test keepdata;
create table test (id integer primary key, dob date(zhorolog)) global "^datezhorolog" readonly;
select * from test;
-- type:time
drop table if exists test keepdata;
create table test (id integer primary key, dob time(zhorolog)) global "^timezhorolog" readonly;
select * from test;
-- type:time with time zone
drop table if exists test keepdata;
create table test (id integer primary key, dob time(zhorolog)with time zone) global "^timewithtimezonezhorolog" readonly;
select * from test;
-- type:timestamp with time zone
drop table if exists test keepdata;
create table test (id integer primary key, dob timestamp(zhorolog) with time zone) global "^timestampwithtimezonezhorolog" readonly;
select * from test;
-- type:timestamp
drop table if exists test keepdata;
create table test (id integer primary key, dob timestamp(zhorolog)) global "^timestampzhorolog" readonly;
select * from test;

-- fileman
-- type:date
drop table if exists test keepdata;
create table test (id integer primary key, dob date(fileman)) global "^datefileman" readonly;
select * from test;
-- type:time
drop table if exists test keepdata;
create table test (id integer primary key, dob time(fileman)) global "^timefileman" readonly;
select * from test;
-- type:time with time zone
drop table if exists test keepdata;
create table test (id integer primary key, dob time(fileman)with time zone) global "^timewithtimezonefileman" readonly;
select * from test;
-- type:timestamp with time zone
drop table if exists test keepdata;
create table test (id integer primary key, dob timestamp(fileman) with time zone) global "^timestampwithtimezonefileman" readonly;
select * from test;
-- type:timestamp
drop table if exists test keepdata;
create table test (id integer primary key, dob timestamp(fileman)) global "^timestampfileman" readonly;
select * from test;

--zut
-- type:date
drop table if exists test keepdata;
create table test (id integer primary key, dob date(zut)) global "^datezut" readonly;
select * from test;
-- type:time
drop table if exists test keepdata;
create table test (id integer primary key, dob time(zut)) global "^timezut" readonly;
select * from test;
-- type:time with time zone
drop table if exists test keepdata;
create table test (id integer primary key, dob time(zut)with time zone) global "^timewithtimezonezut" readonly;
select * from test;
-- type:timestamp with time zone
drop table if exists test keepdata;
create table test (id integer primary key, dob timestamp(zut)with time zone) global "^timestampwithtimezonezut" readonly;
select * from test;
-- type:timestamp
drop table if exists test keepdata;
create table test (id integer primary key, dob timestamp(zut)) global "^timestampzut" readonly;
select * from test;

--text
-- type:date
drop table if exists test keepdata;
create table test (id integer primary key, dob date) global "^datetext" readonly;
select * from test;
-- type:time
drop table if exists test keepdata;
create table test (id integer primary key, dob time) global "^timetext" readonly;
select * from test;
-- type:time with time zone
drop table if exists test keepdata;
create table test (id integer primary key, dob time with time zone) global "^timewithtimezonetext" readonly;
select * from test;
-- type:timestamp with time zone
drop table if exists test keepdata;
create table test (id integer primary key, dob timestamp with time zone) global "^timestampwithtimezonetext" readonly;
select * from test;
-- type:timestamp
drop table if exists test keepdata;
create table test (id integer primary key, dob timestamp) global "^timestamptext" readonly;
select * from test;
-- ISO 8601
-- type:time
drop table if exists test keepdata;
create table test (id integer primary key, dob time) global "^timetextiso" readonly;
select * from test;
-- type:time with time zone
drop table if exists test keepdata;
create table test (id integer primary key, dob time with time zone) global "^timewithtimezonetextiso" readonly;
select * from test;
-- type:timestamp with time zone
drop table if exists test keepdata;
create table test (id integer primary key, dob timestamp with time zone) global "^timestampwithtimezonetextiso" readonly;
select * from test;
-- type:timestamp
drop table if exists test keepdata;
create table test (id integer primary key, dob timestamp) global "^timestamptextiso" readonly;
select * from test;

-- Edge cases they are not suppose to generate an error
drop table if exists test keepdata;
create table test (id integer primary key, dob timestamp with time zone) global "^edgecase" readonly;
select * from test;
-- ISO 8601
drop table if exists test keepdata;
create table test (id integer primary key, dob timestamp with time zone) global "^edgecaseiso" readonly;
select * from test;
OCTO> --(horolog)
drop table if exists test keepdata;
DROP TABLE
OCTO> create table test (id integer primary key, dob date(horolog)) global "^datehorolog" readonly;
CREATE TABLE
OCTO> select * from test;
id|dob
0|
1|1840-01-01
2|
3|9999-12-31
4|
(5 rows)
OCTO> drop table if exists test keepdata;
DROP TABLE
OCTO> create table test (id integer primary key, dob time(horolog)) global "^timehorolog" readonly;
CREATE TABLE
OCTO> select * from test;
id|dob
0|
1|00:00:00
2|
3|23:59:59
4|
(5 rows)
OCTO> drop table if exists test keepdata;
DROP TABLE
OCTO> create table test (id integer primary key, dob time(horolog)with time zone) global "^timewithtimezonehorolog" readonly;
CREATE TABLE
OCTO> select * from test;
id|dob
0|
(1 row)
OCTO> drop table if exists test keepdata;
DROP TABLE
OCTO> create table test (id integer primary key, dob timestamp(horolog)with time zone) global "^timestampwithtimezonehorolog" readonly;
CREATE TABLE
OCTO> select * from test;
id|dob
0|1840-01-01 00:00:00-04:56:02
1|9999-12-31 23:59:59-05
2|
(3 rows)
OCTO> drop table if exists test keepdata;
DROP TABLE
OCTO> create table test (id integer primary key, dob timestamp(horolog)) global "^timestamphorolog" readonly;
CREATE TABLE
OCTO> select * from test;
id|dob
0|
1|
2|
3|
4|1840-01-01 00:00:00
5|9999-12-31 23:59:59
6|
7|
8|
(9 rows)
OCTO> --zhorolog
drop table if exists test keepdata;
DROP TABLE
OCTO> create table test (id integer primary key, dob date(zhorolog)) global "^datezhorolog" readonly;
CREATE TABLE
OCTO> select * from test;
id|dob
0|
1|1840-01-01
2|9999-12-31
3|
4|
(5 rows)
OCTO> drop table if exists test keepdata;
DROP TABLE
OCTO> create table test (id integer primary key, dob time(zhorolog)) global "^timezhorolog" readonly;
CREATE TABLE
OCTO> select * from test;
id|dob
0|
1|00:00:00
2|
3|00:00:00
4|23:59:59
5|
6|23:59:59.999999
7|23:59:59.1
8|
9|
(10 rows)
OCTO> drop table if exists test keepdata;
DROP TABLE
OCTO> create table test (id integer primary key, dob time(zhorolog)with time zone) global "^timewithtimezonezhorolog" readonly;
CREATE TABLE
OCTO> select * from test;
id|dob
0|
1|
2|08:00:00-04
3|
4|08:00:00-04
5|05:59:59-04
6|
7|
8|05:59:59.999999-04
9|
10|
(11 rows)
OCTO> drop table if exists test keepdata;
DROP TABLE
OCTO> create table test (id integer primary key, dob timestamp(zhorolog) with time zone) global "^timestampwithtimezonezhorolog" readonly;
CREATE TABLE
OCTO> select * from test;
id|dob
0|
1|
3|
4|1840-01-01 07:03:58-04:56:02
5|
6|1840-01-01 07:03:58-04:56:02
7|9999-12-31 04:59:59-05
8|
9|
10|
11|9999-12-31 04:59:59.999999-05
12|
13|
14|
15|
16|
(16 rows)
OCTO> drop table if exists test keepdata;
DROP TABLE
OCTO> create table test (id integer primary key, dob timestamp(zhorolog)) global "^timestampzhorolog" readonly;
CREATE TABLE
OCTO> select * from test;
id|dob
0|
1|
2|1840-01-01 00:00:00
3|
4|1840-01-01 00:00:00
5|9999-12-31 23:59:59
6|
7|9999-12-31 23:59:59.999999
8|
9|
(10 rows)
OCTO> drop table if exists test keepdata;
DROP TABLE
OCTO> create table test (id integer primary key, dob date(fileman)) global "^datefileman" readonly;
CREATE TABLE
OCTO> select * from test;
id|dob
0|
1|
2|2699-12-31
3|
4|
5|
6|
(7 rows)
OCTO> drop table if exists test keepdata;
DROP TABLE
[ERROR]: ERR_INVALID_DATE_TIME_TYPE_FORMAT: The given type and format is invalid
LINE 40:1: ...integer primary key, dob time(fileman)) global "^timefileman" r...
                                       ^^^^^^^^^^^^^
OCTO> create table test (id integer primary key, dob time(fileman)) global "^timefileman" readonly;
[ERROR]: ERR_UNKNOWN_TABLE: Unknown table: test
LINE 41:1: select * from test;
                         ^^^^
OCTO> select * from test;
OCTO> drop table if exists test keepdata;
DROP TABLE
[ERROR]: ERR_INVALID_DATE_TIME_TYPE_FORMAT: The given type and format is invalid
LINE 43:1: ... primary key, dob time(fileman)with time zone) global "^timewit...
                                ^^^^^^^^^^^^^^^^^^^^^^^^^^^
OCTO> create table test (id integer primary key, dob time(fileman)with time zone) global "^timewithtimezonefileman" readonly;
[ERROR]: ERR_UNKNOWN_TABLE: Unknown table: test
LINE 44:1: select * from test;
                         ^^^^
OCTO> select * from test;
OCTO> drop table if exists test keepdata;
DROP TABLE
OCTO> create table test (id integer primary key, dob timestamp(fileman) with time zone) global "^timestampwithtimezonefileman" readonly;
CREATE TABLE
OCTO> select * from test;
id|dob
0|
1|
2|
(3 rows)
OCTO> drop table if exists test keepdata;
DROP TABLE
OCTO> create table test (id integer primary key, dob timestamp(fileman)) global "^timestampfileman" readonly;
CREATE TABLE
OCTO> select * from test;
[ERROR]: ERR_INVALID_DATE_TIME_VALUE: "9991231.240000" is invalid for type "TIMESTAMP", format "FILEMAN" and datestyle "ISO, YMD"
OCTO> --zut
drop table if exists test keepdata;
DROP TABLE
OCTO> create table test (id integer primary key, dob date(zut)) global "^datezut" readonly;
CREATE TABLE
OCTO> select * from test;
id|dob
0|0000-01-01
1|0000-01-01
2|
3|0000-01-01
4|
5|
6|9999-12-31
7|
8|
(9 rows)
OCTO> drop table if exists test keepdata;
DROP TABLE
[ERROR]: ERR_INVALID_DATE_TIME_TYPE_FORMAT: The given type and format is invalid
LINE 57:1: ...d integer primary key, dob time(zut)) global "^timezut" readonl...
                                         ^^^^^^^^^
OCTO> create table test (id integer primary key, dob time(zut)) global "^timezut" readonly;
[ERROR]: ERR_UNKNOWN_TABLE: Unknown table: test
LINE 58:1: select * from test;
                         ^^^^
OCTO> select * from test;
OCTO> drop table if exists test keepdata;
DROP TABLE
[ERROR]: ERR_INVALID_DATE_TIME_TYPE_FORMAT: The given type and format is invalid
LINE 60:1: ...er primary key, dob time(zut)with time zone) global "^timewitht...
                                  ^^^^^^^^^^^^^^^^^^^^^^^
OCTO> create table test (id integer primary key, dob time(zut)with time zone) global "^timewithtimezonezut" readonly;
[ERROR]: ERR_UNKNOWN_TABLE: Unknown table: test
LINE 61:1: select * from test;
                         ^^^^
OCTO> select * from test;
OCTO> drop table if exists test keepdata;
DROP TABLE
[ERROR]: ERR_INVALID_DATE_TIME_TYPE_FORMAT: The given type and format is invalid
LINE 63:1: ... primary key, dob timestamp(zut)with time zone) global "^timesta...
                                ^^^^^^^^^^^^^^^^^^^^^^^^^^^^
OCTO> create table test (id integer primary key, dob timestamp(zut)with time zone) global "^timestampwithtimezonezut" readonly;
[ERROR]: ERR_UNKNOWN_TABLE: Unknown table: test
LINE 64:1: select * from test;
                         ^^^^
OCTO> select * from test;
OCTO> drop table if exists test keepdata;
DROP TABLE
OCTO> create table test (id integer primary key, dob timestamp(zut)) global "^timestampzut" readonly;
CREATE TABLE
OCTO> select * from test;
id|dob
0|0000-01-01 04:56:01
1|0000-01-01 04:56:02
2|0000-01-01 00:00:00
3|
4|
5|
6|9999-12-31 23:59:59.999999
7|
8|
(9 rows)
OCTO> --text
drop table if exists test keepdata;
DROP TABLE
OCTO> create table test (id integer primary key, dob date) global "^datetext" readonly;
CREATE TABLE
OCTO> select * from test;
id|dob
0|0000-01-01
1|
2|
3|
4|9999-12-31
5|0100-01-01
6|0010-01-01
7|0001-01-01
8|
(9 rows)
OCTO> drop table if exists test keepdata;
DROP TABLE
OCTO> create table test (id integer primary key, dob time) global "^timetext" readonly;
CREATE TABLE
OCTO> select * from test;
id|dob
0|00:00:00
1|00:00:00
2|23:59:59.999999
3|23:59:59
4|23:59:59.1
5|
6|
7|
8|
9|00:01:00
10|
(11 rows)
OCTO> drop table if exists test keepdata;
DROP TABLE
OCTO> create table test (id integer primary key, dob time with time zone) global "^timewithtimezonetext" readonly;
CREATE TABLE
OCTO> select * from test;
id|dob
0|
1|11:59:00-04
2|04:01:00-04
3|
4|
5|11:58:59.999999-04
6|04:00:59.999999-04
7|
8|
(9 rows)
OCTO> drop table if exists test keepdata;
DROP TABLE
OCTO> create table test (id integer primary key, dob timestamp with time zone) global "^timestampwithtimezonetext" readonly;
CREATE TABLE
OCTO> select * from test;
[ERROR]: ERR_INVALID_DATE_TIME_VALUE: "-001-12-31 03:04:58-04:56:02" is invalid for type "TIMESTAMP WITH TIME ZONE", format "TEXT" and datestyle "ISO, YMD"
OCTO> drop table if exists test keepdata;
DROP TABLE
OCTO> create table test (id integer primary key, dob timestamp) global "^timestamptext" readonly;
CREATE TABLE
OCTO> select * from test;
[ERROR]: ERR_INVALID_DATE_TIME_VALUE: "10000-01-01 00:00:00" is invalid for type "TIMESTAMP", format "TEXT" and datestyle "ISO, YMD"
OCTO> drop table if exists test keepdata;
DROP TABLE
OCTO> create table test (id integer primary key, dob time) global "^timetextiso" readonly;
CREATE TABLE
OCTO> select * from test;
id|dob
0|00:00:00
1|00:00:00
2|23:59:59.999999
3|23:59:59
4|23:59:59.1
5|
6|
7|
8|
9|00:01:00
10|
11|00:00:00
12|00:00:00
13|23:59:59.999999
14|23:59:59
15|23:59:59.1
16|
17|
18|
19|
20|00:01:00
(21 rows)
OCTO> drop table if exists test keepdata;
DROP TABLE
OCTO> create table test (id integer primary key, dob time with time zone) global "^timewithtimezonetextiso" readonly;
CREATE TABLE
OCTO> select * from test;
id|dob
0|
1|11:59:00-04
2|04:01:00-04
3|
4|
5|11:58:59.999999-04
6|04:00:59.999999-04
7|
8|
9|
10|11:59:00-04
11|04:01:00-04
12|
13|
14|11:58:59.999999-04
15|04:00:59.999999-04
16|
(17 rows)
OCTO> drop table if exists test keepdata;
DROP TABLE
OCTO> create table test (id integer primary key, dob timestamp with time zone) global "^timestampwithtimezonetextiso" readonly;
CREATE TABLE
OCTO> select * from test;
[ERROR]: ERR_INVALID_DATE_TIME_VALUE: "-001-12-31 03:04:58-04:56:02" is invalid for type "TIMESTAMP WITH TIME ZONE", format "TEXT" and datestyle "ISO, YMD"
OCTO> drop table if exists test keepdata;
DROP TABLE
OCTO> create table test (id integer primary key, dob timestamp) global "^timestamptextiso" readonly;
CREATE TABLE
OCTO> select * from test;
[ERROR]: ERR_INVALID_DATE_TIME_VALUE: "10000-01-01 00:00:00" is invalid for type "TIMESTAMP", format "TEXT" and datestyle "ISO, YMD"
OCTO> drop table if exists test keepdata;
DROP TABLE
OCTO> create table test (id integer primary key, dob timestamp with time zone) global "^edgecase" readonly;
CREATE TABLE
OCTO> select * from test;
id|dob
0|2024-01-01 01:01:01.7323-05
1|2024-01-01 01:01:01.7323-05
2|2024-01-01 01:01:01.7323-05
3|2024-01-01 01:01:01.7323-05
(4 rows)
OCTO> drop table if exists test keepdata;
DROP TABLE
OCTO> create table test (id integer primary key, dob timestamp with time zone) global "^edgecaseiso" readonly;
CREATE TABLE
OCTO> select * from test;
id|dob
0|2024-01-01 01:01:01.7323-05
1|2024-01-01 01:01:01.7323-05
2|2024-01-01 01:01:01.7323-05
3|2024-01-01 01:01:01.7323-05
4|2024-01-01 01:01:01.7323-05
5|2024-01-01 01:01:01.7323-05
6|2024-01-01 01:01:01.7323-05
7|2024-01-01 01:01:01.7323-05
(8 rows)
OCTO> 
