
-- Readwrite table
drop table if exists TDTT0562;
create table TDTT0562 (id int,dob timestamp with time zone);
insert into TDTT0562 values(1,NULL);
insert into TDTT0562 values(0,timestamp with time zone'2023-01-01 01:01:01-05:00');
select * from TDTT0562;

drop table if exists TDTT0562;
create table TDTT0562 (id int,dob timestamp(zut) with time zone);
insert into TDTT0562 values(1,NULL);
insert into TDTT0562 values(0,timestamp(zut) with time zone'1700255690324907');
select * from TDTT0562;

drop table if exists TDTT0562;
create table TDTT0562 (id int,dob timestamp(zhorolog) with time zone);
insert into TDTT0562 values(1,NULL);
insert into TDTT0562 values(0,timestamp(zhorolog) with time zone'66795,58565,521473,18000');
select * from TDTT0562;

drop table if exists TDTT0562;
create table TDTT0562 (id int,dob timestamp(horolog) with time zone);
insert into TDTT0562 values(1,NULL);
insert into TDTT0562 values(0,timestamp(horolog) with time zone'66795,58565');
select * from TDTT0562;

drop table if exists TDTT0562;
create table TDTT0562 (id int,dob timestamp(fileman) with time zone);
insert into TDTT0562 values(1,NULL);
insert into TDTT0562 values(0,timestamp(fileman) with time zone'3230101.010101');
select * from TDTT0562;

-- Readonly table
drop table if exists TDTT0562;
create table TDTT0562 (id int primary key,dob timestamp) GLOBAL "^datetimetext" readonly;
select * from TDTT0562;

drop table if exists TDTT0562;
create table TDTT0562 (id int primary key,dob timestamp(zut)) GLOBAL "^datetimezut" readonly;
select * from TDTT0562;

drop table if exists TDTT0562;
create table TDTT0562 (id int primary key,dob timestamp(zhorolog)) GLOBAL "^datetimezhorolog" readonly;
select * from TDTT0562;

drop table if exists TDTT0562;
create table TDTT0562 (id int primary key,dob timestamp(horolog))GLOBAL "^datetimehorolog" readonly;
select * from TDTT0562;

drop table if exists TDTT0562;
create table TDTT0562 (id int primary key,dob timestamp(fileman))GLOBAL "^datetimefileman" readonly;
select * from TDTT0562;
OCTO> drop table if exists TDTT0562;
DROP TABLE
OCTO> create table TDTT0562 (id int,dob timestamp with time zone);
CREATE TABLE
OCTO> insert into TDTT0562 values(1,NULL);
INSERT 0 1
OCTO> insert into TDTT0562 values(0,timestamp with time zone'2023-01-01 01:01:01-05:00');
INSERT 0 1
OCTO> select * from TDTT0562;
id|dob
1|
0|2023-01-01 01:01:01-05
(2 rows)
OCTO> drop table if exists TDTT0562;
DROP TABLE
[ERROR]: ERR_INVALID_DATE_TIME_TYPE_FORMAT: The given type and format is invalid
LINE 9:1: ...eate table TDTT0562 (id int,dob timestamp(zut) with time zone);
                                             ^^^^^^^^^^^^^^^^^^^^^^^^^^^^^
OCTO> create table TDTT0562 (id int,dob timestamp(zut) with time zone);
[ERROR]: ERR_UNKNOWN_TABLE: Unknown table: tdtt0562
LINE 10:1: insert into TDTT0562 values(1,NULL);
                       ^^^^^^^^
OCTO> insert into TDTT0562 values(1,NULL);
[ERROR]: ERR_INVALID_DATE_TIME_TYPE_FORMAT: The given type and format is invalid
LINE 11:1: ...DTT0562 values(0,timestamp(zut) with time zone'1700255690324907...
                               ^^^^^^^^^^^^^^^^^^^^^^^^^^^^^
OCTO> insert into TDTT0562 values(0,timestamp(zut) with time zone'1700255690324907');
[ERROR]: ERR_UNKNOWN_TABLE_OR_VIEW: Unknown table or view: tdtt0562
LINE 12:1: select * from TDTT0562;
                         ^^^^^^^^
OCTO> select * from TDTT0562;
OCTO> drop table if exists TDTT0562;
DROP TABLE
OCTO> create table TDTT0562 (id int,dob timestamp(zhorolog) with time zone);
CREATE TABLE
OCTO> insert into TDTT0562 values(1,NULL);
INSERT 0 1
OCTO> insert into TDTT0562 values(0,timestamp(zhorolog) with time zone'66795,58565,521473,18000');
INSERT 0 1
OCTO> select * from TDTT0562;
id|dob
1|
0|2023-11-17 16:16:05.521473-05
(2 rows)
OCTO> drop table if exists TDTT0562;
DROP TABLE
OCTO> create table TDTT0562 (id int,dob timestamp(horolog) with time zone);
CREATE TABLE
OCTO> insert into TDTT0562 values(1,NULL);
INSERT 0 1
OCTO> insert into TDTT0562 values(0,timestamp(horolog) with time zone'66795,58565');
INSERT 0 1
OCTO> select * from TDTT0562;
id|dob
1|
0|2023-11-17 16:16:05-05
(2 rows)
OCTO> drop table if exists TDTT0562;
DROP TABLE
OCTO> create table TDTT0562 (id int,dob timestamp(fileman) with time zone);
CREATE TABLE
OCTO> insert into TDTT0562 values(1,NULL);
INSERT 0 1
OCTO> insert into TDTT0562 values(0,timestamp(fileman) with time zone'3230101.010101');
INSERT 0 1
OCTO> select * from TDTT0562;
id|dob
1|
0|2023-01-01 01:01:01-05
(2 rows)
OCTO> drop table if exists TDTT0562;
DROP TABLE
OCTO> create table TDTT0562 (id int primary key,dob timestamp) GLOBAL "^datetimetext" readonly;
CREATE TABLE
OCTO> select * from TDTT0562;
id|dob
0|2023-01-01 00:00:00
1|
(2 rows)
OCTO> drop table if exists TDTT0562;
DROP TABLE
OCTO> create table TDTT0562 (id int primary key,dob timestamp(zut)) GLOBAL "^datetimezut" readonly;
CREATE TABLE
OCTO> select * from TDTT0562;
id|dob
0|2023-11-17 21:14:50.324907
1|
(2 rows)
OCTO> drop table if exists TDTT0562;
DROP TABLE
OCTO> create table TDTT0562 (id int primary key,dob timestamp(zhorolog)) GLOBAL "^datetimezhorolog" readonly;
CREATE TABLE
OCTO> select * from TDTT0562;
id|dob
0|2023-11-17 16:16:05.521473
1|
(2 rows)
OCTO> drop table if exists TDTT0562;
DROP TABLE
OCTO> create table TDTT0562 (id int primary key,dob timestamp(horolog))GLOBAL "^datetimehorolog" readonly;
CREATE TABLE
OCTO> select * from TDTT0562;
id|dob
0|2023-11-17 16:16:05
1|
(2 rows)
OCTO> drop table if exists TDTT0562;
DROP TABLE
OCTO> create table TDTT0562 (id int primary key,dob timestamp(fileman))GLOBAL "^datetimefileman" readonly;
CREATE TABLE
OCTO> select * from TDTT0562;
id|dob
0|2023-01-01 01:01:01
1|
(2 rows)
OCTO> 
