
select '01-01-2023 01:01:01'::TIME; -- works in postgres but not in Octo
select '01-01-2023'::TIMESTAMP;
select '01/01/2023'::TIMESTAMP; -- works in postgres but not in Octo as the input format doesn't match with config format

select '01-01-2023 01:01:01'::time;
select '01-01-2023'::timestamp;
select '01:01:01'::timestamp;
OCTO> select '01-01-2023 01:01:01'::TIME;
[ERROR]: ERR_INVALID_DATE_TIME_VALUE: "01-01-2023 01:01:01" is invalid for type TIME and format TEXT
OCTO> -- works in postgres but not in Octo
select '01-01-2023'::TIMESTAMP;
TIMESTAMP
3230101.000000
(1 row)
OCTO> select '01/01/2023'::TIMESTAMP;
[ERROR]: ERR_INVALID_DATE_TIME_VALUE: "01/01/2023" is invalid for type TIMESTAMP and format TEXT
OCTO> -- works in postgres but not in Octo as the input format doesn't match with config format

select '01-01-2023 01:01:01'::time;
[ERROR]: ERR_INVALID_DATE_TIME_VALUE: "01-01-2023 01:01:01" is invalid for type TIME and format TEXT
OCTO> select '01-01-2023'::timestamp;
TIMESTAMP
3230101.000000
(1 row)
OCTO> select '01:01:01'::timestamp;
[ERROR]: ERR_INVALID_DATE_TIME_VALUE: "01:01:01" is invalid for type TIMESTAMP and format TEXT
OCTO> 
