
-- TERR019 : OCTO296 : Issue error when table on either side of NATURAL JOIN has duplicate columns with same name

-- names schema
SELECT * FROM names AS n1 join names AS n2 ON n1.id = n2.id NATURAL JOIN names AS n3;
SELECT * FROM names AS n1 NATURAL JOIN (SELECT * FROM names n2 INNER JOIN names n3 ON n2.id = n3.id) n4;
SELECT * FROM names AS n1 NATURAL JOIN names AS n2 JOIN names AS n3 ON n2.id = n3.id NATURAL JOIN names AS n4;
SELECT * FROM (SELECT * FROM names n1, names n2) n3 NATURAL JOIN names n4;
SELECT * FROM (SELECT * FROM names n1, names n2) n3 NATURAL JOIN names n4 WHERE n4.firstName = 'Zero';
SELECT * FROM names n3 NATURAL JOIN (SELECT * FROM names n1, names n2) n4;
SELECT * FROM names n3 NATURAL JOIN (SELECT * FROM names n1, names n2) n4 WHERE n3.firstName = 'Zero';

-- customers schema
SELECT c1.customer_id,o2.order_id,c3.customer_id FROM customers c1 LEFT JOIN orders o2 ON c1.customer_id = o2.customer_id NATURAL JOIN customers c3;

-- Test that error is issued if columns with same name on either side of NATURAL JOIN do not have same type
SELECT * from (SELECT id from names) n1 NATURAL JOIN (SELECT firstname AS id FROM names) n2;

-- Below are queries that do not issue error in Octo but are included in this file because they issue an error in Postgres
-- and so they need an explicit reference file instead of going through "run_query_in_octo_and_postgres_and_crosscheck"
SELECT * FROM names n1 NATURAL JOIN names n2 FULL  JOIN names n3 ON n1.id = n2.id;
SELECT n1.id,n2.id,n3.id FROM names n1 NATURAL JOIN names n2 FULL  JOIN names n3 ON n2.id < n3.id;

[ERROR]: ERR_COMMON_COLUMN: Common column name 'ID' appears more than once in left side of NATURAL JOIN
[ERROR]: ERR_COMMON_COLUMN: Common column name 'ID' appears more than once in right side of NATURAL JOIN
[ERROR]: ERR_COMMON_COLUMN: Common column name 'ID' appears more than once in left side of NATURAL JOIN
[ERROR]: ERR_COMMON_COLUMN: Common column name 'ID' appears more than once in left side of NATURAL JOIN
[ERROR]: ERR_COMMON_COLUMN: Common column name 'ID' appears more than once in left side of NATURAL JOIN
[ERROR]: ERR_COMMON_COLUMN: Common column name 'ID' appears more than once in right side of NATURAL JOIN
[ERROR]: ERR_COMMON_COLUMN: Common column name 'ID' appears more than once in right side of NATURAL JOIN
[ERROR]: ERR_COMMON_COLUMN: Common column name 'CUSTOMER_ID' appears more than once in left side of NATURAL JOIN
[ERROR]: ERR_TYPE_MISMATCH: Type mismatch: left INTEGER, right VARCHAR
ID|FIRSTNAME|LASTNAME|ID|FIRSTNAME|LASTNAME
0|Zero|Cool|0|Zero|Cool
0|Zero|Cool|1|Acid|Burn
0|Zero|Cool|2|Cereal|Killer
0|Zero|Cool|3|Lord|Nikon
0|Zero|Cool|4|Joey|
0|Zero|Cool|5|Zero|Cool
1|Acid|Burn|0|Zero|Cool
1|Acid|Burn|1|Acid|Burn
1|Acid|Burn|2|Cereal|Killer
1|Acid|Burn|3|Lord|Nikon
1|Acid|Burn|4|Joey|
1|Acid|Burn|5|Zero|Cool
2|Cereal|Killer|0|Zero|Cool
2|Cereal|Killer|1|Acid|Burn
2|Cereal|Killer|2|Cereal|Killer
2|Cereal|Killer|3|Lord|Nikon
2|Cereal|Killer|4|Joey|
2|Cereal|Killer|5|Zero|Cool
3|Lord|Nikon|0|Zero|Cool
3|Lord|Nikon|1|Acid|Burn
3|Lord|Nikon|2|Cereal|Killer
3|Lord|Nikon|3|Lord|Nikon
3|Lord|Nikon|4|Joey|
3|Lord|Nikon|5|Zero|Cool
5|Zero|Cool|0|Zero|Cool
5|Zero|Cool|1|Acid|Burn
5|Zero|Cool|2|Cereal|Killer
5|Zero|Cool|3|Lord|Nikon
5|Zero|Cool|4|Joey|
5|Zero|Cool|5|Zero|Cool
(30 rows)
ID|ID|ID
0|0|1
0|0|2
0|0|3
0|0|4
0|0|5
1|1|2
1|1|3
1|1|4
1|1|5
2|2|3
2|2|4
2|2|5
3|3|4
3|3|5
5|5|
||0
(16 rows)
