
select n1.id,n2.id from names n1 full join names n2 on n1.id = n2.id or exists (select * from names);

select n1.id,n2.id from names n1 full join names n2 on n1.id = n2.id or not exists (select * from names);

select n1.id,n2.id from names n1 full join names n2 on n1.id = n2.id or exists (select * from names where n1.id < n2.id);

select n1.id,n2.id from names n1 full join names n2 on n1.id = n2.id or not exists (select * from names where n1.id < n2.id);

select n1.id,n2.id from names n1 full join names n2 on (n1.id = (select n3.id from names n3 where n1.id = n3.id));

select n1.id,n2.id from names n1 full join names n2 on (1 = (select n3.id from names n3 where n1.id = n3.id));

select n1.id,n2.id from names n1 full join names n2 on exists (select * from names);

select n1.id,n2.id from names n1 full join names n2 on not exists (select * from names);

select n1.id,n2.id from names n1 full join names n2 on exists (select * from names where n1.id < n2.id);

select n1.id,n2.id from names n1 full join names n2 on not exists (select * from names where n1.id < n2.id);
id|id
0|0
0|1
0|2
0|3
0|4
0|5
1|0
1|1
1|2
1|3
1|4
1|5
2|0
2|1
2|2
2|3
2|4
2|5
3|0
3|1
3|2
3|3
3|4
3|5
4|0
4|1
4|2
4|3
4|4
4|5
5|0
5|1
5|2
5|3
5|4
5|5
(36 rows)
id|id
0|0
1|1
2|2
3|3
4|4
5|5
(6 rows)
id|id
0|0
0|1
0|2
0|3
0|4
0|5
1|1
1|2
1|3
1|4
1|5
2|2
2|3
2|4
2|5
3|3
3|4
3|5
4|4
4|5
5|5
(21 rows)
id|id
0|0
1|0
1|1
2|0
2|1
2|2
3|0
3|1
3|2
3|3
4|0
4|1
4|2
4|3
4|4
5|0
5|1
5|2
5|3
5|4
5|5
(21 rows)
id|id
0|0
0|1
0|2
0|3
0|4
0|5
1|0
1|1
1|2
1|3
1|4
1|5
2|0
2|1
2|2
2|3
2|4
2|5
3|0
3|1
3|2
3|3
3|4
3|5
4|0
4|1
4|2
4|3
4|4
4|5
5|0
5|1
5|2
5|3
5|4
5|5
(36 rows)
id|id
0|
1|0
1|1
1|2
1|3
1|4
1|5
2|
3|
4|
5|
(11 rows)
id|id
0|0
0|1
0|2
0|3
0|4
0|5
1|0
1|1
1|2
1|3
1|4
1|5
2|0
2|1
2|2
2|3
2|4
2|5
3|0
3|1
3|2
3|3
3|4
3|5
4|0
4|1
4|2
4|3
4|4
4|5
5|0
5|1
5|2
5|3
5|4
5|5
(36 rows)
id|id
0|
1|
2|
3|
4|
5|
|0
|1
|2
|3
|4
|5
(12 rows)
id|id
0|1
0|2
0|3
0|4
0|5
1|2
1|3
1|4
1|5
2|3
2|4
2|5
3|4
3|5
4|5
5|
|0
(17 rows)
id|id
0|0
1|0
1|1
2|0
2|1
2|2
3|0
3|1
3|2
3|3
4|0
4|1
4|2
4|3
4|4
5|0
5|1
5|2
5|3
5|4
5|5
(21 rows)
