
-- creating a function for cutting "year" from datelabel
DROP FUNCTION IF EXISTS ZEXT(VARCHAR,INTEGER,INTEGER);
CREATE FUNCTION ZEXT(VARCHAR,INTEGER,INTEGER) RETURNS VARCHAR AS $$ZEXT^Q6F;
--this is a shortened table to show the error
DROP TABLE IF EXISTS QAUDITCEVENT;
CREATE TABLE QAUDITCEVENT
(
ID VARCHAR PRIMARY KEY,
DATELABEL VARCHAR,
EVENTNAME VARCHAR
) GLOBAL "^qAuditC";

-- Note that we pass these argument strings using single quotes to prevent their treatment
-- as SQL identifiers, which would occur if double quotes are used.
--
-- The string argument to XECUTE_M_CODE is intended to be valid M code, and so theoretically
-- could contain a `'` character, i.e. an M not-operator. However, since single quotes are used
-- to delimit the string and there is no way in Octo to escape single quotes in string literals,
-- it is not in fact possible to pass M code using the `'` operator to `XECUTE_M_CODE`.
--
-- This is acceptable in this case, since we do not expect this operator to be used in arguments
-- to this function. This expectation is based on the fact that this is a helper function used
-- only within the test framework and is not intended for general use by users.
SELECT XECUTE_M_CODE('kill ^qAuditC');
SELECT XECUTE_M_CODE('set ^qAuditC(1)="20200101|New Year",^qAuditC(2)="20200229|Leap Day"');
SELECT XECUTE_M_CODE('set ^qAuditC(3)="20210101|New Year"');

-- making an sql expression with grouping by year:
SELECT ZEXT(DATELABEL, 1, 4), count (*) from QAUDITCEVENT group by ZEXT(DATELABEL, 1,4);
SELECT ZEXT(DATELABEL, 1, 4), count (*) from QAUDITCEVENT group by 1;
OCTO> DROP FUNCTION IF EXISTS ZEXT(VARCHAR,INTEGER,INTEGER);
DROP FUNCTION
OCTO> CREATE FUNCTION ZEXT(VARCHAR,INTEGER,INTEGER) RETURNS VARCHAR AS $$ZEXT^Q6F;
CREATE FUNCTION
OCTO> --this is a shortened table to show the error
DROP TABLE IF EXISTS QAUDITCEVENT;
DROP TABLE
OCTO> CREATE TABLE QAUDITCEVENT
(
ID VARCHAR PRIMARY KEY,
DATELABEL VARCHAR,
EVENTNAME VARCHAR
) GLOBAL "^qAuditC";
CREATE TABLE
OCTO> --
--
SELECT XECUTE_M_CODE('kill ^qAuditC');
xecute_m_code
0
(1 row)
OCTO> SELECT XECUTE_M_CODE('set ^qAuditC(1)="20200101|New Year",^qAuditC(2)="20200229|Leap Day"');
xecute_m_code
0
(1 row)
OCTO> SELECT XECUTE_M_CODE('set ^qAuditC(3)="20210101|New Year"');
xecute_m_code
0
(1 row)
OCTO> SELECT ZEXT(DATELABEL, 1, 4), count (*) from QAUDITCEVENT group by ZEXT(DATELABEL, 1,4);
zext|count(*)
2020|2
2021|1
(2 rows)
OCTO> SELECT ZEXT(DATELABEL, 1, 4), count (*) from QAUDITCEVENT group by 1;
zext|count(*)
2020|2
2021|1
(2 rows)
OCTO> 
