
-- TII05 : OCTO502 : Test various errors in INSERT INTO

SELECT '-- Test ERR_INSERT_TYPE_MISMATCH error';
INSERT INTO names SELECT firstname FROM names;
INSERT INTO names SELECT lastname FROM names;
INSERT INTO names SELECT firstname,id+6 FROM names;
INSERT INTO names SELECT firstname,firstname,lastname FROM names;
INSERT INTO names SELECT id+6,id,lastname FROM names;
INSERT INTO names SELECT id+6,firstname,TRUE from names;
INSERT INTO names SELECT (id+6)::BOOLEAN,firstname,lastname from names;
INSERT INTO names SELECT id::BOOLEAN,firstname,lastname from names;
INSERT INTO names(firstname,id) SELECT id,firstname FROM names;
INSERT INTO names(firstname,id,lastname) SELECT * FROM names;

SELECT '-- Test ERR_INSERT_TOO_MANY_EXPRESSIONS error';
INSERT INTO names SELECT id,firstname,lastname,id FROM names;
INSERT INTO names SELECT NULL,NULL,NULL,NULL FROM names;
INSERT INTO names(id) SELECT id,firstname FROM names;
INSERT INTO names(id) SELECT id,firstname FROM names;
INSERT INTO names(id,firstname) SELECT id,firstname,id FROM names;

SELECT '-- Test ERR_INSERT_TOO_MANY_COLUMNS error';
INSERT INTO names(id,firstname) SELECT id FROM names;

SELECT '-- Test ERR_TABLE_UNKNOWN_COLUMN_NAME error';
INSERT INTO names(invalid) SELECT * FROM names;
INSERT INTO names(firstname,invalid) SELECT * FROM names;
INSERT INTO names(id,lastname,invalid) SELECT * FROM names;

SELECT '-- Test that only ERR_TABLE_UNKNOWN_COLUMN_NAME error is issued if ERR_DUPLICATE_COLUMN error also exists';
INSERT INTO names(invalid,invalid) SELECT * FROM names;

SELECT '-- Test ERR_DUPLICATE_COLUMN error';
INSERT INTO names(id,invalid,id) SELECT * FROM names;
INSERT INTO names(id,firstname,firstname,lastname) SELECT * FROM names;
INSERT INTO names(id,firstname,firstname,firstname,lastname) SELECT * FROM names;

SELECT '-- Simple ERR_VARCHAR_TOO_LONG error test case';
CREATE TABLE test1 (id INTEGER PRIMARY KEY, column1 VARCHAR(3));
INSERT INTO test1 VALUES (1,'abcd');		-- 4 ascii characters
INSERT INTO test1 VALUES (2,'ＡＢＣＤ');	-- 4 utf-8 characters
SELECT * FROM test1;
DROP TABLE test1;

SELECT '-- Fancy ERR_VARCHAR_TOO_LONG error test case';
SELECT '-- Test that VARCHAR(4) does not allow 7 character strings to be stored if not all last 3 characters are spaces.';
CREATE TABLE test1 (column1 VARCHAR(4));
INSERT INTO test1 VALUES ('abcd  e');
INSERT INTO test1 VALUES ('abcd e ');
INSERT INTO test1 VALUES ('abcde  ');
INSERT INTO test1 VALUES ('ＡＢＣＤ  Ｅ');
INSERT INTO test1 VALUES ('ＡＢＣＤ Ｅ ');
INSERT INTO test1 VALUES ('ＡＢＣＤＥ  ');
SELECT * FROM test1;
DROP TABLE test1;

SELECT '-- Fancier ERR_VARCHAR_TOO_LONG error test case';
SELECT '-- Test that an over length value when typecast to varchar(N) will be truncated to N characters';
SELECT '-- And that and an error will be issued if N is over length compared to the maximum column size';
CREATE TABLE test1 (column1 character(4));
INSERT INTO test1 SELECT '|' || 'abcd'::varchar(3) || '|';
INSERT INTO test1 SELECT '|' || 'ＡＢＣＤ'::varchar(3) || '|';
SELECT * FROM test1;
DROP TABLE test1;

SELECT '-- Test of ERR_NUMERIC_OVERFLOW';
CREATE TABLE test1 (column1 NUMERIC(2,1));
INSERT INTO test1 VALUES (10);
INSERT INTO test1 VALUES (-10);
INSERT INTO test1 VALUES (9.99);
INSERT INTO test1 VALUES (-9.99);
DROP TABLE test1;

SELECT '-- Test of VARCHAR_TOO_LONG midway in the INSERT INTO';
CREATE TABLE test1 (id INTEGER PRIMARY KEY, column1 VARCHAR(3));
INSERT INTO test1 VALUES (1, 'abc'), (2, 'abcd'), (3, 'ab');
SELECT '-- Verify that no rows are inserted at the end (expecting no rows to be output below)';
SELECT * FROM test1;
DROP TABLE test1;
SELECT '-- Test that valid queries work fine after an INSERT INTO query that had an error midway';
SELECT * FROM names WHERE id = 4;

SELECT '-- Test of ERR_TABLE_READONLY error against various catalog tables';
INSERT INTO octoOneRowTable SELECT * from names;
INSERT INTO pg_catalog.pg_namespace SELECT * from names;
INSERT INTO pg_catalog.pg_type SELECT * from names;
INSERT INTO pg_catalog.pg_class SELECT * from names;
INSERT INTO pg_catalog.pg_description SELECT * from names;
INSERT INTO information_schema.tables SELECT * from names;
INSERT INTO pg_catalog.pg_proc SELECT * from names;
INSERT INTO pg_catalog.pg_attribute SELECT * from names;
INSERT INTO pg_catalog.pg_attrdef SELECT * from names;
INSERT INTO pg_catalog.pg_settings SELECT * from names;
INSERT INTO pg_catalog.pg_database SELECT * from names;
INSERT INTO pg_catalog.pg_roles SELECT * from names;
INSERT INTO pg_catalog.pg_user SELECT * from names;

SELECT '-- Test of ERR_TABLE_READONLY error in a table created with READONLY';
CREATE TABLE test1 (id INTEGER PRIMARY KEY) READONLY;
INSERT INTO test1 SELECT 1;
DROP TABLE test1;

SELECT '-- Test same table created with READWRITE works fine with INSERT INTO';
CREATE TABLE test1 (id INTEGER PRIMARY KEY) READWRITE;
INSERT INTO test1 SELECT 1;
SELECT * from test1;
DROP TABLE test1;

SELECT '-- Test of ERR_TABLE_READONLY error in a table created with READONLY implicitly assumed';
CREATE TABLE test1 (id INTEGER PRIMARY KEY, firstname VARCHAR DELIM "", lastname VARCHAR DELIM "");
-- The below command used to previously assert fail as follows previously.
-- octo: build/src/tmpl_insert_into.ctemplate.c:230: tmpl_insert_into: Assertion `((void *)0) != get_keyword(cur_column, OPTIONAL_PIECE)' failed.
INSERT INTO test1 VALUES (1, 'abcd', 'efgh');
DROP TABLE test1;

SELECT '-- Test of ERR_UNKNOWN_TABLE error';
INSERT INTO abcd VALUES (1);

SELECT '-- Test of ERR_DUPLICATE_KEY_VALUE on names database';
INSERT INTO names VALUES (4, 'abcd', 'efgh');
INSERT INTO names VALUES (6, 'First6', 'Last6'), (3, 'First3', 'Last3'), (5, 'First5', 'Last5');

SELECT '-- Test of ERR_DUPLICATE_KEY_VALUE on composite database';
INSERT INTO composite VALUES (1,2,3,4,5,6,8,7,NULL);

SELECT '-- Test of ERR_NULL_COL_VALUE on names database where ID column is explicitly specified as NULL';
INSERT INTO names VALUES (NULL, 'FirstNULL', 'LastNULL');

SELECT '-- Test of ERR_NULL_COL_VALUE on names database where ID column is implicitly specified as NULL';
INSERT INTO names(firstname) VALUES ('FirstName');

SELECT '-- Test of ERR_NULL_COL_VALUE on composite database where ID5 column is explicitly specified as NULL';
INSERT INTO composite VALUES (1,2,3,4,5,NULL,8,7,NULL);

SELECT '-- Test of ERR_NULL_COL_VALUE on composite database where ID3 column is implicitly specified as NULL';
INSERT INTO composite(id0,id1,id2,id4,id5,id6,id7) VALUES (1,2,3,5,6,8,7);

SELECT '-- Test of syntax error for qualified column names (i.e. `x.y` syntax) in select list';
INSERT INTO names(names.id,names.firstname,names.lastname) SELECT * FROM names;
INSERT INTO names(id,names.firstname,names.lastname) SELECT * FROM names;
INSERT INTO names(id,firstname,names.lastname) SELECT * FROM names;
???
-- Test ERR_INSERT_TYPE_MISMATCH error
(1 row)
[ERROR]: ERR_INSERT_TYPE_MISMATCH: Column "id" is of type INTEGER but expression is of type VARCHAR
LINE 4:1: INSERT INTO names SELECT firstname FROM names;
                                   ^^^^^^^^^
[ERROR]: ERR_INSERT_TYPE_MISMATCH: Column "id" is of type INTEGER but expression is of type VARCHAR
LINE 5:1: INSERT INTO names SELECT lastname FROM names;
                                   ^^^^^^^^
[ERROR]: ERR_INSERT_TYPE_MISMATCH: Column "id" is of type INTEGER but expression is of type VARCHAR
LINE 6:1: INSERT INTO names SELECT firstname,id+6 FROM names;
                                   ^^^^^^^^^
[ERROR]: ERR_INSERT_TYPE_MISMATCH: Column "id" is of type INTEGER but expression is of type VARCHAR
LINE 7:1: INSERT INTO names SELECT firstname,firstname,lastname FROM name...
                                   ^^^^^^^^^
[ERROR]: ERR_INSERT_TYPE_MISMATCH: Column "firstname" is of type VARCHAR but expression is of type INTEGER
LINE 8:1: INSERT INTO names SELECT id+6,id,lastname FROM names;
                                        ^^
[ERROR]: ERR_INSERT_TYPE_MISMATCH: Column "lastname" is of type VARCHAR but expression is of type BOOLEAN
LINE 9:1: INSERT INTO names SELECT id+6,firstname,TRUE from names;
                                                  ^^^^
[ERROR]: ERR_INSERT_TYPE_MISMATCH: Column "id" is of type INTEGER but expression is of type BOOLEAN
LINE 10:1: ...NSERT INTO names SELECT (id+6)::BOOLEAN,firstname,lastname from...
                                      ^^^^^^^^^^^^^^^
[ERROR]: ERR_INSERT_TYPE_MISMATCH: Column "id" is of type INTEGER but expression is of type BOOLEAN
LINE 11:1: INSERT INTO names SELECT id::BOOLEAN,firstname,lastname from na...
                                    ^^^^^^^^^^^
[ERROR]: ERR_INSERT_TYPE_MISMATCH: Column "firstname" is of type VARCHAR but expression is of type INTEGER
LINE 12:1: INSERT INTO names(firstname,id) SELECT id,firstname FROM names;
                             ^^^^^^^^^
LINE 12:1: INSERT INTO names(firstname,id) SELECT id,firstname FROM names;
                                                  ^^
[ERROR]: ERR_INSERT_TYPE_MISMATCH: Column "firstname" is of type VARCHAR but expression is of type INTEGER
LINE 13:1: INSERT INTO names(firstname,id,lastname) SELECT * FROM names;
                             ^^^^^^^^^
LINE 13:1: INSERT INTO names(firstname,id,lastname) SELECT * FROM names;
                                                           ^
???
-- Test ERR_INSERT_TOO_MANY_EXPRESSIONS error
(1 row)
[ERROR]: ERR_INSERT_TOO_MANY_EXPRESSIONS: INSERT has more expressions than target columns
LINE 16:1: INSERT INTO names SELECT id,firstname,lastname,id FROM names;
                                                          ^^
[ERROR]: ERR_INSERT_TOO_MANY_EXPRESSIONS: INSERT has more expressions than target columns
LINE 17:1: INSERT INTO names SELECT NULL,NULL,NULL,NULL FROM names;
                                                   ^^^^
[ERROR]: ERR_INSERT_TOO_MANY_EXPRESSIONS: INSERT has more expressions than target columns
LINE 18:1: INSERT INTO names(id) SELECT id,firstname FROM names;
                                           ^^^^^^^^^
[ERROR]: ERR_INSERT_TOO_MANY_EXPRESSIONS: INSERT has more expressions than target columns
LINE 19:1: INSERT INTO names(id) SELECT id,firstname FROM names;
                                           ^^^^^^^^^
[ERROR]: ERR_INSERT_TOO_MANY_EXPRESSIONS: INSERT has more expressions than target columns
LINE 20:1: ...SERT INTO names(id,firstname) SELECT id,firstname,id FROM names;
                                                                ^^
???
-- Test ERR_INSERT_TOO_MANY_COLUMNS error
(1 row)
[ERROR]: ERR_INSERT_TOO_MANY_COLUMNS: INSERT has more target columns than expressions
LINE 23:1: INSERT INTO names(id,firstname) SELECT id FROM names;
                                ^^^^^^^^^
???
-- Test ERR_TABLE_UNKNOWN_COLUMN_NAME error
(1 row)
[ERROR]: ERR_TABLE_UNKNOWN_COLUMN_NAME: Column "invalid" of table "names" does not exist
LINE 26:1: INSERT INTO names(invalid) SELECT * FROM names;
                             ^^^^^^^
[ERROR]: ERR_TABLE_UNKNOWN_COLUMN_NAME: Column "invalid" of table "names" does not exist
LINE 27:1: INSERT INTO names(firstname,invalid) SELECT * FROM names;
                                       ^^^^^^^
[ERROR]: ERR_TABLE_UNKNOWN_COLUMN_NAME: Column "invalid" of table "names" does not exist
LINE 28:1: INSERT INTO names(id,lastname,invalid) SELECT * FROM names;
                                         ^^^^^^^
???
-- Test that only ERR_TABLE_UNKNOWN_COLUMN_NAME error is issued if ERR_DUPLICATE_COLUMN error also exists
(1 row)
[ERROR]: ERR_TABLE_UNKNOWN_COLUMN_NAME: Column "invalid" of table "names" does not exist
LINE 31:1: INSERT INTO names(invalid,invalid) SELECT * FROM names;
                             ^^^^^^^
???
-- Test ERR_DUPLICATE_COLUMN error
(1 row)
[ERROR]: ERR_DUPLICATE_COLUMN: Column "id" specified more than once
LINE 34:1: INSERT INTO names(id,invalid,id) SELECT * FROM names;
                                        ^^
[ERROR]: ERR_DUPLICATE_COLUMN: Column "firstname" specified more than once
LINE 35:1: ...RT INTO names(id,firstname,firstname,lastname) SELECT * FROM na...
                                         ^^^^^^^^^
[ERROR]: ERR_DUPLICATE_COLUMN: Column "firstname" specified more than once
LINE 36:1: ...RT INTO names(id,firstname,firstname,firstname,lastname) SELECT...
                                         ^^^^^^^^^
???
-- Simple ERR_VARCHAR_TOO_LONG error test case
(1 row)
CREATE TABLE
[ERROR]: ERR_VARCHAR_TOO_LONG: Value too long for type VARCHAR(3)
[ERROR]: ERR_VARCHAR_TOO_LONG: Value too long for type VARCHAR(3)
id|column1
(0 rows)
DROP TABLE
???
-- Fancy ERR_VARCHAR_TOO_LONG error test case
(1 row)
???
-- Test that VARCHAR(4) does not allow 7 character strings to be stored if not all last 3 characters are spaces.
(1 row)
CREATE TABLE
[ERROR]: ERR_VARCHAR_TOO_LONG: Value too long for type VARCHAR(4)
[ERROR]: ERR_VARCHAR_TOO_LONG: Value too long for type VARCHAR(4)
[ERROR]: ERR_VARCHAR_TOO_LONG: Value too long for type VARCHAR(4)
[ERROR]: ERR_VARCHAR_TOO_LONG: Value too long for type VARCHAR(4)
[ERROR]: ERR_VARCHAR_TOO_LONG: Value too long for type VARCHAR(4)
[ERROR]: ERR_VARCHAR_TOO_LONG: Value too long for type VARCHAR(4)
column1
(0 rows)
DROP TABLE
???
-- Fancier ERR_VARCHAR_TOO_LONG error test case
(1 row)
???
-- Test that an over length value when typecast to varchar(N) will be truncated to N characters
(1 row)
???
-- And that and an error will be issued if N is over length compared to the maximum column size
(1 row)
CREATE TABLE
[ERROR]: ERR_VARCHAR_TOO_LONG: Value too long for type VARCHAR(4)
[ERROR]: ERR_VARCHAR_TOO_LONG: Value too long for type VARCHAR(4)
column1
(0 rows)
DROP TABLE
???
-- Test of ERR_NUMERIC_OVERFLOW
(1 row)
CREATE TABLE
[ERROR]: ERR_NUMERIC_OVERFLOW: Numeric field overflow; A field with precision 2, scale 1 must round to an absolute value less than 10^1
[ERROR]: ERR_NUMERIC_OVERFLOW: Numeric field overflow; A field with precision 2, scale 1 must round to an absolute value less than 10^1
[ERROR]: ERR_NUMERIC_OVERFLOW: Numeric field overflow; A field with precision 2, scale 1 must round to an absolute value less than 10^1
[ERROR]: ERR_NUMERIC_OVERFLOW: Numeric field overflow; A field with precision 2, scale 1 must round to an absolute value less than 10^1
DROP TABLE
???
-- Test of VARCHAR_TOO_LONG midway in the INSERT INTO
(1 row)
CREATE TABLE
[ERROR]: ERR_VARCHAR_TOO_LONG: Value too long for type VARCHAR(3)
???
-- Verify that no rows are inserted at the end (expecting no rows to be output below)
(1 row)
id|column1
(0 rows)
DROP TABLE
???
-- Test that valid queries work fine after an INSERT INTO query that had an error midway
(1 row)
id|firstname|lastname
4|Joey|
(1 row)
???
-- Test of ERR_TABLE_READONLY error against various catalog tables
(1 row)
[ERROR]: ERR_TABLE_READONLY: INSERT not allowed on READONLY table "octoonerowtable". Only allowed on READWRITE tables.
[ERROR]: ERR_TABLE_READONLY: INSERT not allowed on READONLY table "pg_catalog.pg_namespace". Only allowed on READWRITE tables.
[ERROR]: ERR_TABLE_READONLY: INSERT not allowed on READONLY table "pg_catalog.pg_type". Only allowed on READWRITE tables.
[ERROR]: ERR_TABLE_READONLY: INSERT not allowed on READONLY table "pg_catalog.pg_class". Only allowed on READWRITE tables.
[ERROR]: ERR_TABLE_READONLY: INSERT not allowed on READONLY table "pg_catalog.pg_description". Only allowed on READWRITE tables.
[ERROR]: ERR_TABLE_READONLY: INSERT not allowed on READONLY table "information_schema.tables". Only allowed on READWRITE tables.
[ERROR]: ERR_TABLE_READONLY: INSERT not allowed on READONLY table "pg_catalog.pg_proc". Only allowed on READWRITE tables.
[ERROR]: ERR_TABLE_READONLY: INSERT not allowed on READONLY table "pg_catalog.pg_attribute". Only allowed on READWRITE tables.
[ERROR]: ERR_TABLE_READONLY: INSERT not allowed on READONLY table "pg_catalog.pg_attrdef". Only allowed on READWRITE tables.
[ERROR]: ERR_TABLE_READONLY: INSERT not allowed on READONLY table "pg_catalog.pg_settings". Only allowed on READWRITE tables.
[ERROR]: ERR_TABLE_READONLY: INSERT not allowed on READONLY table "pg_catalog.pg_database". Only allowed on READWRITE tables.
[ERROR]: ERR_TABLE_READONLY: INSERT not allowed on READONLY table "pg_catalog.pg_roles". Only allowed on READWRITE tables.
[ERROR]: ERR_TABLE_READONLY: INSERT not allowed on READONLY table "pg_catalog.pg_user". Only allowed on READWRITE tables.
???
-- Test of ERR_TABLE_READONLY error in a table created with READONLY
(1 row)
CREATE TABLE
[ERROR]: ERR_TABLE_READONLY: INSERT not allowed on READONLY table "test1". Only allowed on READWRITE tables.
DROP TABLE
???
-- Test same table created with READWRITE works fine with INSERT INTO
(1 row)
CREATE TABLE
INSERT 0 1
id
1
(1 row)
DROP TABLE
???
-- Test of ERR_TABLE_READONLY error in a table created with READONLY implicitly assumed
(1 row)
CREATE TABLE
[ERROR]: ERR_TABLE_READONLY: INSERT not allowed on READONLY table "test1". Only allowed on READWRITE tables.
DROP TABLE
???
-- Test of ERR_UNKNOWN_TABLE error
(1 row)
[ERROR]: ERR_UNKNOWN_TABLE: Unknown table: abcd
LINE 115:1: INSERT INTO abcd VALUES (1);
                        ^^^^
???
-- Test of ERR_DUPLICATE_KEY_VALUE on names database
(1 row)
[ERROR]: ERR_DUPLICATE_KEY_VALUE: Duplicate Key Value violates UNIQUE constraint "names_pkey" : Key (id)=(4) already exists
[ERROR]: ERR_DUPLICATE_KEY_VALUE: Duplicate Key Value violates UNIQUE constraint "names_pkey" : Key (id)=(3) already exists
???
-- Test of ERR_DUPLICATE_KEY_VALUE on composite database
(1 row)
[ERROR]: ERR_DUPLICATE_KEY_VALUE: Duplicate Key Value violates UNIQUE constraint "composite_pkey" : Key (id0, id1, id2, id3, id4, id5, id6, id7)=(1, 2, 3, 4, 5, 6, 8, 7) already exists
???
-- Test of ERR_NULL_COL_VALUE on names database where ID column is explicitly specified as NULL
(1 row)
[ERROR]: ERR_NULL_COL_VALUE: NULL value in column id violates NOT NULL constraint
???
-- Test of ERR_NULL_COL_VALUE on names database where ID column is implicitly specified as NULL
(1 row)
[ERROR]: ERR_NULL_COL_VALUE: NULL value in column id violates NOT NULL constraint
???
-- Test of ERR_NULL_COL_VALUE on composite database where ID5 column is explicitly specified as NULL
(1 row)
[ERROR]: ERR_NULL_COL_VALUE: NULL value in column id5 violates NOT NULL constraint
???
-- Test of ERR_NULL_COL_VALUE on composite database where ID3 column is implicitly specified as NULL
(1 row)
[ERROR]: ERR_NULL_COL_VALUE: NULL value in column id3 violates NOT NULL constraint
???
-- Test of syntax error for qualified column names (i.e. `x.y` syntax) in select list
(1 row)
LINE 137:1: INSERT INTO names(names.id,names.firstname,names.lastname) SELE...
                                   ^
syntax error, unexpected PERIOD, expecting RIGHT_PAREN
LINE 138:1: INSERT INTO names(id,names.firstname,names.lastname) SELECT * F...
                                      ^
syntax error, unexpected PERIOD, expecting RIGHT_PAREN
LINE 139:1: ...RT INTO names(id,firstname,names.lastname) SELECT * FROM names;
                                               ^
syntax error, unexpected PERIOD, expecting RIGHT_PAREN
