
-- TII04 : OCTO502 : Simple INSERT INTO queries work

SELECT '';
SELECT ' -- NAMES table BEFORE INSERT INTO : Has 6 rows';
SELECT * FROM names;
SELECT '';
SELECT ' -- INSERT INTO';
SELECT ' -- Add every existing row of NAMES table into same table resulting in 2x rows';
INSERT INTO names SELECT id+6,firstname,lastname FROM names;
SELECT '';
INSERT INTO names VALUES (12, 'First12', 'Last12'), (13, 'First13', 'Last13');
-- Also test INSERT INTO with comma-separated list of columns specified for the target table
INSERT INTO names(id,firstname,lastname) VALUES (14, 'First14', 'Last14'), (15, 'First15', 'Last15') UNION SELECT id+16,'First' || (id+16), 'Last' || (id+16) FROM names LIMIT 1;
INSERT INTO names VALUES (17, 'First17', 'Last17'), (18, 'First18', 'Last18') UNION VALUES (19, 'First19', 'Last19'), (20, 'First20', 'Last20');
SELECT ' -- NAMES table AFTER various INSERT INTO operations; Has 21 rows, id=0 thru id=20';
SELECT * FROM names;

SELECT '';
SELECT ' -- CUSTOMERS table BEFORE INSERT INTO : Has 5 rows';
SELECT * FROM customers;
SELECT '';
SELECT ' -- INSERT INTO';
SELECT ' -- Add every existing row of CUSTOMERS table into same table resulting in 2x rows';
INSERT INTO customers SELECT customer_id+5,first_name,last_name,email,address,city,state,zipcode FROM customers;
SELECT '';
SELECT ' -- CUSTOMERS table AFTER INSERT INTO : Has 10 rows (twice original number)';
SELECT * FROM customers;

SELECT '';
SELECT ' -- COMPOSITE table BEFORE INSERT INTO : Has 10 rows';
SELECT * FROM composite;
SELECT '';
SELECT ' -- INSERT INTO';
SELECT ' -- Add every existing row of COMPOSITE table into same table resulting in 2x rows';
INSERT INTO composite SELECT id0,id1,id2,id3,id4,id5+2,id6,id7,name FROM composite;
SELECT '';
SELECT ' -- COMPOSITE table AFTER INSERT INTO : Has 20 rows (twice original number)';
SELECT * FROM composite;

SELECT '';
SELECT '-- Test that VARCHAR(4) allows character strings shorter than 4 chars to be stored without space padding at end';
CREATE TABLE test1 (column1 character(4));
INSERT INTO test1 VALUES ('abc');
INSERT INTO test1 VALUES ('ab');
INSERT INTO test1 VALUES ('a');
SELECT '|' || column1 || '|' FROM test1;
DROP TABLE test1;

SELECT '';
SELECT '-- Test that VARCHAR(4) allows 7 character strings to be stored if last 3 characters are spaces';
CREATE TABLE test2 (column1 character(4));
INSERT INTO test2 VALUES ('abcd   ');
INSERT INTO test2 VALUES ('abc    ');
SELECT '|' || column1 || '|' FROM test2;
DROP TABLE test2;

SELECT '';
SELECT '-- Test that an over length value when typecast to varchar(N) will be truncated to N characters without an error';
CREATE TABLE test3 (column1 character(4));
INSERT INTO test3 SELECT '|' || 'abcd'::varchar(2) || '|';
SELECT * FROM test3;
DROP TABLE test3;

SELECT '';
SELECT '-- Test that excess digits to right of decimal point in NUMERIC(PRECISION,SCALE) column are discarded without an error';
CREATE TABLE test4 (column1 NUMERIC(2,1));
INSERT INTO test4 VALUES (3);
INSERT INTO test4 VALUES (-4.1);
INSERT INTO test4 VALUES (5.23);
INSERT INTO test4 VALUES (-6.385);
INSERT INTO test4 VALUES (-7.4999);
INSERT INTO test4 VALUES (9.499);
INSERT INTO test4 VALUES (-9.501);
SELECT * FROM test4;
DROP TABLE test4;

???

(1 row)
???
 -- NAMES table BEFORE INSERT INTO : Has 6 rows
(1 row)
ID|FIRSTNAME|LASTNAME
0|Zero|Cool
1|Acid|Burn
2|Cereal|Killer
3|Lord|Nikon
4|Joey|
5|Zero|Cool
(6 rows)
???

(1 row)
???
 -- INSERT INTO
(1 row)
???
 -- Add every existing row of NAMES table into same table resulting in 2x rows
(1 row)
INSERT 0 6
???

(1 row)
INSERT 0 2
INSERT 0 3
INSERT 0 4
???
 -- NAMES table AFTER various INSERT INTO operations; Has 21 rows, id=0 thru id=20
(1 row)
ID|FIRSTNAME|LASTNAME
0|Zero|Cool
1|Acid|Burn
2|Cereal|Killer
3|Lord|Nikon
4|Joey|
5|Zero|Cool
6|Zero|Cool
7|Acid|Burn
8|Cereal|Killer
9|Lord|Nikon
10|Joey|
11|Zero|Cool
12|First12|Last12
13|First13|Last13
14|First14|Last14
15|First15|Last15
16|First16|Last16
17|First17|Last17
18|First18|Last18
19|First19|Last19
20|First20|Last20
(21 rows)
???

(1 row)
???
 -- CUSTOMERS table BEFORE INSERT INTO : Has 5 rows
(1 row)
CUSTOMER_ID|FIRST_NAME|LAST_NAME|EMAIL|ADDRESS|CITY|STATE|ZIPCODE
1|George|Washington|gwashington@usa.gov|3200 Mt Vernon Hwy|Mount Vernon|VA|22121
2|John|Adams|jadams@usa.gov|1250 Hancock St|Quincy|MA|02169
3|Thomas|Jefferson|tjefferson@usa.gov|931 Thomas Jefferson Pkwy|Charlottesville|VA|22902
4|James|Madison|jmadison@usa.gov|11350 Constitution Hwy|Orange|VA|22960
5|James|Monroe|jmonroe@usa.gov|2050 James Monroe Parkway|Charlottesville|VA|22902
(5 rows)
???

(1 row)
???
 -- INSERT INTO
(1 row)
???
 -- Add every existing row of CUSTOMERS table into same table resulting in 2x rows
(1 row)
INSERT 0 5
???

(1 row)
???
 -- CUSTOMERS table AFTER INSERT INTO : Has 10 rows (twice original number)
(1 row)
CUSTOMER_ID|FIRST_NAME|LAST_NAME|EMAIL|ADDRESS|CITY|STATE|ZIPCODE
1|George|Washington|gwashington@usa.gov|3200 Mt Vernon Hwy|Mount Vernon|VA|22121
2|John|Adams|jadams@usa.gov|1250 Hancock St|Quincy|MA|02169
3|Thomas|Jefferson|tjefferson@usa.gov|931 Thomas Jefferson Pkwy|Charlottesville|VA|22902
4|James|Madison|jmadison@usa.gov|11350 Constitution Hwy|Orange|VA|22960
5|James|Monroe|jmonroe@usa.gov|2050 James Monroe Parkway|Charlottesville|VA|22902
6|George|Washington|gwashington@usa.gov|3200 Mt Vernon Hwy|Mount Vernon|VA|22121
7|John|Adams|jadams@usa.gov|1250 Hancock St|Quincy|MA|02169
8|Thomas|Jefferson|tjefferson@usa.gov|931 Thomas Jefferson Pkwy|Charlottesville|VA|22902
9|James|Madison|jmadison@usa.gov|11350 Constitution Hwy|Orange|VA|22960
10|James|Monroe|jmonroe@usa.gov|2050 James Monroe Parkway|Charlottesville|VA|22902
(10 rows)
???

(1 row)
???
 -- COMPOSITE table BEFORE INSERT INTO : Has 10 rows
(1 row)
ID0|ID1|ID2|ID3|ID4|ID5|ID6|ID7|NAME
0|1|2|3|4|5|6|7|Name1
0|1|2|3|4|5|6|8|Name2
0|1|2|3|4|5|7|7|Name3
0|1|2|3|4|5|8|7|Name4
0|1|2|3|4|6|8|7|Name5
0|1|2|3|5|6|8|7|Name6
0|1|2|4|5|6|8|7|Name7
0|1|3|4|5|6|8|7|Name8
0|2|3|4|5|6|8|7|Name9
1|2|3|4|5|6|8|7|Name10
(10 rows)
???

(1 row)
???
 -- INSERT INTO
(1 row)
???
 -- Add every existing row of COMPOSITE table into same table resulting in 2x rows
(1 row)
INSERT 0 10
???

(1 row)
???
 -- COMPOSITE table AFTER INSERT INTO : Has 20 rows (twice original number)
(1 row)
ID0|ID1|ID2|ID3|ID4|ID5|ID6|ID7|NAME
0|1|2|3|4|5|6|7|Name1
0|1|2|3|4|5|6|8|Name2
0|1|2|3|4|5|7|7|Name3
0|1|2|3|4|5|8|7|Name4
0|1|2|3|4|6|8|7|Name5
0|1|2|3|4|7|6|7|Name1
0|1|2|3|4|7|6|8|Name2
0|1|2|3|4|7|7|7|Name3
0|1|2|3|4|7|8|7|Name4
0|1|2|3|4|8|8|7|Name5
0|1|2|3|5|6|8|7|Name6
0|1|2|3|5|8|8|7|Name6
0|1|2|4|5|6|8|7|Name7
0|1|2|4|5|8|8|7|Name7
0|1|3|4|5|6|8|7|Name8
0|1|3|4|5|8|8|7|Name8
0|2|3|4|5|6|8|7|Name9
0|2|3|4|5|8|8|7|Name9
1|2|3|4|5|6|8|7|Name10
1|2|3|4|5|8|8|7|Name10
(20 rows)
???

(1 row)
???
-- Test that VARCHAR(4) allows character strings shorter than 4 chars to be stored without space padding at end
(1 row)
INSERT 0 1
INSERT 0 1
INSERT 0 1
COLUMN1
|a|
|ab|
|abc|
(3 rows)
???

(1 row)
???
-- Test that VARCHAR(4) allows 7 character strings to be stored if last 3 characters are spaces
(1 row)
INSERT 0 1
INSERT 0 1
COLUMN1
|abc |
|abcd|
(2 rows)
???

(1 row)
???
-- Test that an over length value when typecast to varchar(N) will be truncated to N characters without an error
(1 row)
INSERT 0 1
COLUMN1
|ab|
(1 row)
???

(1 row)
???
-- Test that excess digits to right of decimal point in NUMERIC(PRECISION,SCALE) column are discarded without an error
(1 row)
INSERT 0 1
INSERT 0 1
INSERT 0 1
INSERT 0 1
INSERT 0 1
INSERT 0 1
INSERT 0 1
COLUMN1
-9.5
-7.5
-6.4
-4.1
5.2
9.5
3.0
(7 rows)
