select * from easynames where id = 1 or id = 2 or id = 10 limit 0;
select * from easynames where id = 1 or id = 2 or id = 10 limit 1;
select * from easynames where id = 1 or id = 2 or id = 10 limit 2;
select * from easynames where id = 1 or id = 2 or id = 10 limit 3;
select * from easynames where id = 1 or id = 2 or id = 10 limit 4;
select * from easynames where id = 1 or id = 2 or id = 10 order by name;
select * from easynames where id = 1 or id = 2 or id = 10 order by name limit 0;
select * from easynames where id = 1 or id = 2 or id = 10 order by name limit 1;
select * from easynames where id = 1 or id = 2 or id = 10 order by name limit 2;
select * from easynames where id = 1 or id = 2 or id = 10 order by name limit 3;
select * from easynames where id = 1 or id = 2 or id = 10 order by name limit 4;
id|name
(0 rows)
id|name
1|Name1
(1 row)
id|name
1|Name1
2|Name2
(2 rows)
id|name
1|Name1
2|Name2
10|Name0
(3 rows)
id|name
1|Name1
2|Name2
10|Name0
(3 rows)
id|name
10|Name0
1|Name1
2|Name2
(3 rows)
id|name
(0 rows)
id|name
10|Name0
(1 row)
id|name
10|Name0
1|Name1
(2 rows)
id|name
10|Name0
1|Name1
2|Name2
(3 rows)
id|name
10|Name0
1|Name1
2|Name2
(3 rows)
