
-- TL05 : Simple LIMIT tests

-- select with limit of one row
select * from names limit 1;

-- select with limit of one row from nested query
select * from (select * from names limit 1);

-- select with limit of one on outer statement of join
select * from names n1 INNER JOIN names n2 ON (n1.id = n2.id) WHERE n1.firstName = 'Joey' LIMIT 1;
select * from names n1 INNER JOIN names n2 ON (n1.id = n2.id) WHERE n1.firstName > 'Cereal' LIMIT 1;

-- -- error cases
select * from names limit .;
select * from names limit;
select * from names limit 'abcd';
select * from names limit -3;
id|firstname|lastname
0|Zero|Cool
(1 row)
id|firstname|lastname
0|Zero|Cool
(1 row)
id|firstname|lastname|id|firstname|lastname
4|Joey||4|Joey|
(1 row)
id|firstname|lastname|id|firstname|lastname
0|Zero|Cool|0|Zero|Cool
(1 row)
LINE 10:1: select * from names limit .;
                                     ^
syntax error, unexpected PERIOD, expecting LITERAL
LINE 11:1: select * from names limit;
                                    ^
syntax error, unexpected SEMICOLON, expecting LITERAL
[ERROR]: ERR_INVALID_INPUT_SYNTAX: Invalid input syntax : Expecting type NUMERIC or INTEGER : Actual type VARCHAR
LINE 12:1: select * from names limit 'abcd';
                                     ^^^^^^
LINE 13:1: select * from names limit -3;
                                     ^
syntax error, unexpected MINUS, expecting LITERAL
