firstname|lastname
Zero|Cool
Acid|Burn
Cereal|Killer
Lord|Nikon
Joey|
Zero|Cool
(6 rows)
[ERROR]: ERR_UNKNOWN_COLUMN_NAME: Unknown column: notathing
LINE 8:1: select notathing from names; select firstname from names limit ...
                 ^^^^^^^^^
firstname
Zero
(1 row)
lastname
Cool
(1 row)
