
-- TNK05 : OCTO687 : Test of '' vs NULL

-- All queries below use '' and so currently behave differently in Octo when compared to Postgres.
-- Therefore they cannot be included in the .sql files identified below in the comments because
-- those tests use "run_query_in_octo_and_postgres_and_crosscheck_multiple_queries".
-- These can be moved to the individual .sql files in the comments below when YDBOcto#687 is fixed
-- so Octo handling of '' is same as Postgres.

-- Below queries are from tests/fixtures/TRTR04a.sql
select firstname from ((select * from names) union (select 8 as id,'ey' as firstname, '' as lastname))n1 where firstname SIMILAR TO (firstname || lastname);
select firstname from ((select * from names) union (select 8 as id,'ey' as firstname, '' as lastname))n1 where firstname LIKE (firstname || lastname);
select * from ((select * from names) union (select 8 as id,'ey' as firstname, '' as lastname))n1 where (firstname || lastname) SIMILAR TO firstname;
select * from ((select * from names) union (select 8 as id,'ey' as firstname, '' as lastname))n1 where (firstname || lastname) LIKE firstname;
select * from ((select * from names) union (select 8 as id,'ey' as firstname, '' as lastname))n1 where (firstname || lastname) ~ firstname;

-- Below queries are from tests/fixtures/TNK01_noerrors_names.sql
select id,col1 from ((select NULL as col1, 1 as id) union (select 'First', 2) union (select '', 3) union (select 'Cool',4) union (select 'Cool',5)) u1;
select id,col1 from ((select NULL as col1, 1 as id) union (select 'First', 2) union (select '', 3) union (select 'Cool',4) union (select 'Cool',5)) u1 order by col1, id;
select id,col1 from ((select NULL as col1, 1 as id) union (select 'First', 2) union (select '', 3) union (select 'Cool',4) union (select 'Cool',5)) u1 order by col1 desc, id;
select id,col1 from ((select NULL as col1, 1 as id) union (select 'First', 2) union (select '', 3) union (select 'Cool',4) union (select 'Cool',5)) u1 order by id, col1;
select id,col1 from ((select NULL as col1, 1 as id) union (select 'First', 2) union (select '', 3) union (select 'Cool',4) union (select 'Cool',5)) u1 order by id, col1 desc;
select AVG(id),col1 from ((select NULL as col1, 1 as id) union (select 'First', 2) union (select '', 3) union (select 'Cool',4) union (select 'Cool',5)) u1 GROUP BY col1 order by col1;
select MIN(id),col1 from ((select NULL as col1, 1 as id) union (select 'First', 2) union (select '', 3) union (select 'Cool',4) union (select 'Cool',5)) u1 GROUP BY col1 order by col1;
select MAX(id),col1 from ((select NULL as col1, 1 as id) union (select 'First', 2) union (select '', 3) union (select 'Cool',4) union (select 'Cool',5)) u1 GROUP BY col1 order by col1 desc;
select SUM(id),col1 from ((select NULL as col1, 1 as id) union (select 'First', 2) union (select '', 3) union (select 'Cool',4) union (select 'Cool',5)) u1 GROUP BY col1 order by col1;
select COUNT(id),col1 from ((select NULL as col1, 1 as id) union (select 'First', 2) union (select '', 3) union (select 'Cool',4) union (select 'Cool',5)) u1 GROUP BY col1 order by col1;
select COUNT(*),col1 from ((select NULL as col1, 1 as id) union (select 'First', 2) union (select '', 3) union (select 'Cool',4) union (select 'Cool',5)) u1 GROUP BY col1 order by col1;
select * from ((select NULL as col1, 1 as id) union (select 'First', 2) union (select '', 3) union (select 'Cool',4) union (select 'Cool',5)) u1;
select * from ((select NULL as col1, 1 as id) union (select 'First', 2) union (select '', 3) union (select 'Cool',4) union (select 'Cool',5)) u1 order by col1, id;
select * from ((select NULL as col1, 1 as id) union (select 'First', 2) union (select '', 3) union (select 'Cool',4) union (select 'Cool',5)) u1 order by col1 desc, id;
select * from ((select NULL as col1, 1 as id) union (select 'First', 2) union (select '', 3) union (select 'Cool',4) union (select 'Cool',5)) u1 order by id, col1;
select * from ((select NULL as col1, 1 as id) union (select 'First', 2) union (select '', 3) union (select 'Cool',4) union (select 'Cool',5)) u1 order by id, col1 desc;
select distinct col1 from ((select NULL as col1, 1 as id) union (select 'First', 2) union (select '', 3) union (select 'Cool',4) union (select 'Cool',5)) u1 order by col1 desc;
SELECT id * 1 from ((SELECT NULL AS col1, 1 AS id) UNION (SELECT '', 3) UNION (SELECT 'Cool',4) UNION (SELECT NULL AS col1, NULL AS id)) u1 order by id;
SELECT id + 1 FROM ((SELECT NULL AS col1, 1 AS id) UNION (SELECT '', 3) UNION (SELECT 'Cool',4) UNION (SELECT NULL AS col1, NULL AS id)) u1 order by id;
SELECT id - 1 FROM ((SELECT NULL AS col1, 1 AS id) UNION (SELECT '', 3) UNION (SELECT 'Cool',4) UNION (SELECT NULL AS col1, NULL AS id)) u1 order by id;
SELECT id * 1 FROM ((SELECT NULL AS col1, 1 AS id) UNION (SELECT '', 3) UNION (SELECT 'Cool',4) UNION (SELECT NULL AS col1, NULL AS id)) u1 order by id;
SELECT id / 1 FROM ((SELECT NULL AS col1, 1 AS id) UNION (SELECT '', 3) UNION (SELECT 'Cool',4) UNION (SELECT NULL AS col1, NULL AS id)) u1 order by id;
SELECT 10 / id FROM ((SELECT NULL AS col1, 1 AS id) UNION (SELECT '', 2) UNION (SELECT 'Cool',5) UNION (SELECT NULL AS col1, NULL AS id)) u1 order by id;
SELECT 10 * id FROM ((SELECT NULL AS col1, 1 AS id) UNION (SELECT '', 3) UNION (SELECT 'Cool',4) UNION (SELECT NULL AS col1, NULL AS id)) u1 order by id;
SELECT 10 - id FROM ((SELECT NULL AS col1, 1 AS id) UNION (SELECT '', 3) UNION (SELECT 'Cool',4) UNION (SELECT NULL AS col1, NULL AS id)) u1 order by id;
SELECT 10 + id FROM ((SELECT NULL AS col1, 1 AS id) UNION (SELECT '', 3) UNION (SELECT 'Cool',4) UNION (SELECT NULL AS col1, NULL AS id)) u1 order by id;
select * from names where lastname = (select ''::text);

-- Below queries are from tests/fixtures/TAS00.sql
SELECT ARRAY(SELECT '' FROM names);

-- Below queries are from tests/fixtures/TCEF03_noerrors_names.sql
SELECT GREATEST('');
SELECT LEAST('');

-- Below queries are from tests/fixtures/TVC01.sql
-- Test of SET operations (UNION, INTERSECT etc.)
SELECT * FROM names where id < 4 UNION ALL (VALUES (0, 'Zero', 'Cool'), (1, 'Acid', 'Burn'), (2, 'Cereal', 'Killer'), (3, 'Lord', 'Nikon'), (4, 'Joey', ''), (5, 'Zero', 'Cool'));
SELECT * FROM names where id < 4 INTERSECT ALL (VALUES (0, 'Zero', 'Cool'), (1, 'Acid', 'Burn'), (2, 'Cereal', 'Killer'), (3, 'Lord', 'Nikon'), (4, 'Joey', ''), (5, 'Zero', 'Cool'));
SELECT * FROM names where id < 4 EXCEPT ALL (VALUES (0, 'Zero', 'Cool'), (1, 'Acid', 'Burn'), (2, 'Cereal', 'Killer'), (3, 'Lord', 'Nikon'), (4, 'Joey', ''), (5, 'Zero', 'Cool'));
SELECT * FROM names where id < 4 UNION (VALUES (0, 'Zero', 'Cool'), (1, 'Acid', 'Burn'), (2, 'Cereal', 'Killer'), (3, 'Lord', 'Nikon'), (4, 'Joey', ''), (5, 'Zero', 'Cool'));
SELECT * FROM names where id < 4 INTERSECT (VALUES (0, 'Zero', 'Cool'), (1, 'Acid', 'Burn'), (2, 'Cereal', 'Killer'), (3, 'Lord', 'Nikon'), (4, 'Joey', ''), (5, 'Zero', 'Cool'));
SELECT * FROM names where id < 4 EXCEPT (VALUES (0, 'Zero', 'Cool'), (1, 'Acid', 'Burn'), (2, 'Cereal', 'Killer'), (3, 'Lord', 'Nikon'), (4, 'Joey', ''), (5, 'Zero', 'Cool'));
SELECT * FROM names where id < 4 UNION ALL VALUES (0, 'Zero', 'Cool'), (1, 'Acid', 'Burn'), (2, 'Cereal', 'Killer'), (3, 'Lord', 'Nikon'), (4, 'Joey', ''), (5, 'Zero', 'Cool');
SELECT * FROM names where id < 4 INTERSECT ALL VALUES (0, 'Zero', 'Cool'), (1, 'Acid', 'Burn'), (2, 'Cereal', 'Killer'), (3, 'Lord', 'Nikon'), (4, 'Joey', ''), (5, 'Zero', 'Cool');
SELECT * FROM names where id < 4 EXCEPT ALL VALUES (0, 'Zero', 'Cool'), (1, 'Acid', 'Burn'), (2, 'Cereal', 'Killer'), (3, 'Lord', 'Nikon'), (4, 'Joey', ''), (5, 'Zero', 'Cool');
SELECT * FROM names where id < 4 UNION VALUES (0, 'Zero', 'Cool'), (1, 'Acid', 'Burn'), (2, 'Cereal', 'Killer'), (3, 'Lord', 'Nikon'), (4, 'Joey', ''), (5, 'Zero', 'Cool');
SELECT * FROM names where id < 4 INTERSECT VALUES (0, 'Zero', 'Cool'), (1, 'Acid', 'Burn'), (2, 'Cereal', 'Killer'), (3, 'Lord', 'Nikon'), (4, 'Joey', ''), (5, 'Zero', 'Cool');
SELECT * FROM names where id < 4 EXCEPT VALUES (0, 'Zero', 'Cool'), (1, 'Acid', 'Burn'), (2, 'Cereal', 'Killer'), (3, 'Lord', 'Nikon'), (4, 'Joey', ''), (5, 'Zero', 'Cool');
VALUES (0, 'Zero', 'Cool'), (1, 'Acid', 'Burn'), (2, 'Cereal', 'Killer'), (3, 'Lord', 'Nikon'), (4, 'Joey', ''), (5, 'Zero', 'Cool') UNION ALL SELECT * FROM names where id < 4;
VALUES (0, 'Zero', 'Cool'), (1, 'Acid', 'Burn'), (2, 'Cereal', 'Killer'), (3, 'Lord', 'Nikon'), (4, 'Joey', ''), (5, 'Zero', 'Cool') INTERSECT ALL SELECT * FROM names where id < 4;
VALUES (0, 'Zero', 'Cool'), (1, 'Acid', 'Burn'), (2, 'Cereal', 'Killer'), (3, 'Lord', 'Nikon'), (4, 'Joey', ''), (5, 'Zero', 'Cool') EXCEPT ALL SELECT * FROM names where id < 4;
VALUES (0, 'Zero', 'Cool'), (1, 'Acid', 'Burn'), (2, 'Cereal', 'Killer'), (3, 'Lord', 'Nikon'), (4, 'Joey', ''), (5, 'Zero', 'Cool') UNION SELECT * FROM names where id < 4;
VALUES (0, 'Zero', 'Cool'), (1, 'Acid', 'Burn'), (2, 'Cereal', 'Killer'), (3, 'Lord', 'Nikon'), (4, 'Joey', ''), (5, 'Zero', 'Cool') INTERSECT SELECT * FROM names where id < 4;
VALUES (0, 'Zero', 'Cool'), (1, 'Acid', 'Burn'), (2, 'Cereal', 'Killer'), (3, 'Lord', 'Nikon'), (4, 'Joey', ''), (5, 'Zero', 'Cool') EXCEPT SELECT * FROM names where id < 4;

FIRSTNAME
(0 rows)
FIRSTNAME
(0 rows)
ID|FIRSTNAME|LASTNAME
(0 rows)
ID|FIRSTNAME|LASTNAME
(0 rows)
ID|FIRSTNAME|LASTNAME
0|Zero|Cool
1|Acid|Burn
2|Cereal|Killer
3|Lord|Nikon
5|Zero|Cool
(5 rows)
ID|COL1
1|
2|First
3|
4|Cool
5|Cool
(5 rows)
ID|COL1
4|Cool
5|Cool
2|First
1|
3|
(5 rows)
ID|COL1
1|
3|
2|First
4|Cool
5|Cool
(5 rows)
ID|COL1
1|
2|First
3|
4|Cool
5|Cool
(5 rows)
ID|COL1
1|
2|First
3|
4|Cool
5|Cool
(5 rows)
AVG|COL1
4.5|Cool
2|First
2|
(3 rows)
MIN|COL1
4|Cool
2|First
1|
(3 rows)
MAX|COL1
3|
2|First
5|Cool
(3 rows)
SUM|COL1
9|Cool
2|First
4|
(3 rows)
COUNT|COL1
2|Cool
1|First
2|
(3 rows)
COUNT(*)|COL1
2|Cool
1|First
2|
(3 rows)
COL1|ID
|1
First|2
|3
Cool|4
Cool|5
(5 rows)
COL1|ID
Cool|4
Cool|5
First|2
|1
|3
(5 rows)
COL1|ID
|1
|3
First|2
Cool|4
Cool|5
(5 rows)
COL1|ID
|1
First|2
|3
Cool|4
Cool|5
(5 rows)
COL1|ID
|1
First|2
|3
Cool|4
Cool|5
(5 rows)
COL1

First
Cool
(3 rows)
ID
1
3
4

(4 rows)
ID
2
4
5

(4 rows)
ID
0
2
3

(4 rows)
ID
1
3
4

(4 rows)
ID
1
3
4

(4 rows)
ID
10
5
2

(4 rows)
ID
10
30
40

(4 rows)
ID
9
7
6

(4 rows)
ID
11
13
14

(4 rows)
ID|FIRSTNAME|LASTNAME
(0 rows)
ARRAY
{NULL,NULL,NULL,NULL,NULL,NULL}
(1 row)
GREATEST

(1 row)
LEAST

(1 row)
COLUMN1|COLUMN2|COLUMN3
0|Zero|Cool
1|Acid|Burn
2|Cereal|Killer
3|Lord|Nikon
0|Zero|Cool
1|Acid|Burn
2|Cereal|Killer
3|Lord|Nikon
4|Joey|
5|Zero|Cool
(10 rows)
COLUMN1|COLUMN2|COLUMN3
0|Zero|Cool
1|Acid|Burn
2|Cereal|Killer
3|Lord|Nikon
(4 rows)
COLUMN1|COLUMN2|COLUMN3
(0 rows)
COLUMN1|COLUMN2|COLUMN3
0|Zero|Cool
1|Acid|Burn
2|Cereal|Killer
3|Lord|Nikon
4|Joey|
5|Zero|Cool
(6 rows)
COLUMN1|COLUMN2|COLUMN3
0|Zero|Cool
1|Acid|Burn
2|Cereal|Killer
3|Lord|Nikon
(4 rows)
COLUMN1|COLUMN2|COLUMN3
(0 rows)
COLUMN1|COLUMN2|COLUMN3
0|Zero|Cool
1|Acid|Burn
2|Cereal|Killer
3|Lord|Nikon
0|Zero|Cool
1|Acid|Burn
2|Cereal|Killer
3|Lord|Nikon
4|Joey|
5|Zero|Cool
(10 rows)
COLUMN1|COLUMN2|COLUMN3
0|Zero|Cool
1|Acid|Burn
2|Cereal|Killer
3|Lord|Nikon
(4 rows)
COLUMN1|COLUMN2|COLUMN3
(0 rows)
COLUMN1|COLUMN2|COLUMN3
0|Zero|Cool
1|Acid|Burn
2|Cereal|Killer
3|Lord|Nikon
4|Joey|
5|Zero|Cool
(6 rows)
COLUMN1|COLUMN2|COLUMN3
0|Zero|Cool
1|Acid|Burn
2|Cereal|Killer
3|Lord|Nikon
(4 rows)
COLUMN1|COLUMN2|COLUMN3
(0 rows)
ID|FIRSTNAME|LASTNAME
0|Zero|Cool
1|Acid|Burn
2|Cereal|Killer
3|Lord|Nikon
4|Joey|
5|Zero|Cool
0|Zero|Cool
1|Acid|Burn
2|Cereal|Killer
3|Lord|Nikon
(10 rows)
ID|FIRSTNAME|LASTNAME
0|Zero|Cool
1|Acid|Burn
2|Cereal|Killer
3|Lord|Nikon
(4 rows)
ID|FIRSTNAME|LASTNAME
4|Joey|
5|Zero|Cool
(2 rows)
ID|FIRSTNAME|LASTNAME
0|Zero|Cool
1|Acid|Burn
2|Cereal|Killer
3|Lord|Nikon
4|Joey|
5|Zero|Cool
(6 rows)
ID|FIRSTNAME|LASTNAME
0|Zero|Cool
1|Acid|Burn
2|Cereal|Killer
3|Lord|Nikon
(4 rows)
ID|FIRSTNAME|LASTNAME
4|Joey|
5|Zero|Cool
(2 rows)
