
-- TOB09 : OCTO343 : ORDER BY expression

select * from names order by 1+1;
select * from names order by 1*1;
select * from names order by 1+id;
select * from names order by id+1;
select id,firstname,lastname from names order by id+id;
select * from names order by id%2;
select * from names order by -id;
-- ORDER BY using multiple columns with expressions
select * from names n1 left join names n2 on n1.firstname < n2.firstname order by -n1.id,n2.id%2;
-- ORDER BY plain alias names are allowed
select 1+id*2 as a from (select id from names) order by a;
-- BUT ORDER BY expressions involving alias names are not allowed (and parse errors are issued)
select 1+id*2 as a from (select id from names) order by -a;
select 1+id*2 as a from (select id from names) order by 1+a;
ID|FIRSTNAME|LASTNAME
0|Zero|Cool
1|Acid|Burn
2|Cereal|Killer
3|Lord|Nikon
4|Joey|
5|Zero|Cool
(6 rows)
ID|FIRSTNAME|LASTNAME
0|Zero|Cool
1|Acid|Burn
2|Cereal|Killer
3|Lord|Nikon
4|Joey|
5|Zero|Cool
(6 rows)
ID|FIRSTNAME|LASTNAME
0|Zero|Cool
1|Acid|Burn
2|Cereal|Killer
3|Lord|Nikon
4|Joey|
5|Zero|Cool
(6 rows)
ID|FIRSTNAME|LASTNAME
0|Zero|Cool
1|Acid|Burn
2|Cereal|Killer
3|Lord|Nikon
4|Joey|
5|Zero|Cool
(6 rows)
ID|FIRSTNAME|LASTNAME
0|Zero|Cool
1|Acid|Burn
2|Cereal|Killer
3|Lord|Nikon
4|Joey|
5|Zero|Cool
(6 rows)
ID|FIRSTNAME|LASTNAME
0|Zero|Cool
2|Cereal|Killer
4|Joey|
1|Acid|Burn
3|Lord|Nikon
5|Zero|Cool
(6 rows)
ID|FIRSTNAME|LASTNAME
5|Zero|Cool
4|Joey|
3|Lord|Nikon
2|Cereal|Killer
1|Acid|Burn
0|Zero|Cool
(6 rows)
ID|FIRSTNAME|LASTNAME|ID|FIRSTNAME|LASTNAME
5|Zero|Cool|||
4|Joey||0|Zero|Cool
4|Joey||3|Lord|Nikon
4|Joey||5|Zero|Cool
3|Lord|Nikon|0|Zero|Cool
3|Lord|Nikon|5|Zero|Cool
2|Cereal|Killer|0|Zero|Cool
2|Cereal|Killer|4|Joey|
2|Cereal|Killer|3|Lord|Nikon
2|Cereal|Killer|5|Zero|Cool
1|Acid|Burn|0|Zero|Cool
1|Acid|Burn|2|Cereal|Killer
1|Acid|Burn|4|Joey|
1|Acid|Burn|3|Lord|Nikon
1|Acid|Burn|5|Zero|Cool
0|Zero|Cool|||
(16 rows)
A
1
3
5
7
9
11
(6 rows)
[ERROR]: ERR_UNKNOWN_COLUMN_NAME: Unknown column: A
LINE 2: select 1+id*2 as a from (select id from names) order by -a;
                                                                 ^
[ERROR]: ERR_UNKNOWN_COLUMN_NAME: Unknown column: A
LINE 1: select 1+id*2 as a from (select id from names) order by 1+a;
                                                                  ^
