
-- TOB08 : OCTO280 : ORDER BY column_number

-- Test with valid column numbers
select * from names order by 1 desc;
select * from names order by 2 desc;
select * from names order by 3;
select * from names order by 3,2,1 desc;
select * from names order by 3,2;
select * from names order by 2,1 desc;

-- Test that ORDER BY valid-column-numbers but inside expressions are treated as ORDER BY expression
select * from names order by 1+1 desc;
select * from names order by +2 desc;

-- Test with column number that is out of valid range
select * from names order by 4;
select * from names order by 0;
select * from names order by -1;

-- Test with fractional column numbers
select * from names order by 1.234;
select * from names order by -1.234;

-- Test with huge column numbers
select * from names order by 12345678901234567890;
select * from names order by -12345678901234567890;

-- Test with multiple column numbers with errors
select * from names order by 1.235,-12345678901234567890;
select * from names order by -1.235,12345678901234567890;
select * from names order by 1,2,-12345678901234567890;

ID|FIRSTNAME|LASTNAME
5|Zero|Cool
4|Joey|
3|Lord|Nikon
2|Cereal|Killer
1|Acid|Burn
0|Zero|Cool
(6 rows)
ID|FIRSTNAME|LASTNAME
0|Zero|Cool
5|Zero|Cool
3|Lord|Nikon
4|Joey|
2|Cereal|Killer
1|Acid|Burn
(6 rows)
ID|FIRSTNAME|LASTNAME
1|Acid|Burn
0|Zero|Cool
5|Zero|Cool
2|Cereal|Killer
3|Lord|Nikon
4|Joey|
(6 rows)
ID|FIRSTNAME|LASTNAME
1|Acid|Burn
5|Zero|Cool
0|Zero|Cool
2|Cereal|Killer
3|Lord|Nikon
4|Joey|
(6 rows)
ID|FIRSTNAME|LASTNAME
1|Acid|Burn
0|Zero|Cool
5|Zero|Cool
2|Cereal|Killer
3|Lord|Nikon
4|Joey|
(6 rows)
ID|FIRSTNAME|LASTNAME
1|Acid|Burn
2|Cereal|Killer
4|Joey|
3|Lord|Nikon
5|Zero|Cool
0|Zero|Cool
(6 rows)
ID|FIRSTNAME|LASTNAME
0|Zero|Cool
1|Acid|Burn
2|Cereal|Killer
3|Lord|Nikon
4|Joey|
5|Zero|Cool
(6 rows)
ID|FIRSTNAME|LASTNAME
0|Zero|Cool
1|Acid|Burn
2|Cereal|Killer
3|Lord|Nikon
4|Joey|
5|Zero|Cool
(6 rows)
[ERROR]: ERR_ORDER_BY_POSITION_INVALID: ORDER BY position 4 is not in select list
LINE 2: select * from names order by 4;
                                     ^
[ERROR]: ERR_ORDER_BY_POSITION_INVALID: ORDER BY position 0 is not in select list
LINE 1: select * from names order by 0;
                                     ^
[ERROR]: ERR_ORDER_BY_POSITION_INVALID: ORDER BY position -1 is not in select list
LINE 1: select * from names order by -1;
                                     ^^
[ERROR]: ERR_ORDER_BY_POSITION_NOT_INTEGER: Non integer constant 1.234 in ORDER BY
LINE 2: select * from names order by 1.234;
                                     ^^^^^
[ERROR]: ERR_ORDER_BY_POSITION_NOT_INTEGER: Non integer constant -1.234 in ORDER BY
LINE 1: select * from names order by -1.234;
                                     ^^^^^^
[ERROR]: ERR_ORDER_BY_POSITION_NOT_INTEGER: Non integer constant 12345678901234567890 in ORDER BY
LINE 2: select * from names order by 12345678901234567890;
                                     ^^^^^^^^^^^^^^^^^^^^
[ERROR]: ERR_ORDER_BY_POSITION_NOT_INTEGER: Non integer constant -12345678901234567890 in ORDER BY
LINE 1: select * from names order by -12345678901234567890;
                                     ^^^^^^^^^^^^^^^^^^^^^
[ERROR]: ERR_ORDER_BY_POSITION_NOT_INTEGER: Non integer constant 1.235 in ORDER BY
LINE 2: select * from names order by 1.235,-12345678901234567890;
                                     ^^^^^
[ERROR]: ERR_ORDER_BY_POSITION_NOT_INTEGER: Non integer constant -1.235 in ORDER BY
LINE 1: select * from names order by -1.235,12345678901234567890;
                                     ^^^^^^
[ERROR]: ERR_ORDER_BY_POSITION_NOT_INTEGER: Non integer constant -12345678901234567890 in ORDER BY
LINE 1: select * from names order by 1,2,-12345678901234567890;
                                         ^^^^^^^^^^^^^^^^^^^^^
