# Run crosscheck on TOB20_names.sql
# Run crosscheck on TOB20_composite.sql
# Run only octo (not psql) on TOB20_octoonly.sql

-- TOB20 : OCTO959 : Test that ORDER BY on a KEY column with LIMIT on a huge table is optimized

-- Test ORDER BY optimization works with ENDPOINT/START/STARTINCLUDE keywords but not with END keyword

drop table if exists TOB20d;
create table TOB20d (id integer primary key, firstname varchar, lastname varchar) GLOBAL "^TOB20d";
insert into TOB20d values (12, 'abcd', 'efgh');
insert into TOB20d values (11, 'abcd', 'efgh');
insert into TOB20d values (10, 'abcd', 'efgh');
insert into TOB20d values (9, 'abcd', 'efgh');
insert into TOB20d values (8, 'abcd', 'efgh');
select * from TOB20d order by id;
select * from TOB20d order by id asc;
select * from TOB20d order by id asc limit 2;
select * from TOB20d order by id desc;
select * from TOB20d order by id desc limit 2;
select * from TOB20d where firstname = 'abcd' order by id asc limit 2;
select * from TOB20d where firstname = 'abcd' order by id desc limit 2;
create table TOB20e (id integer primary key START 9 STARTINCLUDE ENDPOINT 11, firstname varchar, lastname varchar) GLOBAL "^TOB20d" READONLY;
select * from TOB20e order by id;
select * from TOB20e order by id asc;
select * from TOB20e order by id asc limit 2;
select * from TOB20e order by id desc;
select * from TOB20e order by id desc limit 2;
select * from TOB20e where firstname = 'abcd' order by id asc limit 2;
select * from TOB20e where firstname = 'abcd' order by id desc limit 2;
create table TOB20f (id integer primary key START 9 STARTINCLUDE, firstname varchar, lastname varchar) GLOBAL "^TOB20d" READONLY;
select * from TOB20f order by id;
select * from TOB20f order by id asc;
select * from TOB20f order by id asc limit 2;
select * from TOB20f order by id desc;
select * from TOB20f order by id desc limit 2;
select * from TOB20f where lastname = 'efgh' order by id asc limit 2;
select * from TOB20f where lastname = 'efgh' order by id desc limit 2;
create table TOB20g (id integer primary key START 9 ENDPOINT 11, firstname varchar, lastname varchar) GLOBAL "^TOB20d" READONLY;
select * from TOB20g order by id;
select * from TOB20g order by id asc;
select * from TOB20g order by id asc limit 2;
select * from TOB20g order by id desc;
select * from TOB20g order by id desc limit 2;
select * from TOB20g where firstname = 'abcd' order by id asc limit 2;
select * from TOB20g where firstname = 'abcd' order by id desc limit 2;
create table TOB20h (id integer primary key START 9, firstname varchar, lastname varchar) GLOBAL "^TOB20d" READONLY;
select * from TOB20h order by id;
select * from TOB20h order by id asc;
select * from TOB20h order by id asc limit 2;
select * from TOB20h order by id desc;
select * from TOB20h order by id desc limit 2;
select * from TOB20h where lastname = 'efgh' order by id asc limit 2;
select * from TOB20h where lastname = 'efgh' order by id desc limit 2;

-- Test that END keyword disables ORDER BY optimization
create table TOB20i (id integer primary key END "keys(""id"")>11", firstname varchar, lastname varchar) GLOBAL "^TOB20d" READONLY;
select * from TOB20i order by id;
select * from TOB20i order by id asc;
select * from TOB20i order by id asc limit 2;
select * from TOB20i order by id desc;
select * from TOB20i order by id desc limit 2;
select * from TOB20i where lastname = 'efgh' order by id asc limit 2;
select * from TOB20i where lastname = 'efgh' order by id desc limit 2;

OCTO> drop table if exists TOB20d;
DROP TABLE
OCTO> create table TOB20d (id integer primary key, firstname varchar, lastname varchar) GLOBAL "^TOB20d";
CREATE TABLE
OCTO> insert into TOB20d values (12, 'abcd', 'efgh');
INSERT 0 1
OCTO> insert into TOB20d values (11, 'abcd', 'efgh');
INSERT 0 1
OCTO> insert into TOB20d values (10, 'abcd', 'efgh');
INSERT 0 1
OCTO> insert into TOB20d values (9, 'abcd', 'efgh');
INSERT 0 1
OCTO> insert into TOB20d values (8, 'abcd', 'efgh');
INSERT 0 1
OCTO> select * from TOB20d order by id;
id|firstname|lastname
8|abcd|efgh
9|abcd|efgh
10|abcd|efgh
11|abcd|efgh
12|abcd|efgh
(5 rows)
OCTO> select * from TOB20d order by id asc;
id|firstname|lastname
8|abcd|efgh
9|abcd|efgh
10|abcd|efgh
11|abcd|efgh
12|abcd|efgh
(5 rows)
OCTO> select * from TOB20d order by id asc limit 2;
id|firstname|lastname
8|abcd|efgh
9|abcd|efgh
(2 rows)
OCTO> select * from TOB20d order by id desc;
id|firstname|lastname
12|abcd|efgh
11|abcd|efgh
10|abcd|efgh
9|abcd|efgh
8|abcd|efgh
(5 rows)
OCTO> select * from TOB20d order by id desc limit 2;
id|firstname|lastname
12|abcd|efgh
11|abcd|efgh
(2 rows)
OCTO> select * from TOB20d where firstname = 'abcd' order by id asc limit 2;
id|firstname|lastname
8|abcd|efgh
9|abcd|efgh
(2 rows)
OCTO> select * from TOB20d where firstname = 'abcd' order by id desc limit 2;
id|firstname|lastname
12|abcd|efgh
11|abcd|efgh
(2 rows)
OCTO> create table TOB20e (id integer primary key START 9 STARTINCLUDE ENDPOINT 11, firstname varchar, lastname varchar) GLOBAL "^TOB20d" READONLY;
CREATE TABLE
OCTO> select * from TOB20e order by id;
id|firstname|lastname
9|abcd|efgh
10|abcd|efgh
11|abcd|efgh
(3 rows)
OCTO> select * from TOB20e order by id asc;
id|firstname|lastname
9|abcd|efgh
10|abcd|efgh
11|abcd|efgh
(3 rows)
OCTO> select * from TOB20e order by id asc limit 2;
id|firstname|lastname
9|abcd|efgh
10|abcd|efgh
(2 rows)
OCTO> select * from TOB20e order by id desc;
id|firstname|lastname
11|abcd|efgh
10|abcd|efgh
9|abcd|efgh
(3 rows)
OCTO> select * from TOB20e order by id desc limit 2;
id|firstname|lastname
11|abcd|efgh
10|abcd|efgh
(2 rows)
OCTO> select * from TOB20e where firstname = 'abcd' order by id asc limit 2;
id|firstname|lastname
9|abcd|efgh
10|abcd|efgh
(2 rows)
OCTO> select * from TOB20e where firstname = 'abcd' order by id desc limit 2;
id|firstname|lastname
11|abcd|efgh
10|abcd|efgh
(2 rows)
OCTO> create table TOB20f (id integer primary key START 9 STARTINCLUDE, firstname varchar, lastname varchar) GLOBAL "^TOB20d" READONLY;
CREATE TABLE
OCTO> select * from TOB20f order by id;
id|firstname|lastname
9|abcd|efgh
10|abcd|efgh
11|abcd|efgh
12|abcd|efgh
(4 rows)
OCTO> select * from TOB20f order by id asc;
id|firstname|lastname
9|abcd|efgh
10|abcd|efgh
11|abcd|efgh
12|abcd|efgh
(4 rows)
OCTO> select * from TOB20f order by id asc limit 2;
id|firstname|lastname
9|abcd|efgh
10|abcd|efgh
(2 rows)
OCTO> select * from TOB20f order by id desc;
id|firstname|lastname
12|abcd|efgh
11|abcd|efgh
10|abcd|efgh
9|abcd|efgh
(4 rows)
OCTO> select * from TOB20f order by id desc limit 2;
id|firstname|lastname
12|abcd|efgh
11|abcd|efgh
(2 rows)
OCTO> select * from TOB20f where lastname = 'efgh' order by id asc limit 2;
id|firstname|lastname
9|abcd|efgh
10|abcd|efgh
(2 rows)
OCTO> select * from TOB20f where lastname = 'efgh' order by id desc limit 2;
id|firstname|lastname
12|abcd|efgh
11|abcd|efgh
(2 rows)
OCTO> create table TOB20g (id integer primary key START 9 ENDPOINT 11, firstname varchar, lastname varchar) GLOBAL "^TOB20d" READONLY;
CREATE TABLE
OCTO> select * from TOB20g order by id;
id|firstname|lastname
10|abcd|efgh
11|abcd|efgh
(2 rows)
OCTO> select * from TOB20g order by id asc;
id|firstname|lastname
10|abcd|efgh
11|abcd|efgh
(2 rows)
OCTO> select * from TOB20g order by id asc limit 2;
id|firstname|lastname
10|abcd|efgh
11|abcd|efgh
(2 rows)
OCTO> select * from TOB20g order by id desc;
id|firstname|lastname
11|abcd|efgh
10|abcd|efgh
(2 rows)
OCTO> select * from TOB20g order by id desc limit 2;
id|firstname|lastname
11|abcd|efgh
10|abcd|efgh
(2 rows)
OCTO> select * from TOB20g where firstname = 'abcd' order by id asc limit 2;
id|firstname|lastname
10|abcd|efgh
11|abcd|efgh
(2 rows)
OCTO> select * from TOB20g where firstname = 'abcd' order by id desc limit 2;
id|firstname|lastname
11|abcd|efgh
10|abcd|efgh
(2 rows)
OCTO> create table TOB20h (id integer primary key START 9, firstname varchar, lastname varchar) GLOBAL "^TOB20d" READONLY;
CREATE TABLE
OCTO> select * from TOB20h order by id;
id|firstname|lastname
10|abcd|efgh
11|abcd|efgh
12|abcd|efgh
(3 rows)
OCTO> select * from TOB20h order by id asc;
id|firstname|lastname
10|abcd|efgh
11|abcd|efgh
12|abcd|efgh
(3 rows)
OCTO> select * from TOB20h order by id asc limit 2;
id|firstname|lastname
10|abcd|efgh
11|abcd|efgh
(2 rows)
OCTO> select * from TOB20h order by id desc;
id|firstname|lastname
12|abcd|efgh
11|abcd|efgh
10|abcd|efgh
(3 rows)
OCTO> select * from TOB20h order by id desc limit 2;
id|firstname|lastname
12|abcd|efgh
11|abcd|efgh
(2 rows)
OCTO> select * from TOB20h where lastname = 'efgh' order by id asc limit 2;
id|firstname|lastname
10|abcd|efgh
11|abcd|efgh
(2 rows)
OCTO> select * from TOB20h where lastname = 'efgh' order by id desc limit 2;
id|firstname|lastname
12|abcd|efgh
11|abcd|efgh
(2 rows)
OCTO> create table TOB20i (id integer primary key END "keys(""id"")>11", firstname varchar, lastname varchar) GLOBAL "^TOB20d" READONLY;
CREATE TABLE
OCTO> select * from TOB20i order by id;
id|firstname|lastname
8|abcd|efgh
9|abcd|efgh
10|abcd|efgh
11|abcd|efgh
(4 rows)
OCTO> select * from TOB20i order by id asc;
id|firstname|lastname
8|abcd|efgh
9|abcd|efgh
10|abcd|efgh
11|abcd|efgh
(4 rows)
OCTO> select * from TOB20i order by id asc limit 2;
id|firstname|lastname
8|abcd|efgh
9|abcd|efgh
(2 rows)
OCTO> select * from TOB20i order by id desc;
id|firstname|lastname
11|abcd|efgh
10|abcd|efgh
9|abcd|efgh
8|abcd|efgh
(4 rows)
OCTO> select * from TOB20i order by id desc limit 2;
id|firstname|lastname
11|abcd|efgh
10|abcd|efgh
(2 rows)
OCTO> select * from TOB20i where lastname = 'efgh' order by id asc limit 2;
id|firstname|lastname
8|abcd|efgh
9|abcd|efgh
(2 rows)
OCTO> select * from TOB20i where lastname = 'efgh' order by id desc limit 2;
id|firstname|lastname
11|abcd|efgh
10|abcd|efgh
(2 rows)
OCTO> 
# Verify ORDER BY optimization took effect (i.e. ORDER BY got removed) from queries where applicable
# Queries where ORDER BY optimization took effect will only show up as lines containing [select]
# Queries where ORDER BY optimization did not take effect will show up as lines containing [select] and [OrderBy]
_ydboctoP*.m:;  select * from TOB20f where lastname = 'efgh' order by id asc limit 2
_ydboctoP*.m:;  select * from names n1, names n2 order by n1.id asc, n2.id desc limit 2
_ydboctoP*.m:;  select * from names n1, names n2 order by n1.id desc, n2.id asc limit 2
_ydboctoP*.m:;  select * from TOB20h order by id asc limit 2
_ydboctoP*.m:;  select * from names where id = 3 OR id = 1 OR id = 2 order by id asc
_ydboctoP*.m:    KILL %ydboctocursor(cursorId,"keys",3,"","","OrderBy")
_ydboctoP*.m:;  select * from TOB20a order by id desc
_ydboctoP*.m:;  select * from TOB20f order by id desc
_ydboctoP*.m:;  select * from TOB20d order by id
_ydboctoP*.m:;  select * from TOB20i order by id desc
_ydboctoP*.m:    KILL %ydboctocursor(cursorId,"keys",3,"","","OrderBy")
_ydboctoP*.m:;  select * from TOB20h order by id
_ydboctoP*.m:;  select * from names n1, names n2, names n3 where n1.lastname is NULL and n2.firstname = 'Zero' order by n1.id desc, n2.id desc, n3.id asc
_ydboctoP*.m:;  select * from names where firstname = 'Zero' order by id desc
_ydboctoP*.m:;  select * from TOB20h where lastname = 'efgh' order by id desc limit 2
_ydboctoP*.m:;  select * from names order by id + 2
_ydboctoP*.m:    KILL %ydboctocursor(cursorId,"keys",3,"","","OrderBy")
_ydboctoP*.m:;  select * from TOB20c order by zipcode
_ydboctoP*.m:    KILL %ydboctocursor(cursorId,"keys",3,"","","OrderBy")
_ydboctoP*.m:;  select * from (values (1, 'abcd', 'efgh')) as n1(id,firstname,lastname) order by id desc
_ydboctoP*.m:    KILL %ydboctocursor(cursorId,"keys",3,"","","OrderBy")
_ydboctoP*.m:;  select * from names n1, names n2 order by n1.id asc limit 2
_ydboctoP*.m:;  select * from TOB20c order by zipcode desc limit 2
_ydboctoP*.m:    KILL %ydboctocursor(cursorId,"keys",3,"","","OrderBy")
_ydboctoP*.m:;  select * from TOB20c order by zipcode asc limit 2
_ydboctoP*.m:    KILL %ydboctocursor(cursorId,"keys",3,"","","OrderBy")
_ydboctoP*.m:;  select * from TOB20e where firstname = 'abcd' order by id desc limit 2
_ydboctoP*.m:;  select * from TOB20e order by id desc limit 2
_ydboctoP*.m:;  select * from names n1 order by n1.firstname
_ydboctoP*.m:    KILL %ydboctocursor(cursorId,"keys",3,"","","OrderBy")
_ydboctoP*.m:;  select * from names order by id limit 1
_ydboctoP*.m:;  select * from TOB20f where lastname = 'efgh' order by id desc limit 2
_ydboctoP*.m:;  select * from names n1, names n2 order by n2.id, n1.id
_ydboctoP*.m:    KILL %ydboctocursor(cursorId,"keys",4,"","","OrderBy")
_ydboctoP*.m:;  select * from TOB20c order by zipcode desc
_ydboctoP*.m:    KILL %ydboctocursor(cursorId,"keys",3,"","","OrderBy")
_ydboctoP*.m:;  select * from TOB20i order by id
_ydboctoP*.m:;  select * from TOB20d where firstname = 'abcd' order by id desc limit 2
_ydboctoP*.m:;  select * from names order by id
_ydboctoP*.m:;  select * from TOB20a order by id asc
_ydboctoP*.m:;  select * from TOB20g where firstname = 'abcd' order by id asc limit 2
_ydboctoP*.m:;  select * from TOB20e order by id asc limit 2
_ydboctoP*.m:;  select * from TOB20f order by id asc limit 2
_ydboctoP*.m:;  select * from TOB20i order by id asc limit 2
_ydboctoP*.m:;  select * from TOB20e order by id desc
_ydboctoP*.m:;  select * from TOB20g where firstname = 'abcd' order by id desc limit 2
_ydboctoP*.m:;  select * from names order by id desc limit 1
_ydboctoP*.m:;  select * from names n1, names n2 order by n1.id desc limit 2
_ydboctoP*.m:;  select * from names n1 order by n1.*
_ydboctoP*.m:    KILL %ydboctocursor(cursorId,"keys",3,"","","OrderBy")
_ydboctoP*.m:;  select * from TOB20h where lastname = 'efgh' order by id asc limit 2
_ydboctoP*.m:;  select * from TOB20i order by id desc limit 2
_ydboctoP*.m:    KILL %ydboctocursor(cursorId,"keys",3,"","","OrderBy")
_ydboctoP*.m:;  select * from TOB20g order by id asc limit 2
_ydboctoP*.m:;  select * from (select * from names) n1 order by id desc
_ydboctoP*.m:    KILL %ydboctocursor(cursorId,"keys",4,"","","OrderBy")
_ydboctoP*.m:;  select * from composite order by id1 desc limit 2
_ydboctoP*.m:    KILL %ydboctocursor(cursorId,"keys",3,"","","OrderBy")
_ydboctoP*.m:;  select * from TOB20b order by id desc limit 2
_ydboctoP*.m:    . . SET %ydboctoexpr=$select((1=%ydboctoexpr):"t",(0=%ydboctoexpr):"f",1:$ZYSQLNULL)
_ydboctoP*.m:;  select * from TOB20f order by id desc limit 2
_ydboctoP*.m:;  select * from names n1, names n2 order by n1.id desc, n2.id desc
_ydboctoP*.m:;  select * from TOB20e order by id
_ydboctoP*.m:;  select * from names n1, names n2 order by n1.id asc
_ydboctoP*.m:;  select * from names n1, names n2 order by n1.id desc, n2.id asc
_ydboctoP*.m:;  select * from names n1, names n2 order by n1.id asc, n2.id desc
_ydboctoP*.m:;  select * from TOB20d order by id asc limit 2
_ydboctoP*.m:;  select * from TOB20g order by id
_ydboctoP*.m:;  select * from names where firstname in ('Zero','Cereal')  order by id desc
_ydboctoP*.m:    KILL %ydboctocursor(cursorId,"keys",3,"","","OrderBy")
_ydboctoP*.m:;  select * from names order by id desc
_ydboctoP*.m:;  select * from TOB20d where firstname = 'abcd' order by id asc limit 2
_ydboctoP*.m:;  select * from TOB20b order by id asc
_ydboctoP*.m:    . . SET %ydboctoexpr=$select((1=%ydboctoexpr):"t",(0=%ydboctoexpr):"f",1:$ZYSQLNULL)
_ydboctoP*.m:;  select * from names n1, names n2 order by n1.id asc, n2.id asc limit 2
_ydboctoP*.m:;  select * from TOB20i where lastname = 'efgh' order by id asc limit 2
_ydboctoP*.m:;  select * from TOB20a order by id desc limit 2
_ydboctoP*.m:;  select * from TOB20d order by id desc limit 2
_ydboctoP*.m:;  select * from names where id = 3 OR id = 1 OR id = 2 order by id desc
_ydboctoP*.m:    KILL %ydboctocursor(cursorId,"keys",3,"","","OrderBy")
_ydboctoP*.m:;  select * from TOB20h order by id desc limit 2
_ydboctoP*.m:;  select * from names n1, names n2 order by n1.id asc, n2.id asc
_ydboctoP*.m:;  select * from names n1, names n2 order by n1.id desc
_ydboctoP*.m:;  select * from TOB20d order by id desc
_ydboctoP*.m:;  select * from TOB20i where lastname = 'efgh' order by id desc limit 2
_ydboctoP*.m:    KILL %ydboctocursor(cursorId,"keys",3,"","","OrderBy")
_ydboctoP*.m:;  select * from composite order by id0 desc, id1 desc limit 2
_ydboctoP*.m:;  select * from TOB20g order by id desc limit 2
_ydboctoP*.m:;  select * from TOB20f order by id
_ydboctoP*.m:;  select * from TOB20h order by id desc
_ydboctoP*.m:;  select * from composite order by id0 desc limit 1
_ydboctoP*.m:;  select * from names n1, names n2 order by n1.id desc, n2.id desc limit 2
_ydboctoP*.m:;  select * from TOB20a order by id asc limit 2
_ydboctoP*.m:;  select * from TOB20g order by id desc
_ydboctoP*.m:;  select * from TOB20e where firstname = 'abcd' order by id asc limit 2
_ydboctoP*.m:;  select * from names where firstname in ('Zero','Cereal')  order by id asc
_ydboctoP*.m:    KILL %ydboctocursor(cursorId,"keys",3,"","","OrderBy")
