OCTO> select 'a' from names limit 1;
???
a
(1 row)
OCTO> 
OCTO> select 'a' from names limit 1;
???
a
(1 row)
OCTO> 
