OCTO> select * from names;
id|firstname|lastname
0|Zero|Cool
1|Acid|Burn
2|Cereal|Killer
3|Lord|Nikon
4|Joey|
5|Zero|Cool
(6 rows)
OCTO> select 1;
???
1
(1 row)
OCTO> select * from names;
id|firstname|lastname
0|Zero|Cool
1|Acid|Burn
2|Cereal|Killer
3|Lord|Nikon
4|Joey|
5|Zero|Cool
(6 rows)
OCTO> select * from names;
id|firstname|lastname
0|Zero|Cool
1|Acid|Burn
2|Cereal|Killer
3|Lord|Nikon
4|Joey|
5|Zero|Cool
(6 rows)
OCTO> \s
select 1;
select * from names;
OCTO> 
