
-- TSCP24 : OCTO211 : Allow NULL values in force numeric unary operation
select 1% +NULL from names; -- doesn't error
select -NULL;
select 'test' || -(select null) from names;
select 'test' || +(select null) from names; -- doesn't error as type inferred here is null where Postgres infers the type as STRING
select 'test' || -NULL::varchar from names;

-- Following tests although not related to NULL values were created while working on the NULL related issue and is kept as it
-- acts as an additional test of the unary + and -
select 'test' || +'test';
select 'test' || -'test';
select +'test';
select -'test';
select -TRUE;
select +TRUE;
select 'test' || +TRUE;
select 'test' || -TRUE;
select +lastname from names;
select -lastname from names;
select 'test' || +'test'::integer from names;
select 'test' || +abs('test') from names;

-- Following query doesn't issue any error in Postgres but Octo generated an error of type ERR_TYPE_NOT_COMPATIBLE
-- YDBOcto#973 tracks this issue and the following test is retained here to capture this behavior in the test system
select null || +(select 1) from names;
select null || -(select 1) from names;

-- Following query doesn't issue any error in Postgres but Octo generates an error of type ERR_UKNOWN_FUNCTION
-- YDBOcto#974 tracks this issue and the following test is retained here to capture this behavior in the test system
-- In Octo, below usage of abs results in the following error
--   ERR_UNKNOWN_FUNCTION: No function ABS defined with given parameter types (VARCHAR)
select 'test' || +abs('12') from names;
select 'test' || -abs('12') from names;
???






(6 rows)
[ERROR]: ERR_TYPE_NOT_COMPATIBLE: Type NULL not compatible for - operation
LINE 3:2: select -NULL;
                  ^^^^
[ERROR]: ERR_TYPE_NOT_COMPATIBLE: Type NULL not compatible for - operation
LINE 4:1: select 'test' || -(select null) from names;
                             ^^^^^^
???






(6 rows)
[ERROR]: ERR_INVALID_INPUT_SYNTAX: Invalid input syntax : Expecting type NUMERIC or INTEGER : Actual type VARCHAR
LINE 6:2: select 'test' || -NULL::varchar from names;
                            ^^^^
[ERROR]: ERR_INVALID_INPUT_SYNTAX: Invalid input syntax : Expecting type NUMERIC or INTEGER : Actual type VARCHAR
LINE 8:1: select 'test' || +'test';
                            ^^^^^^
[ERROR]: ERR_INVALID_INPUT_SYNTAX: Invalid input syntax : Expecting type NUMERIC or INTEGER : Actual type VARCHAR
LINE 9:1: select 'test' || -'test';
                            ^^^^^^
[ERROR]: ERR_INVALID_INPUT_SYNTAX: Invalid input syntax : Expecting type NUMERIC or INTEGER : Actual type VARCHAR
LINE 10:1: select +'test';
                   ^^^^^^
[ERROR]: ERR_INVALID_INPUT_SYNTAX: Invalid input syntax : Expecting type NUMERIC or INTEGER : Actual type VARCHAR
LINE 11:1: select -'test';
                   ^^^^^^
[ERROR]: ERR_INVALID_INPUT_SYNTAX: Invalid input syntax : Expecting type NUMERIC or INTEGER : Actual type BOOLEAN
LINE 12:1: select -TRUE;
                   ^^^^
[ERROR]: ERR_INVALID_INPUT_SYNTAX: Invalid input syntax : Expecting type NUMERIC or INTEGER : Actual type BOOLEAN
LINE 13:1: select +TRUE;
                   ^^^^
[ERROR]: ERR_INVALID_INPUT_SYNTAX: Invalid input syntax : Expecting type NUMERIC or INTEGER : Actual type BOOLEAN
LINE 14:1: select 'test' || +TRUE;
                             ^^^^
[ERROR]: ERR_INVALID_INPUT_SYNTAX: Invalid input syntax : Expecting type NUMERIC or INTEGER : Actual type BOOLEAN
LINE 15:1: select 'test' || -TRUE;
                             ^^^^
[ERROR]: ERR_INVALID_INPUT_SYNTAX: Invalid input syntax : Expecting type NUMERIC or INTEGER : Actual type VARCHAR
LINE 16:1: select +lastname from names;
                   ^^^^^^^^
[ERROR]: ERR_INVALID_INPUT_SYNTAX: Invalid input syntax : Expecting type NUMERIC or INTEGER : Actual type VARCHAR
LINE 17:1: select -lastname from names;
                   ^^^^^^^^
[ERROR]: ERR_INVALID_INTEGER_SYNTAX: Invalid input syntax for type integer: 'test'
[ERROR]: ERR_UNKNOWN_FUNCTION: No function abs defined with given parameter types (VARCHAR)
LINE 19:1: select 'test' || +abs('test') from names;
                             ^^^
[ERROR]: ERR_TYPE_NOT_COMPATIBLE: Type INTEGER not compatible for || operator
LINE 21:1: select null || +(select 1) from names;
                  ^^^^
[ERROR]: ERR_TYPE_NOT_COMPATIBLE: Type INTEGER not compatible for || operator
[ERROR]: ERR_TYPE_NOT_COMPATIBLE: Type INTEGER not compatible for || operator
LINE 22:1: select null || -(select 1) from names;
                  ^^^^
[ERROR]: ERR_TYPE_NOT_COMPATIBLE: Type INTEGER not compatible for || operator
[ERROR]: ERR_UNKNOWN_FUNCTION: No function abs defined with given parameter types (VARCHAR)
LINE 24:1: select 'test' || +abs('12') from names;
                             ^^^
[ERROR]: ERR_UNKNOWN_FUNCTION: No function abs defined with given parameter types (VARCHAR)
LINE 25:1: select 'test' || -abs('12') from names;
                             ^^^
