
-- Octo only supports numbers with a precision of up to 18 significant digits.
SELECT TRUNC(1.01234567890123456789012345, 20);
-- 10**(-44) == 0 in YDB, so will give a divide by zero error
SELECT TRUNC(155, -44);
-- Octo does not enforce that arguments are integers and not floats.
-- Instead, YDB will coerce the second argument to an integer by truncating.
SELECT TRUNC(155, 1.5);
SELECT TRUNC(155, -1.5);
SELECT TRUNC(155, 45);
TRUNC
1.01234567890123456000
(1 row)
[ERROR]: ERR_YOTTADB: YottaDB error: 150373210,PostgreSQL+2^%ydboctofTRUNCATE,%YDB-E-DIVZERO, Attempt to divide by zero
TRUNC
155.00
(1 row)
TRUNC
100
(1 row)
[ERROR]: ERR_YOTTADB: YottaDB error: 150373506,PostgreSQL+2^%ydboctofTRUNCATE,%YDB-E-NUMOFLOW, Numeric overflow
