
select replace('abca','c','');
select replace('abca','','b');
select replace('ABCA','C','');
select replace('ABCA','','B');
select replace('','ABCB','B');
-- Octo in the following case will treat NULL input as '' but Postgres treats them as NULL itself
select replace('abca','c',NULL);
select replace('ABCA','C',NULL);
select replace('ABCA',NULL,'B');
select replace('abca',NULL,'b');
select replace('ABCA',NULL,'B');
OCTO> select replace('abca','c','');
replace
aba
(1 row)
OCTO> select replace('abca','','b');
replace
abca
(1 row)
OCTO> select replace('ABCA','C','');
replace
ABA
(1 row)
OCTO> select replace('ABCA','','B');
replace
ABCA
(1 row)
OCTO> select replace('','ABCB','B');
replace

(1 row)
OCTO> select replace('abca','c',NULL);
replace
aba
(1 row)
OCTO> select replace('ABCA','C',NULL);
replace
ABA
(1 row)
OCTO> select replace('ABCA',NULL,'B');
replace
ABCA
(1 row)
OCTO> select replace('abca',NULL,'b');
replace
abca
(1 row)
OCTO> select replace('ABCA',NULL,'B');
replace
ABCA
(1 row)
OCTO> 
