
-- TSO17 : OCTO969 : Test SET operations query result table has the column names from first set operation instead of the last
-- Both of the below queries are expected to have a result table with colum name `y`
select * from ((select id as y from names) union (select 1+id from names) union (select 1+id as x from names)) n1;
((select id as y from names) union (select 1+id from names) union (select 1+id as x from names));
y
0
1
2
3
4
5
6
(7 rows)
y
0
1
2
3
4
5
6
(7 rows)
