
-- TSO11 : OCTO273/OCTO326/OCTO327/OCTO328

(select * from names UNION select * from names) UNION ALL (select * from names UNION select * from names);
(select * from names where id > 1 or id = 0) EXCEPT (select * from names where id < 4 or id = 5);
(select * from names union all select * from names) INTERSECT (select * from names where id < 4);
(select * from (select * from names union select * from names)) union (select * from names);

OCTO> (select * from names UNION select * from names) UNION ALL (select * from names UNION select * from names);
id|firstname|lastname
0|Zero|Cool
1|Acid|Burn
2|Cereal|Killer
3|Lord|Nikon
4|Joey|
5|Zero|Cool
0|Zero|Cool
1|Acid|Burn
2|Cereal|Killer
3|Lord|Nikon
4|Joey|
5|Zero|Cool
(12 rows)
OCTO> (select * from names where id > 1 or id = 0) EXCEPT (select * from names where id < 4 or id = 5);
id|firstname|lastname
4|Joey|
(1 row)
OCTO> (select * from names union all select * from names) INTERSECT (select * from names where id < 4);
id|firstname|lastname
0|Zero|Cool
1|Acid|Burn
2|Cereal|Killer
3|Lord|Nikon
(4 rows)
OCTO> (select * from (select * from names union select * from names)) union (select * from names);
id|firstname|lastname
0|Zero|Cool
1|Acid|Burn
2|Cereal|Killer
3|Lord|Nikon
4|Joey|
5|Zero|Cool
(6 rows)
OCTO> 
