
-- TT02 : OCTO609 : TRUNCATE does not delete data from READONLY tables

-- All rows present in `names`, `pg_type`, and `customers` tables
select firstname, lastname from names;
select typname from pg_type;
select first_name, last_name from customers;

-- Single table case
-- All rows present in `pg_type` table
truncate pg_type;  -- ERR_TABLE_READONLY
-- All rows present in `pg_type` table
select typname from pg_type;

-- Multiple table case
truncate names, pg_type, customers;  -- ERR_TABLE_READONLY for `pg_type`
-- All rows present not just in `pg_type` and `customers`, but also in `names` (TRUNCATE of list of tables is atomic)
select firstname, lastname from names;
select typname from pg_type;
select first_name, last_name from customers;

-- Truncate of multiple tables with some non-existent tables
truncate names, invalid, customers;  -- ERR_UNKNOWN_TABLE for `invalid`
-- All rows present not just in `customers`, but also in `names` (TRUNCATE of list of tables is atomic)
select firstname, lastname from names;
select first_name, last_name from customers;

firstname|lastname
Zero|Cool
Acid|Burn
Cereal|Killer
Lord|Nikon
Joey|
Zero|Cool
(6 rows)
typname
bool
int4
name
numeric
unknown
varchar
(6 rows)
first_name|last_name
George|Washington
John|Adams
Thomas|Jefferson
James|Madison
James|Monroe
(5 rows)
[ERROR]: ERR_TABLE_READONLY: TRUNCATE not allowed on READONLY table "pg_type". Only allowed on READWRITE tables.
typname
bool
int4
name
numeric
unknown
varchar
(6 rows)
[ERROR]: ERR_TABLE_READONLY: TRUNCATE not allowed on READONLY table "pg_type". Only allowed on READWRITE tables.
firstname|lastname
Zero|Cool
Acid|Burn
Cereal|Killer
Lord|Nikon
Joey|
Zero|Cool
(6 rows)
typname
bool
int4
name
numeric
unknown
varchar
(6 rows)
first_name|last_name
George|Washington
John|Adams
Thomas|Jefferson
James|Madison
James|Monroe
(5 rows)
[ERROR]: ERR_UNKNOWN_TABLE: Unknown table: invalid
firstname|lastname
Zero|Cool
Acid|Burn
Cereal|Killer
Lord|Nikon
Joey|
Zero|Cool
(6 rows)
first_name|last_name
George|Washington
John|Adams
Thomas|Jefferson
James|Madison
James|Monroe
(5 rows)
