
-- TT03 : OCTO609 : TRUNCATE works with TABLE keyword added

-- Single table case
-- All rows present in `names` table
select * from names;
truncate table names;
-- No rows present in `names` table, but table still exists
select * from names;

-- Multiple table case
-- All rows present in `customers` and `orders` tables
select * from customers;
select * from orders;
truncate table customers, orders;
-- No rows present in `customers` or `orders` tables, but tables still exist
select * from customers;
select * from orders;

-- Non-existent tables case
truncate table badtable, notgoodtable, missingtable;
OCTO> select * from names;
id|firstname|lastname
0|Zero|Cool
1|Acid|Burn
2|Cereal|Killer
3|Lord|Nikon
4|Joey|
5|Zero|Cool
(6 rows)
OCTO> truncate table names;
TRUNCATE TABLE
OCTO> select * from names;
id|firstname|lastname
(0 rows)
OCTO> select * from customers;
customer_id|first_name|last_name|email|address|city|state|zipcode
1|George|Washington|gwashington@usa.gov|3200 Mt Vernon Hwy|Mount Vernon|VA|22121
2|John|Adams|jadams@usa.gov|1250 Hancock St|Quincy|MA|02169
3|Thomas|Jefferson|tjefferson@usa.gov|931 Thomas Jefferson Pkwy|Charlottesville|VA|22902
4|James|Madison|jmadison@usa.gov|11350 Constitution Hwy|Orange|VA|22960
5|James|Monroe|jmonroe@usa.gov|2050 James Monroe Parkway|Charlottesville|VA|22902
(5 rows)
OCTO> select * from orders;
order_id|order_date|order_amount|customer_id
1|07/04/1776|$234.56|1
2|03/14/1760|$78.50|3
3|05/23/1784|$124.00|2
4|09/03/1790|$65.50|3
5|07/21/1795|$25.50|10
6|11/27/1787|$14.40|9
(6 rows)
OCTO> truncate table customers, orders;
TRUNCATE TABLE
OCTO> select * from customers;
customer_id|first_name|last_name|email|address|city|state|zipcode
(0 rows)
OCTO> select * from orders;
order_id|order_date|order_amount|customer_id
(0 rows)
OCTO> truncate table badtable, notgoodtable, missingtable;
[ERROR] PATH:LINENUM DATE TIME: ERR_UNKNOWN_TABLE: Unknown table: badtable
OCTO> 
