
-- TU001 : OCTO579 : Test various errors in UPDATE

select '-- Test of ERR_TABLE_UNKNOWN_COLUMN_NAME error using a regular column';
update names set abcd = 2;

select '-- Test of ERR_TABLE_UNKNOWN_COLUMN_NAME error using a hidden key column';
create table tmp (name varchar);
update tmp set `%yo_keycol` = 2;
drop table tmp;

select '-- Test of ERR_MISSING_FROM_ENTRY';
update names n1 set firstname = 'abcd' where names.id = 2;

select '-- Test of ERR_TABLE_READONLY error against various catalog tables';
update octoOneRowTable set oid = oid + 1;
update pg_catalog.pg_namespace set nspname = nspname || 'abcd' where NULL != NULL;
update pg_catalog.pg_type set oid = oid + 1;
update pg_catalog.pg_class set oid = oid + 1;
update pg_catalog.pg_description set oid = oid + 1;
update information_schema.tables set oid = oid + 1 where NULL = NULL;
update pg_catalog.pg_proc set oid = oid + 1;
update pg_catalog.pg_attribute set oid = oid + 1;
update pg_catalog.pg_attrdef set oid = oid + 1;
update pg_catalog.pg_settings set name = 'efgh';
update pg_catalog.pg_database set oid = oid + 1;
update pg_catalog.pg_roles set oid = oid + 1;
update pg_catalog.pg_user set usersysid = usersysid + 1;

select '-- Test of ERR_TABLE_READONLY error in a table created with READONLY';
create table test1 (id INTEGER PRIMARY KEY, firstname VARCHAR) READONLY;
update test1 set firstname = 'efgh';
drop table test1;

select '-- Test same table created with READWRITE works fine with UPDATE';
create table test1 (id INTEGER PRIMARY KEY, firstname VARCHAR) READWRITE;
insert into test1 values (1, 'abcd');
update test1 set firstname = 'efgh';
select * from test1;
drop table test1;

select '-- Test of ERR_TABLE_READONLY error in a table created with READONLY implicitly assumed';
create table test1 (id INTEGER PRIMARY KEY, firstname VARCHAR DELIM "", lastname VARCHAR DELIM "");
update test1 set id = id + 1;
drop table test1;

select '-- Test of ERR_TYPE_NOT_COMPATIBLE error';
update names set id = id + 1 where firstname;

select '-- Test of ERR_TYPE_MISMATCH error';
update names set firstname = 2;
update names set firstname = lastname, id = lastname;
update names set firstname = lastname, lastname = id;
update names set firstname = (select id from names);

select '-- Test of various syntax errors (SET clause not specified etc.)';
update names where lastname = firstname;
update names set firstname != 'abcd' ;
update names set id * 2 = 3;
update names set where firstname = lastname;
update names set id = id + where firstname = lastname;

select '-- Test of ERR_UNKNOWN_TABLE error';
update abcd set id = 2;

select '-- Test of ERR_DUPLICATE_COLUMN error';
update names set id = 2, id = 3;
update names set id = 2, firstname = 'abcd', id = 3;
update names set id = 2, firstname = 'abcd', lastname = 'efgh', firstname = 'xyz';
update names set id = 2, firstname = 'abcd', firstname = 'efgh', id = 5;

select '-- Test case where ERR_DUPLICATE_COLUMN error is issued even if ERR_TABLE_UNKNOWN_COLUMN_NAME error also exists';
update names set id = 2, firstname = 'abcd', abcd = 4, id = 5;

select '-- Test case where ERR_TABLE_UNKNOWN_COLUMN_NAME error is issued even if ERR_DUPLICATE_COLUMN error also exists';
update names set firstname = 'abcd', abcd = 4, id = 4, id = 5;

select '-- Test of ERR_SUBQUERY_ONE_COLUMN error';
update names set firstname = (select firstname,lastname from names limit 1);

select '-- Test of ERR_SUBQUERY_MULTIPLE_ROWS error';
update names set firstname = (select firstname from names);

select '-- Test of simple ERR_VARCHAR_TOO_LONG error';
create table test1 (column1 VARCHAR(3));
insert into test1 values ('a');
update test1 set column1 = 'abcd';	-- 4 ascii characters
select * from test1;
update test1 set column1 = 'ＡＢＣＤ';	-- 4 utf-8 characters
select * from test1;
drop table test1;

select '-- Test of fancy ERR_VARCHAR_TOO_LONG error';
select '-- Test that VARCHAR(4) does not allow 7 character strings to be stored if not all last 3 characters are spaces.';
create table test1 (column1 VARCHAR(4));
insert into test1 values ('a');
select * from test1;
update test1 set column1 = 'abcd  e';
select * from test1;
update test1 set column1 = 'abcd e ';
select * from test1;
update test1 set column1 = 'abcde  ';
select * from test1;
update test1 set column1 = 'ＡＢＣＤ  Ｅ';
select * from test1;
update test1 set column1 = 'ＡＢＣＤ Ｅ ';
select * from test1;
update test1 set column1 = 'ＡＢＣＤＥ  ';
select * from test1;
drop table test1;

select '-- Test of fancier ERR_VARCHAR_TOO_LONG error';
select '-- Test that an over length value when typecast to varchar(N) will be truncated to N characters';
select '-- And that and an error will be issued if N is over length compared to the maximum column size';
create table test1 (column1 character(4));
insert into test1 values ('a');
update test1 set column1 = '|' || 'abcd'::varchar(3) || '|';
select * from test1;
update test1 set column1 = '|' || 'ＡＢＣＤ'::varchar(3) || '|';
select * from test1;
drop table test1;

select '-- Test of ERR_NUMERIC_OVERFLOW';
create table test1 (column1 NUMERIC(2,1));
insert into test1 values (0);
update test1 set column1 = 10;
update test1 set column1 = -10;
update test1 set column1 = 9.99;
update test1 set column1 = -9.99;
drop table test1;

select '-- Test of ERR_VARCHAR_TOO_LONG midway in the UPDATE';
create table test1 (column1 VARCHAR(3));
insert into test1 values ('a'), ('ab'), ('abc'), ('b');
update test1 set column1 = column1 || '#';
select '-- Verify that no rows are updated at the end';
select * from test1;
drop table test1;
select '-- Test that valid queries work fine after an UPDATE query that had an error midway';
select * from names where id = 4;

select '-- Test of ERR_VARCHAR_TOO_LONG error on a PRIMARY KEY column';
select '-- Test of https://gitlab.com/YottaDB/DBMS/YDBOcto/-/issues/579#note_1031134291';
select '-- Test that VARCHAR(4) does not allow 5 character strings to be stored';
drop table if exists products;
create table products (name VARCHAR(4) PRIMARY KEY);
select '-- Expect NO error from INSERT INTO when inserting 4-character string';
insert into products values ('abcd');
select '-- Expect ERR_VARCHAR_TOO_LONG error from INSERT INTO when inserting 5-character string';
insert into products values ('abcde');
select '-- Expect ERR_VARCHAR_TOO_LONG error from UPDATE when updating 4-character string to a 5-character string';
update products set name = 'abcde' where name = 'abcd';
select '-- Expect only 1 row from SELECT * containing 4-character string; Should not see 5-character string';
select * from products;

select '-- Test of ERR_DUPLICATE_KEY_VALUE on names database';
update names set id = id + 1;
update names set id = id + 1 where id = 4 OR id = 5;

select '-- Test ERR_DUPLICATE_KEY_VALUE error is not issued if OR operands are swapped';
update names set id = id + 1 where id = 5 OR id = 4;
select * from names;

select '-- Test of ERR_DUPLICATE_KEY_VALUE on composite database';
update composite set id0 = 1 where name = 'Name9';

select '-- Test of ERR_NULL_COL_VALUE on names database';
update names set id = NULL;
update names set id = NULL where id = 5;

select '-- Test of ERR_NULL_COL_VALUE on composite database';
update composite set id0 = NULL;
update composite set id3 = id3, id7 = NULL, id0 = id0;

???
-- Test of ERR_TABLE_UNKNOWN_COLUMN_NAME error using a regular column
(1 row)
[ERROR]: ERR_TABLE_UNKNOWN_COLUMN_NAME: Column 'ABCD' of table 'NAMES' does not exist
LINE 1: update names set abcd = 2;
                         ^^^^
???
-- Test of ERR_TABLE_UNKNOWN_COLUMN_NAME error using a hidden key column
(1 row)
CREATE TABLE
[ERROR]: ERR_TABLE_UNKNOWN_COLUMN_NAME: Column '%YO_KEYCOL' of table 'TMP' does not exist
LINE 1: update tmp set `%yo_keycol` = 2;
                                  ^
DROP TABLE
???
-- Test of ERR_MISSING_FROM_ENTRY
(1 row)
[ERROR]: ERR_MISSING_FROM_ENTRY: Missing FROM-clause entry for table : NAMES
LINE 1: update names n1 set firstname = 'abcd' where names.id = 2;
                                                     ^^^^^^^^
???
-- Test of ERR_TABLE_READONLY error against various catalog tables
(1 row)
[ERROR]: ERR_TABLE_READONLY: UPDATE not allowed on READONLY table 'OCTOONEROWTABLE'. Only allowed on READWRITE tables.
[ERROR]: ERR_TABLE_READONLY: UPDATE not allowed on READONLY table 'PG_CATALOG.PG_NAMESPACE'. Only allowed on READWRITE tables.
[ERROR]: ERR_TABLE_READONLY: UPDATE not allowed on READONLY table 'PG_CATALOG.PG_TYPE'. Only allowed on READWRITE tables.
[ERROR]: ERR_TABLE_READONLY: UPDATE not allowed on READONLY table 'PG_CATALOG.PG_CLASS'. Only allowed on READWRITE tables.
[ERROR]: ERR_TABLE_READONLY: UPDATE not allowed on READONLY table 'PG_CATALOG.PG_DESCRIPTION'. Only allowed on READWRITE tables.
[ERROR]: ERR_TABLE_READONLY: UPDATE not allowed on READONLY table 'INFORMATION_SCHEMA.TABLES'. Only allowed on READWRITE tables.
[ERROR]: ERR_TABLE_READONLY: UPDATE not allowed on READONLY table 'PG_CATALOG.PG_PROC'. Only allowed on READWRITE tables.
[ERROR]: ERR_TABLE_READONLY: UPDATE not allowed on READONLY table 'PG_CATALOG.PG_ATTRIBUTE'. Only allowed on READWRITE tables.
[ERROR]: ERR_TABLE_READONLY: UPDATE not allowed on READONLY table 'PG_CATALOG.PG_ATTRDEF'. Only allowed on READWRITE tables.
[ERROR]: ERR_TABLE_READONLY: UPDATE not allowed on READONLY table 'PG_CATALOG.PG_SETTINGS'. Only allowed on READWRITE tables.
[ERROR]: ERR_TABLE_READONLY: UPDATE not allowed on READONLY table 'PG_CATALOG.PG_DATABASE'. Only allowed on READWRITE tables.
[ERROR]: ERR_TABLE_READONLY: UPDATE not allowed on READONLY table 'PG_CATALOG.PG_ROLES'. Only allowed on READWRITE tables.
[ERROR]: ERR_TABLE_READONLY: UPDATE not allowed on READONLY table 'PG_CATALOG.PG_USER'. Only allowed on READWRITE tables.
???
-- Test of ERR_TABLE_READONLY error in a table created with READONLY
(1 row)
CREATE TABLE
[ERROR]: ERR_TABLE_READONLY: UPDATE not allowed on READONLY table 'TEST1'. Only allowed on READWRITE tables.
DROP TABLE
???
-- Test same table created with READWRITE works fine with UPDATE
(1 row)
CREATE TABLE
INSERT 0 1
UPDATE 1
ID|FIRSTNAME
1|efgh
(1 row)
DROP TABLE
???
-- Test of ERR_TABLE_READONLY error in a table created with READONLY implicitly assumed
(1 row)
CREATE TABLE
[ERROR]: ERR_TABLE_READONLY: UPDATE not allowed on READONLY table 'TEST1'. Only allowed on READWRITE tables.
DROP TABLE
???
-- Test of ERR_TYPE_NOT_COMPATIBLE error
(1 row)
[ERROR]: ERR_TYPE_NOT_COMPATIBLE: Type VARCHAR not compatible for boolean operations
LINE 1: update names set id = id + 1 where firstname;
                                           ^^^^^^^^^
???
-- Test of ERR_TYPE_MISMATCH error
(1 row)
[ERROR]: ERR_TYPE_MISMATCH: Type mismatch: left VARCHAR, right INTEGER
LINE 1: update names set firstname = 2;
                         ^^^^^^^^^
LINE 1: update names set firstname = 2;
                                     ^
[ERROR]: ERR_TYPE_MISMATCH: Type mismatch: left INTEGER, right VARCHAR
LINE 1: update names set firstname = lastname, id = lastname;
                                               ^^
LINE 1: update names set firstname = lastname, id = lastname;
                                                    ^^^^^^^^
[ERROR]: ERR_TYPE_MISMATCH: Type mismatch: left VARCHAR, right INTEGER
LINE 1: update names set firstname = lastname, lastname = id;
                                               ^^^^^^^^
LINE 1: update names set firstname = lastname, lastname = id;
                                                          ^^
[ERROR]: ERR_TYPE_MISMATCH: Type mismatch: left VARCHAR, right INTEGER
LINE 1: update names set firstname = (select id from names);
                         ^^^^^^^^^
LINE 1: update names set firstname = (select id from names);
                                      ^^^^^^
???
-- Test of various syntax errors (SET clause not specified etc.)
(1 row)
LINE 1: update names where lastname = firstname;
                     ^^^^^
syntax error, unexpected WHERE, expecting IDENTIFIER_ALONE or LITERAL
LINE 1: update names set firstname != 'abcd' ;
                                   ^^
syntax error, unexpected NOT_EQUALS, expecting EQUALS
LINE 1: update names set id * 2 = 3;
                            ^
syntax error, unexpected ASTERISK, expecting EQUALS
LINE 1: update names set where firstname = lastname;
                         ^^^^^
syntax error, unexpected WHERE
LINE 1: update names set id = id + where firstname = lastname;
                                   ^^^^^
syntax error, unexpected WHERE
???
-- Test of ERR_UNKNOWN_TABLE error
(1 row)
[ERROR]: ERR_UNKNOWN_TABLE: Unknown table: ABCD
LINE 1: update abcd set id = 2;
               ^^^^
???
-- Test of ERR_DUPLICATE_COLUMN error
(1 row)
[ERROR]: ERR_DUPLICATE_COLUMN: Column 'ID' specified more than once
LINE 1: update names set id = 2, id = 3;
                                 ^^
[ERROR]: ERR_DUPLICATE_COLUMN: Column 'ID' specified more than once
LINE 1: update names set id = 2, firstname = 'abcd', id = 3;
                                                     ^^
[ERROR]: ERR_DUPLICATE_COLUMN: Column 'FIRSTNAME' specified more than once
LINE 1: ... = 2, firstname = 'abcd', lastname = 'efgh', firstname = 'xyz';
                                                        ^^^^^^^^^
[ERROR]: ERR_DUPLICATE_COLUMN: Column 'ID' specified more than once
LINE 1: ...ames set id = 2, firstname = 'abcd', firstname = 'efgh', id = 5;
                                                                    ^^
???
-- Test case where ERR_DUPLICATE_COLUMN error is issued even if ERR_TABLE_UNKNOWN_COLUMN_NAME error also exists
(1 row)
[ERROR]: ERR_DUPLICATE_COLUMN: Column 'ID' specified more than once
LINE 1: update names set id = 2, firstname = 'abcd', abcd = 4, id = 5;
                                                               ^^
???
-- Test case where ERR_TABLE_UNKNOWN_COLUMN_NAME error is issued even if ERR_DUPLICATE_COLUMN error also exists
(1 row)
[ERROR]: ERR_TABLE_UNKNOWN_COLUMN_NAME: Column 'ABCD' of table 'NAMES' does not exist
LINE 1: update names set firstname = 'abcd', abcd = 4, id = 4, id = 5;
                                             ^^^^
???
-- Test of ERR_SUBQUERY_ONE_COLUMN error
(1 row)
[ERROR]: ERR_SUBQUERY_ONE_COLUMN: Subquery must return only one column
LINE 1: ...pdate names set firstname = (select firstname,lastname from name...
                                        ^^^^^^
???
-- Test of ERR_SUBQUERY_MULTIPLE_ROWS error
(1 row)
[ERROR]: ERR_SUBQUERY_MULTIPLE_ROWS: More than one row returned by a subquery used as an expression
???
-- Test of simple ERR_VARCHAR_TOO_LONG error
(1 row)
CREATE TABLE
INSERT 0 1
[ERROR]: ERR_VARCHAR_TOO_LONG: Value too long for type VARCHAR(3)
COLUMN1
a
(1 row)
[ERROR]: ERR_VARCHAR_TOO_LONG: Value too long for type VARCHAR(3)
COLUMN1
a
(1 row)
DROP TABLE
???
-- Test of fancy ERR_VARCHAR_TOO_LONG error
(1 row)
???
-- Test that VARCHAR(4) does not allow 7 character strings to be stored if not all last 3 characters are spaces.
(1 row)
CREATE TABLE
INSERT 0 1
COLUMN1
a
(1 row)
[ERROR]: ERR_VARCHAR_TOO_LONG: Value too long for type VARCHAR(4)
COLUMN1
a
(1 row)
[ERROR]: ERR_VARCHAR_TOO_LONG: Value too long for type VARCHAR(4)
COLUMN1
a
(1 row)
[ERROR]: ERR_VARCHAR_TOO_LONG: Value too long for type VARCHAR(4)
COLUMN1
a
(1 row)
[ERROR]: ERR_VARCHAR_TOO_LONG: Value too long for type VARCHAR(4)
COLUMN1
a
(1 row)
[ERROR]: ERR_VARCHAR_TOO_LONG: Value too long for type VARCHAR(4)
COLUMN1
a
(1 row)
[ERROR]: ERR_VARCHAR_TOO_LONG: Value too long for type VARCHAR(4)
COLUMN1
a
(1 row)
DROP TABLE
???
-- Test of fancier ERR_VARCHAR_TOO_LONG error
(1 row)
???
-- Test that an over length value when typecast to varchar(N) will be truncated to N characters
(1 row)
???
-- And that and an error will be issued if N is over length compared to the maximum column size
(1 row)
CREATE TABLE
INSERT 0 1
[ERROR]: ERR_VARCHAR_TOO_LONG: Value too long for type VARCHAR(4)
COLUMN1
a
(1 row)
[ERROR]: ERR_VARCHAR_TOO_LONG: Value too long for type VARCHAR(4)
COLUMN1
a
(1 row)
DROP TABLE
???
-- Test of ERR_NUMERIC_OVERFLOW
(1 row)
CREATE TABLE
INSERT 0 1
[ERROR]: ERR_NUMERIC_OVERFLOW: Numeric field overflow; A field with precision 2, scale 1 must round to an absolute value less than 10^1
[ERROR]: ERR_NUMERIC_OVERFLOW: Numeric field overflow; A field with precision 2, scale 1 must round to an absolute value less than 10^1
[ERROR]: ERR_NUMERIC_OVERFLOW: Numeric field overflow; A field with precision 2, scale 1 must round to an absolute value less than 10^1
[ERROR]: ERR_NUMERIC_OVERFLOW: Numeric field overflow; A field with precision 2, scale 1 must round to an absolute value less than 10^1
DROP TABLE
???
-- Test of ERR_VARCHAR_TOO_LONG midway in the UPDATE
(1 row)
CREATE TABLE
INSERT 0 4
[ERROR]: ERR_VARCHAR_TOO_LONG: Value too long for type VARCHAR(3)
???
-- Verify that no rows are updated at the end
(1 row)
COLUMN1
a
ab
abc
b
(4 rows)
DROP TABLE
???
-- Test that valid queries work fine after an UPDATE query that had an error midway
(1 row)
ID|FIRSTNAME|LASTNAME
4|Joey|
(1 row)
???
-- Test of ERR_VARCHAR_TOO_LONG error on a PRIMARY KEY column
(1 row)
???
-- Test of https://gitlab.com/YottaDB/DBMS/YDBOcto/-/issues/579#note_1031134291
(1 row)
???
-- Test that VARCHAR(4) does not allow 5 character strings to be stored
(1 row)
DROP TABLE
CREATE TABLE
???
-- Expect NO error from INSERT INTO when inserting 4-character string
(1 row)
INSERT 0 1
???
-- Expect ERR_VARCHAR_TOO_LONG error from INSERT INTO when inserting 5-character string
(1 row)
[ERROR]: ERR_VARCHAR_TOO_LONG: Value too long for type VARCHAR(4)
???
-- Expect ERR_VARCHAR_TOO_LONG error from UPDATE when updating 4-character string to a 5-character string
(1 row)
[ERROR]: ERR_VARCHAR_TOO_LONG: Value too long for type VARCHAR(4)
???
-- Expect only 1 row from SELECT * containing 4-character string; Should not see 5-character string
(1 row)
NAME
abcd
(1 row)
???
-- Test of ERR_DUPLICATE_KEY_VALUE on names database
(1 row)
[ERROR]: ERR_DUPLICATE_KEY_VALUE: Duplicate Key Value violates UNIQUE constraint NAMES_PKEY : Key (ID)=(1) already exists
[ERROR]: ERR_DUPLICATE_KEY_VALUE: Duplicate Key Value violates UNIQUE constraint NAMES_PKEY : Key (ID)=(5) already exists
???
-- Test ERR_DUPLICATE_KEY_VALUE error is not issued if OR operands are swapped
(1 row)
UPDATE 2
ID|FIRSTNAME|LASTNAME
0|Zero|Cool
1|Acid|Burn
2|Cereal|Killer
3|Lord|Nikon
5|Joey|
6|Zero|Cool
(6 rows)
???
-- Test of ERR_DUPLICATE_KEY_VALUE on composite database
(1 row)
[ERROR]: ERR_DUPLICATE_KEY_VALUE: Duplicate Key Value violates UNIQUE constraint COMPOSITE_PKEY : Key (ID0, ID1, ID2, ID3, ID4, ID5, ID6, ID7)=(1, 2, 3, 4, 5, 6, 8, 7) already exists
???
-- Test of ERR_NULL_COL_VALUE on names database
(1 row)
[ERROR]: ERR_NULL_COL_VALUE: NULL value in column ID violates NOT NULL constraint
[ERROR]: ERR_NULL_COL_VALUE: NULL value in column ID violates NOT NULL constraint
???
-- Test of ERR_NULL_COL_VALUE on composite database
(1 row)
[ERROR]: ERR_NULL_COL_VALUE: NULL value in column ID0 violates NOT NULL constraint
[ERROR]: ERR_NULL_COL_VALUE: NULL value in column ID7 violates NOT NULL constraint
