-- TVD0011 : YDBOctoVistA#34 VistA Functions need to handle SQL NULL
select CURRTIMESTAMP((select null)) IS NULL as CURRTIMESTAMP;
select GETDATE((select null)) IS NULL as GETDATE;
select DATEFORMAT((select null)) IS NULL as DATEFORMAT1;
select DATEFORMAT((select null),'5Z') IS NULL as DATEFORMAT2;
select FMGET(200,.01,(select null)) IS NULL as FMGET1;
select FMGET(200,.01,(select null),(select null)) IS NULL as FMGET2;
select FMGET(200,.01,1,(select null),(select null)) IS NULL as FMGET3;
select IFNULL((select null),'foo') IS NULL as IFNULL;
select LEFTY((select null),5) IS NULL as LEFTY;
select MPIECE((select null),'^',1) IS NULL as MPIECE;
select NUMBER((select null)) IS NULL as NUMBER;
select PATINDEX((select null), 'A') IS NULL as PATINDEX;
select REPLACE((select null), 'A', 'B') IS NULL as REPLACE;
select RIGHTY((select null),5) IS NULL as RIGHTY;
select TOKEN((select null),'^',1) IS NULL as TOKEN;
select FMDIFF((select null),(select null),(select null)) IS NULL as FMDIFF;
select FMADD((select null),1,2,3,4) IS NULL as FMADD;
currtimestamp
1
(1 row)
getdate
1
(1 row)
dateformat1
1
(1 row)
dateformat2
1
(1 row)
fmget1
1
(1 row)
fmget2
1
(1 row)
fmget3
1
(1 row)
ifnull
0
(1 row)
lefty
1
(1 row)
mpiece
1
(1 row)
number
1
(1 row)
patindex
1
(1 row)
replace
1
(1 row)
righty
1
(1 row)
token
1
(1 row)
fmdiff
1
(1 row)
fmadd
1
(1 row)
