
-- TW06 : WHERE clause checking if a column IS NULL/IS NOT NULL

SELECT * FROM names WHERE lastName IS NULL;
SELECT * FROM names WHERE lastName IS NOT NULL;

id|firstname|lastname
4|Joey|
(1 row)
id|firstname|lastname
0|Zero|Cool
1|Acid|Burn
2|Cereal|Killer
3|Lord|Nikon
5|Zero|Cool
(5 rows)
