
-- TW26 : OCTO790 : Octo incorrectly issues ERR_SUBQUERY_MULTIPLE_ROWS error
-- Below are queries pasted from https://gitlab.com/YottaDB/DBMS/YDBOcto/-/issues/790#description.
-- Without the code fixes for YDBOcto#790, the 3rd query below used to incorrectly issue an ERR_SUBQUERY_MULTIPLE_ROWS error.

SELECT * FROM names a WHERE a.firstName != (SELECT b.firstName FROM names b WHERE a.id = (b.id + 2));
SELECT * FROM names a WHERE a.firstName != (SELECT NULL from names limit 2);
SELECT * FROM names a WHERE a.firstName != (SELECT b.firstName FROM names b WHERE a.id = (b.id + 2));
SELECT * FROM names a WHERE a.firstName != (SELECT b.firstName FROM names b WHERE a.id = (b.id + 2));

OCTO> SELECT * FROM names a WHERE a.firstName != (SELECT b.firstName FROM names b WHERE a.id = (b.id + 2));
id|firstname|lastname
2|Cereal|Killer
3|Lord|Nikon
4|Joey|
5|Zero|Cool
(4 rows)
OCTO> SELECT * FROM names a WHERE a.firstName != (SELECT NULL from names limit 2);
[ERROR]: ERR_SUBQUERY_MULTIPLE_ROWS: More than one row returned by a subquery used as an expression
OCTO> SELECT * FROM names a WHERE a.firstName != (SELECT b.firstName FROM names b WHERE a.id = (b.id + 2));
id|firstname|lastname
2|Cereal|Killer
3|Lord|Nikon
4|Joey|
5|Zero|Cool
(4 rows)
OCTO> SELECT * FROM names a WHERE a.firstName != (SELECT b.firstName FROM names b WHERE a.id = (b.id + 2));
id|firstname|lastname
2|Cereal|Killer
3|Lord|Nikon
4|Joey|
5|Zero|Cool
(4 rows)
OCTO> 
