select * from names where id >= 1;
select * from names where id >= 1 and id < 3;
select * from names where id < 3 and id >= 1;
select * from names where id >= 1 and id <= 4;
select * from names where id <= 4 and id >= 1;
select * from names where id >= 1 or id < 5;
select * from names where id >= 1 or id <= 5;
id|firstname|lastname
1|Acid|Burn
2|Cereal|Killer
3|Lord|Nikon
4|Joey|
5|Zero|Cool
(5 rows)
id|firstname|lastname
1|Acid|Burn
2|Cereal|Killer
(2 rows)
id|firstname|lastname
1|Acid|Burn
2|Cereal|Killer
(2 rows)
id|firstname|lastname
1|Acid|Burn
2|Cereal|Killer
3|Lord|Nikon
4|Joey|
(4 rows)
id|firstname|lastname
1|Acid|Burn
2|Cereal|Killer
3|Lord|Nikon
4|Joey|
(4 rows)
id|firstname|lastname
1|Acid|Burn
2|Cereal|Killer
3|Lord|Nikon
4|Joey|
5|Zero|Cool
0|Zero|Cool
(6 rows)
id|firstname|lastname
1|Acid|Burn
2|Cereal|Killer
3|Lord|Nikon
4|Joey|
5|Zero|Cool
0|Zero|Cool
(6 rows)
